{
  "pools": [
    {
      "rolls": 1,
      "entries": [
        {
          "type": "item",
          "weight": 1,
          "name": "minecraft:leather_chestplate",
          "functions": [
            {
              "function": "set_count",
              "count": 1
            },
            {
              "function": "minecraft:set_nbt",
              "tag": "{display:{Name:'{\"text\":\"Desert Chestplate\",\"color\":\"gold\",\"italic\":false}',Lore:['{\"text\":\" \"}','{\"text\":\"Ability:\",\"color\":\"green\",\"italic\":false}','{\"text\":\"Wearer gains 4 health after killing a mob.\",\"color\":\"gray\",\"italic\":false}','{\"text\":\"Gains additional 4 health and Strength II\",\"color\":\"gray\",\"italic\":false}','{\"text\":\"for 10 seconds after a player kill.\",\"color\":\"gray\",\"italic\":false}'],color:16771415},HideFlags:64,RepairCost:99999,Unbreakable:1b,armor:desert_chestplate}"
            },
            {
              "function": "minecraft:set_enchantments",
              "enchantments": {
                "minecraft:protection": {
                  "min": 2,
                  "max": 6
                },
                "minecraft:projectile_protection": {
                  "min": 3,
                  "max": 9
                },
                "minecraft:blast_protection": {
                  "min": 5,
                  "max": 10
                },
                "minecraft:fire_protection": {
                  "min": 1,
                  "max": 10
                }
              }
            },
            {
              "function": "minecraft:set_nbt",
              "tag": "{Unbreakable:1}"
            },
            {
              "function": "minecraft:set_attributes",
              "modifiers": [
                {
                  "attribute": "minecraft:generic.knockback_resistance",
                  "name": "minecraft:generic.knockback_resistance",
                  "amount": 0.1,
                  "operation": "addition",
                  "slot": "chest"
                },
                {
                  "attribute": "minecraft:generic.max_health",
                  "name": "minecraft:generic.max_health",
                  "amount": 5,
                  "operation": "addition",
                  "slot": "chest"
                },
                {
                  "attribute": "minecraft:generic.attack_speed",
                  "name": "minecraft:generic.attack_speed",
                  "amount": 0.1,
                  "operation": "multiply_base",
                  "slot": "chest"
                },
                {
                  "attribute": "minecraft:generic.armor_toughness",
                  "name": "minecraft:generic.armor_toughness",
                  "amount": 3,
                  "operation": "addition",
                  "slot": "chest"
                },
                {
                  "attribute": "minecraft:generic.armor",
                  "name": "minecraft:generic.armor",
                  "amount": 8,
                  "operation": "addition",
                  "slot": "chest"
                }
              ]
            }
          ]
        },
        {
          "type": "item",
          "weight": 1,
          "name": "minecraft:leather_chestplate",
          "functions": [
            {
              "function": "set_count",
              "count": 1
            },
            {
              "function": "minecraft:set_nbt",
              "tag": "{display:{Name:'{\"text\":\"Desert Chestplate\",\"color\":\"gold\",\"italic\":false}',Lore:['{\"text\":\" \"}','{\"text\":\"Ability:\",\"color\":\"green\",\"italic\":false}','{\"text\":\"Wearer gains 4 health after killing a mob.\",\"color\":\"gray\",\"italic\":false}','{\"text\":\"Gains additional 4 health and Strength II\",\"color\":\"gray\",\"italic\":false}','{\"text\":\"for 10 seconds after a player kill.\",\"color\":\"gray\",\"italic\":false}'],color:16771415},HideFlags:64,RepairCost:99999,Unbreakable:1b,armor:desert_chestplate}"
            },
            {
              "function": "minecraft:set_enchantments",
              "enchantments": {
                "minecraft:protection": {
                  "min": 2,
                  "max": 6
                },
                "minecraft:projectile_protection": {
                  "min": 3,
                  "max": 9
                },
                "minecraft:blast_protection": {
                  "min": 5,
                  "max": 10
                },
                "minecraft:fire_protection": {
                  "min": 1,
                  "max": 10
                }
              }
            },
            {
              "function": "minecraft:set_nbt",
              "tag": "{Unbreakable:1}"
            },
            {
              "function": "minecraft:set_attributes",
              "modifiers": [
                {
                  "attribute": "minecraft:generic.knockback_resistance",
                  "name": "minecraft:generic.knockback_resistance",
                  "amount": 0.1,
                  "operation": "addition",
                  "slot": "chest"
                },
                {
                  "attribute": "minecraft:generic.max_health",
                  "name": "minecraft:generic.max_health",
                  "amount": 5,
                  "operation": "addition",
                  "slot": "chest"
                },
                {
                  "attribute": "minecraft:generic.attack_speed",
                  "name": "minecraft:generic.attack_speed",
                  "amount": 0.1,
                  "operation": "multiply_base",
                  "slot": "chest"
                },
                {
                  "attribute": "minecraft:generic.armor_toughness",
                  "name": "minecraft:generic.armor_toughness",
                  "amount": 3.5,
                  "operation": "addition",
                  "slot": "chest"
                },
                {
                  "attribute": "minecraft:generic.armor",
                  "name": "minecraft:generic.armor",
                  "amount": 8.5,
                  "operation": "addition",
                  "slot": "chest"
                }
              ]
            }
          ]
        },
        {
          "type": "item",
          "weight": 1,
          "name": "minecraft:leather_chestplate",
          "functions": [
            {
              "function": "set_count",
              "count": 1
            },
            {
              "function": "minecraft:set_nbt",
              "tag": "{display:{Name:'{\"text\":\"Desert Chestplate\",\"color\":\"gold\",\"italic\":false}',Lore:['{\"text\":\" \"}','{\"text\":\"Ability:\",\"color\":\"green\",\"italic\":false}','{\"text\":\"Wearer gains 4 health after killing a mob.\",\"color\":\"gray\",\"italic\":false}','{\"text\":\"Gains additional 4 health and Strength II\",\"color\":\"gray\",\"italic\":false}','{\"text\":\"for 10 seconds after a player kill.\",\"color\":\"gray\",\"italic\":false}'],color:16771415},HideFlags:64,RepairCost:99999,Unbreakable:1b,armor:desert_chestplate}"
            },
            {
              "function": "minecraft:set_enchantments",
              "enchantments": {
                "minecraft:protection": {
                  "min": 2,
                  "max": 6
                },
                "minecraft:projectile_protection": {
                  "min": 3,
                  "max": 9
                },
                "minecraft:blast_protection": {
                  "min": 5,
                  "max": 10
                },
                "minecraft:fire_protection": {
                  "min": 1,
                  "max": 10
                }
              }
            },
            {
              "function": "minecraft:set_nbt",
              "tag": "{Unbreakable:1}"
            },
            {
              "function": "minecraft:set_attributes",
              "modifiers": [
                {
                  "attribute": "minecraft:generic.knockback_resistance",
                  "name": "minecraft:generic.knockback_resistance",
                  "amount": 0.1,
                  "operation": "addition",
                  "slot": "chest"
                },
                {
                  "attribute": "minecraft:generic.max_health",
                  "name": "minecraft:generic.max_health",
                  "amount": 5,
                  "operation": "addition",
                  "slot": "chest"
                },
                {
                  "attribute": "minecraft:generic.attack_speed",
                  "name": "minecraft:generic.attack_speed",
                  "amount": 0.1,
                  "operation": "multiply_base",
                  "slot": "chest"
                },
                {
                  "attribute": "minecraft:generic.armor_toughness",
                  "name": "minecraft:generic.armor_toughness",
                  "amount": 4,
                  "operation": "addition",
                  "slot": "chest"
                },
                {
                  "attribute": "minecraft:generic.armor",
                  "name": "minecraft:generic.armor",
                  "amount": 9,
                  "operation": "addition",
                  "slot": "chest"
                }
              ]
            }
          ]
        },
        {
          "type": "item",
          "weight": 1,
          "name": "minecraft:leather_chestplate",
          "functions": [
            {
              "function": "set_count",
              "count": 1
            },
            {
              "function": "minecraft:set_nbt",
              "tag": "{display:{Name:'{\"text\":\"Desert Chestplate\",\"color\":\"gold\",\"italic\":false}',Lore:['{\"text\":\" \"}','{\"text\":\"Ability:\",\"color\":\"green\",\"italic\":false}','{\"text\":\"Wearer gains 4 health after killing a mob.\",\"color\":\"gray\",\"italic\":false}','{\"text\":\"Gains additional 4 health and Strength II\",\"color\":\"gray\",\"italic\":false}','{\"text\":\"for 10 seconds after a player kill.\",\"color\":\"gray\",\"italic\":false}'],color:16771415},HideFlags:64,RepairCost:99999,Unbreakable:1b,armor:desert_chestplate}"
            },
            {
              "function": "minecraft:set_enchantments",
              "enchantments": {
                "minecraft:protection": {
                  "min": 2,
                  "max": 6
                },
                "minecraft:projectile_protection": {
                  "min": 3,
                  "max": 9
                },
                "minecraft:blast_protection": {
                  "min": 5,
                  "max": 10
                },
                "minecraft:fire_protection": {
                  "min": 1,
                  "max": 10
                }
              }
            },
            {
              "function": "minecraft:set_nbt",
              "tag": "{Unbreakable:1}"
            },
            {
              "function": "minecraft:set_attributes",
              "modifiers": [
                {
                  "attribute": "minecraft:generic.knockback_resistance",
                  "name": "minecraft:generic.knockback_resistance",
                  "amount": 0.1,
                  "operation": "addition",
                  "slot": "chest"
                },
                {
                  "attribute": "minecraft:generic.max_health",
                  "name": "minecraft:generic.max_health",
                  "amount": 5,
                  "operation": "addition",
                  "slot": "chest"
                },
                {
                  "attribute": "minecraft:generic.attack_speed",
                  "name": "minecraft:generic.attack_speed",
                  "amount": 0.1,
                  "operation": "multiply_base",
                  "slot": "chest"
                },
                {
                  "attribute": "minecraft:generic.armor_toughness",
                  "name": "minecraft:generic.armor_toughness",
                  "amount": 4.5,
                  "operation": "addition",
                  "slot": "chest"
                },
                {
                  "attribute": "minecraft:generic.armor",
                  "name": "minecraft:generic.armor",
                  "amount": 9.5,
                  "operation": "addition",
                  "slot": "chest"
                }
              ]
            }
          ]
        },
        {
          "type": "item",
          "weight": 1,
          "name": "minecraft:leather_chestplate",
          "functions": [
            {
              "function": "set_count",
              "count": 1
            },
            {
              "function": "minecraft:set_nbt",
              "tag": "{display:{Name:'{\"text\":\"Desert Chestplate\",\"color\":\"gold\",\"italic\":false}',Lore:['{\"text\":\" \"}','{\"text\":\"Ability:\",\"color\":\"green\",\"italic\":false}','{\"text\":\"Wearer gains 4 health after killing a mob.\",\"color\":\"gray\",\"italic\":false}','{\"text\":\"Gains additional 4 health and Strength II\",\"color\":\"gray\",\"italic\":false}','{\"text\":\"for 10 seconds after a player kill.\",\"color\":\"gray\",\"italic\":false}'],color:16771415},HideFlags:64,RepairCost:99999,Unbreakable:1b,armor:desert_chestplate}"
            },
            {
              "function": "minecraft:set_enchantments",
              "enchantments": {
                "minecraft:protection": {
                  "min": 2,
                  "max": 6
                },
                "minecraft:projectile_protection": {
                  "min": 3,
                  "max": 9
                },
                "minecraft:blast_protection": {
                  "min": 5,
                  "max": 10
                },
                "minecraft:fire_protection": {
                  "min": 1,
                  "max": 10
                }
              }
            },
            {
              "function": "minecraft:set_nbt",
              "tag": "{Unbreakable:1}"
            },
            {
              "function": "minecraft:set_attributes",
              "modifiers": [
                {
                  "attribute": "minecraft:generic.knockback_resistance",
                  "name": "minecraft:generic.knockback_resistance",
                  "amount": 0.1,
                  "operation": "addition",
                  "slot": "chest"
                },
                {
                  "attribute": "minecraft:generic.max_health",
                  "name": "minecraft:generic.max_health",
                  "amount": 5,
                  "operation": "addition",
                  "slot": "chest"
                },
                {
                  "attribute": "minecraft:generic.attack_speed",
                  "name": "minecraft:generic.attack_speed",
                  "amount": 0.1,
                  "operation": "multiply_base",
                  "slot": "chest"
                },
                {
                  "attribute": "minecraft:generic.armor_toughness",
                  "name": "minecraft:generic.armor_toughness",
                  "amount": 5,
                  "operation": "addition",
                  "slot": "chest"
                },
                {
                  "attribute": "minecraft:generic.armor",
                  "name": "minecraft:generic.armor",
                  "amount": 10,
                  "operation": "addition",
                  "slot": "chest"
                }
              ]
            }
          ]
        },
        {
          "type": "item",
          "weight": 1,
          "name": "minecraft:leather_chestplate",
          "functions": [
            {
              "function": "set_count",
              "count": 1
            },
            {
              "function": "minecraft:set_nbt",
              "tag": "{display:{Name:'{\"text\":\"Desert Chestplate\",\"color\":\"gold\",\"italic\":false}',Lore:['{\"text\":\" \"}','{\"text\":\"Ability:\",\"color\":\"green\",\"italic\":false}','{\"text\":\"Wearer gains 4 health after killing a mob.\",\"color\":\"gray\",\"italic\":false}','{\"text\":\"Gains additional 4 health and Strength II\",\"color\":\"gray\",\"italic\":false}','{\"text\":\"for 10 seconds after a player kill.\",\"color\":\"gray\",\"italic\":false}'],color:16771415},HideFlags:64,RepairCost:99999,Unbreakable:1b,armor:desert_chestplate}"
            },
            {
              "function": "minecraft:set_enchantments",
              "enchantments": {
                "minecraft:protection": {
                  "min": 2,
                  "max": 6
                },
                "minecraft:projectile_protection": {
                  "min": 3,
                  "max": 9
                },
                "minecraft:blast_protection": {
                  "min": 5,
                  "max": 10
                },
                "minecraft:fire_protection": {
                  "min": 1,
                  "max": 10
                }
              }
            },
            {
              "function": "minecraft:set_nbt",
              "tag": "{Unbreakable:1}"
            },
            {
              "function": "minecraft:set_attributes",
              "modifiers": [
                {
                  "attribute": "minecraft:generic.knockback_resistance",
                  "name": "minecraft:generic.knockback_resistance",
                  "amount": 0.1,
                  "operation": "addition",
                  "slot": "chest"
                },
                {
                  "attribute": "minecraft:generic.max_health",
                  "name": "minecraft:generic.max_health",
                  "amount": 5,
                  "operation": "addition",
                  "slot": "chest"
                },
                {
                  "attribute": "minecraft:generic.attack_speed",
                  "name": "minecraft:generic.attack_speed",
                  "amount": 0.1,
                  "operation": "multiply_base",
                  "slot": "chest"
                },
                {
                  "attribute": "minecraft:generic.armor_toughness",
                  "name": "minecraft:generic.armor_toughness",
                  "amount": 3,
                  "operation": "addition",
                  "slot": "chest"
                },
                {
                  "attribute": "minecraft:generic.armor",
                  "name": "minecraft:generic.armor",
                  "amount": 7,
                  "operation": "addition",
                  "slot": "chest"
                }
              ]
            }
          ]
        },
        {
          "type": "item",
          "weight": 1,
          "name": "minecraft:leather_chestplate",
          "functions": [
            {
              "function": "set_count",
              "count": 1
            },
            {
              "function": "minecraft:set_nbt",
              "tag": "{display:{Name:'{\"text\":\"Desert Chestplate\",\"color\":\"gold\",\"italic\":false}',Lore:['{\"text\":\" \"}','{\"text\":\"Ability:\",\"color\":\"green\",\"italic\":false}','{\"text\":\"Wearer gains 4 health after killing a mob.\",\"color\":\"gray\",\"italic\":false}','{\"text\":\"Gains additional 4 health and Strength II\",\"color\":\"gray\",\"italic\":false}','{\"text\":\"for 10 seconds after a player kill.\",\"color\":\"gray\",\"italic\":false}'],color:16771415},HideFlags:64,RepairCost:99999,Unbreakable:1b,armor:desert_chestplate}"
            },
            {
              "function": "minecraft:set_enchantments",
              "enchantments": {
                "minecraft:protection": {
                  "min": 2,
                  "max": 6
                },
                "minecraft:projectile_protection": {
                  "min": 3,
                  "max": 9
                },
                "minecraft:blast_protection": {
                  "min": 5,
                  "max": 10
                },
                "minecraft:fire_protection": {
                  "min": 1,
                  "max": 10
                }
              }
            },
            {
              "function": "minecraft:set_nbt",
              "tag": "{Unbreakable:1}"
            },
            {
              "function": "minecraft:set_attributes",
              "modifiers": [
                {
                  "attribute": "minecraft:generic.knockback_resistance",
                  "name": "minecraft:generic.knockback_resistance",
                  "amount": 0.1,
                  "operation": "addition",
                  "slot": "chest"
                },
                {
                  "attribute": "minecraft:generic.max_health",
                  "name": "minecraft:generic.max_health",
                  "amount": 5,
                  "operation": "addition",
                  "slot": "chest"
                },
                {
                  "attribute": "minecraft:generic.attack_speed",
                  "name": "minecraft:generic.attack_speed",
                  "amount": 0.1,
                  "operation": "multiply_base",
                  "slot": "chest"
                },
                {
                  "attribute": "minecraft:generic.armor_toughness",
                  "name": "minecraft:generic.armor_toughness",
                  "amount": 3,
                  "operation": "addition",
                  "slot": "chest"
                },
                {
                  "attribute": "minecraft:generic.armor",
                  "name": "minecraft:generic.armor",
                  "amount": 8.5,
                  "operation": "addition",
                  "slot": "chest"
                }
              ]
            }
          ]
        },
        {
          "type": "item",
          "weight": 1,
          "name": "minecraft:leather_chestplate",
          "functions": [
            {
              "function": "set_count",
              "count": 1
            },
            {
              "function": "minecraft:set_nbt",
              "tag": "{display:{Name:'{\"text\":\"Desert Chestplate\",\"color\":\"gold\",\"italic\":false}',Lore:['{\"text\":\" \"}','{\"text\":\"Ability:\",\"color\":\"green\",\"italic\":false}','{\"text\":\"Wearer gains 4 health after killing a mob.\",\"color\":\"gray\",\"italic\":false}','{\"text\":\"Gains additional 4 health and Strength II\",\"color\":\"gray\",\"italic\":false}','{\"text\":\"for 10 seconds after a player kill.\",\"color\":\"gray\",\"italic\":false}'],color:16771415},HideFlags:64,RepairCost:99999,Unbreakable:1b,armor:desert_chestplate}"
            },
            {
              "function": "minecraft:set_enchantments",
              "enchantments": {
                "minecraft:protection": {
                  "min": 2,
                  "max": 6
                },
                "minecraft:projectile_protection": {
                  "min": 3,
                  "max": 9
                },
                "minecraft:blast_protection": {
                  "min": 5,
                  "max": 10
                },
                "minecraft:fire_protection": {
                  "min": 1,
                  "max": 10
                }
              }
            },
            {
              "function": "minecraft:set_nbt",
              "tag": "{Unbreakable:1}"
            },
            {
              "function": "minecraft:set_attributes",
              "modifiers": [
                {
                  "attribute": "minecraft:generic.knockback_resistance",
                  "name": "minecraft:generic.knockback_resistance",
                  "amount": 0.1,
                  "operation": "addition",
                  "slot": "chest"
                },
                {
                  "attribute": "minecraft:generic.max_health",
                  "name": "minecraft:generic.max_health",
                  "amount": 5,
                  "operation": "addition",
                  "slot": "chest"
                },
                {
                  "attribute": "minecraft:generic.attack_speed",
                  "name": "minecraft:generic.attack_speed",
                  "amount": 0.1,
                  "operation": "multiply_base",
                  "slot": "chest"
                },
                {
                  "attribute": "minecraft:generic.armor_toughness",
                  "name": "minecraft:generic.armor_toughness",
                  "amount": 3,
                  "operation": "addition",
                  "slot": "chest"
                },
                {
                  "attribute": "minecraft:generic.armor",
                  "name": "minecraft:generic.armor",
                  "amount": 9,
                  "operation": "addition",
                  "slot": "chest"
                }
              ]
            }
          ]
        },
        {
          "type": "item",
          "weight": 1,
          "name": "minecraft:leather_chestplate",
          "functions": [
            {
              "function": "set_count",
              "count": 1
            },
            {
              "function": "minecraft:set_nbt",
              "tag": "{display:{Name:'{\"text\":\"Desert Chestplate\",\"color\":\"gold\",\"italic\":false}',Lore:['{\"text\":\" \"}','{\"text\":\"Ability:\",\"color\":\"green\",\"italic\":false}','{\"text\":\"Wearer gains 4 health after killing a mob.\",\"color\":\"gray\",\"italic\":false}','{\"text\":\"Gains additional 4 health and Strength II\",\"color\":\"gray\",\"italic\":false}','{\"text\":\"for 10 seconds after a player kill.\",\"color\":\"gray\",\"italic\":false}'],color:16771415},HideFlags:64,RepairCost:99999,Unbreakable:1b,armor:desert_chestplate}"
            },
            {
              "function": "minecraft:set_enchantments",
              "enchantments": {
                "minecraft:protection": {
                  "min": 2,
                  "max": 6
                },
                "minecraft:projectile_protection": {
                  "min": 3,
                  "max": 9
                },
                "minecraft:blast_protection": {
                  "min": 5,
                  "max": 10
                },
                "minecraft:fire_protection": {
                  "min": 1,
                  "max": 10
                }
              }
            },
            {
              "function": "minecraft:set_nbt",
              "tag": "{Unbreakable:1}"
            },
            {
              "function": "minecraft:set_attributes",
              "modifiers": [
                {
                  "attribute": "minecraft:generic.knockback_resistance",
                  "name": "minecraft:generic.knockback_resistance",
                  "amount": 0.1,
                  "operation": "addition",
                  "slot": "chest"
                },
                {
                  "attribute": "minecraft:generic.max_health",
                  "name": "minecraft:generic.max_health",
                  "amount": 5,
                  "operation": "addition",
                  "slot": "chest"
                },
                {
                  "attribute": "minecraft:generic.attack_speed",
                  "name": "minecraft:generic.attack_speed",
                  "amount": 0.1,
                  "operation": "multiply_base",
                  "slot": "chest"
                },
                {
                  "attribute": "minecraft:generic.armor_toughness",
                  "name": "minecraft:generic.armor_toughness",
                  "amount": 3,
                  "operation": "addition",
                  "slot": "chest"
                },
                {
                  "attribute": "minecraft:generic.armor",
                  "name": "minecraft:generic.armor",
                  "amount": 9.5,
                  "operation": "addition",
                  "slot": "chest"
                }
              ]
            }
          ]
        },
        {
          "type": "item",
          "weight": 1,
          "name": "minecraft:leather_chestplate",
          "functions": [
            {
              "function": "set_count",
              "count": 1
            },
            {
              "function": "minecraft:set_nbt",
              "tag": "{display:{Name:'{\"text\":\"Desert Chestplate\",\"color\":\"gold\",\"italic\":false}',Lore:['{\"text\":\" \"}','{\"text\":\"Ability:\",\"color\":\"green\",\"italic\":false}','{\"text\":\"Wearer gains 4 health after killing a mob.\",\"color\":\"gray\",\"italic\":false}','{\"text\":\"Gains additional 4 health and Strength II\",\"color\":\"gray\",\"italic\":false}','{\"text\":\"for 10 seconds after a player kill.\",\"color\":\"gray\",\"italic\":false}'],color:16771415},HideFlags:64,RepairCost:99999,Unbreakable:1b,armor:desert_chestplate}"
            },
            {
              "function": "minecraft:set_enchantments",
              "enchantments": {
                "minecraft:protection": {
                  "min": 2,
                  "max": 6
                },
                "minecraft:projectile_protection": {
                  "min": 3,
                  "max": 9
                },
                "minecraft:blast_protection": {
                  "min": 5,
                  "max": 10
                },
                "minecraft:fire_protection": {
                  "min": 1,
                  "max": 10
                }
              }
            },
            {
              "function": "minecraft:set_nbt",
              "tag": "{Unbreakable:1}"
            },
            {
              "function": "minecraft:set_attributes",
              "modifiers": [
                {
                  "attribute": "minecraft:generic.knockback_resistance",
                  "name": "minecraft:generic.knockback_resistance",
                  "amount": 0.1,
                  "operation": "addition",
                  "slot": "chest"
                },
                {
                  "attribute": "minecraft:generic.max_health",
                  "name": "minecraft:generic.max_health",
                  "amount": 5,
                  "operation": "addition",
                  "slot": "chest"
                },
                {
                  "attribute": "minecraft:generic.attack_speed",
                  "name": "minecraft:generic.attack_speed",
                  "amount": 0.1,
                  "operation": "multiply_base",
                  "slot": "chest"
                },
                {
                  "attribute": "minecraft:generic.armor_toughness",
                  "name": "minecraft:generic.armor_toughness",
                  "amount": 3,
                  "operation": "addition",
                  "slot": "chest"
                },
                {
                  "attribute": "minecraft:generic.armor",
                  "name": "minecraft:generic.armor",
                  "amount": 10,
                  "operation": "addition",
                  "slot": "chest"
                }
              ]
            }
          ]
        },
        {
          "type": "item",
          "weight": 1,
          "name": "minecraft:leather_chestplate",
          "functions": [
            {
              "function": "set_count",
              "count": 1
            },
            {
              "function": "minecraft:set_nbt",
              "tag": "{display:{Name:'{\"text\":\"Desert Chestplate\",\"color\":\"gold\",\"italic\":false}',Lore:['{\"text\":\" \"}','{\"text\":\"Ability:\",\"color\":\"green\",\"italic\":false}','{\"text\":\"Wearer gains 4 health after killing a mob.\",\"color\":\"gray\",\"italic\":false}','{\"text\":\"Gains additional 4 health and Strength II\",\"color\":\"gray\",\"italic\":false}','{\"text\":\"for 10 seconds after a player kill.\",\"color\":\"gray\",\"italic\":false}'],color:16771415},HideFlags:64,RepairCost:99999,Unbreakable:1b,armor:desert_chestplate}"
            },
            {
              "function": "minecraft:set_enchantments",
              "enchantments": {
                "minecraft:protection": {
                  "min": 2,
                  "max": 6
                },
                "minecraft:projectile_protection": {
                  "min": 3,
                  "max": 9
                },
                "minecraft:blast_protection": {
                  "min": 5,
                  "max": 10
                },
                "minecraft:fire_protection": {
                  "min": 1,
                  "max": 10
                }
              }
            },
            {
              "function": "minecraft:set_nbt",
              "tag": "{Unbreakable:1}"
            },
            {
              "function": "minecraft:set_attributes",
              "modifiers": [
                {
                  "attribute": "minecraft:generic.knockback_resistance",
                  "name": "minecraft:generic.knockback_resistance",
                  "amount": 0.1,
                  "operation": "addition",
                  "slot": "chest"
                },
                {
                  "attribute": "minecraft:generic.max_health",
                  "name": "minecraft:generic.max_health",
                  "amount": 5,
                  "operation": "addition",
                  "slot": "chest"
                },
                {
                  "attribute": "minecraft:generic.attack_speed",
                  "name": "minecraft:generic.attack_speed",
                  "amount": 0.1,
                  "operation": "multiply_base",
                  "slot": "chest"
                },
                {
                  "attribute": "minecraft:generic.armor_toughness",
                  "name": "minecraft:generic.armor_toughness",
                  "amount": 3.5,
                  "operation": "addition",
                  "slot": "chest"
                },
                {
                  "attribute": "minecraft:generic.armor",
                  "name": "minecraft:generic.armor",
                  "amount": 8,
                  "operation": "addition",
                  "slot": "chest"
                }
              ]
            }
          ]
        },
        {
          "type": "item",
          "weight": 1,
          "name": "minecraft:leather_chestplate",
          "functions": [
            {
              "function": "set_count",
              "count": 1
            },
            {
              "function": "minecraft:set_nbt",
              "tag": "{display:{Name:'{\"text\":\"Desert Chestplate\",\"color\":\"gold\",\"italic\":false}',Lore:['{\"text\":\" \"}','{\"text\":\"Ability:\",\"color\":\"green\",\"italic\":false}','{\"text\":\"Wearer gains 4 health after killing a mob.\",\"color\":\"gray\",\"italic\":false}','{\"text\":\"Gains additional 4 health and Strength II\",\"color\":\"gray\",\"italic\":false}','{\"text\":\"for 10 seconds after a player kill.\",\"color\":\"gray\",\"italic\":false}'],color:16771415},HideFlags:64,RepairCost:99999,Unbreakable:1b,armor:desert_chestplate}"
            },
            {
              "function": "minecraft:set_enchantments",
              "enchantments": {
                "minecraft:protection": {
                  "min": 2,
                  "max": 6
                },
                "minecraft:projectile_protection": {
                  "min": 3,
                  "max": 9
                },
                "minecraft:blast_protection": {
                  "min": 5,
                  "max": 10
                },
                "minecraft:fire_protection": {
                  "min": 1,
                  "max": 10
                }
              }
            },
            {
              "function": "minecraft:set_nbt",
              "tag": "{Unbreakable:1}"
            },
            {
              "function": "minecraft:set_attributes",
              "modifiers": [
                {
                  "attribute": "minecraft:generic.knockback_resistance",
                  "name": "minecraft:generic.knockback_resistance",
                  "amount": 0.1,
                  "operation": "addition",
                  "slot": "chest"
                },
                {
                  "attribute": "minecraft:generic.max_health",
                  "name": "minecraft:generic.max_health",
                  "amount": 5,
                  "operation": "addition",
                  "slot": "chest"
                },
                {
                  "attribute": "minecraft:generic.attack_speed",
                  "name": "minecraft:generic.attack_speed",
                  "amount": 0.1,
                  "operation": "multiply_base",
                  "slot": "chest"
                },
                {
                  "attribute": "minecraft:generic.armor_toughness",
                  "name": "minecraft:generic.armor_toughness",
                  "amount": 4,
                  "operation": "addition",
                  "slot": "chest"
                },
                {
                  "attribute": "minecraft:generic.armor",
                  "name": "minecraft:generic.armor",
                  "amount": 8,
                  "operation": "addition",
                  "slot": "chest"
                }
              ]
            }
          ]
        },
        {
          "type": "item",
          "weight": 1,
          "name": "minecraft:leather_chestplate",
          "functions": [
            {
              "function": "set_count",
              "count": 1
            },
            {
              "function": "minecraft:set_nbt",
              "tag": "{display:{Name:'{\"text\":\"Desert Chestplate\",\"color\":\"gold\",\"italic\":false}',Lore:['{\"text\":\" \"}','{\"text\":\"Ability:\",\"color\":\"green\",\"italic\":false}','{\"text\":\"Wearer gains 4 health after killing a mob.\",\"color\":\"gray\",\"italic\":false}','{\"text\":\"Gains additional 4 health and Strength II\",\"color\":\"gray\",\"italic\":false}','{\"text\":\"for 10 seconds after a player kill.\",\"color\":\"gray\",\"italic\":false}'],color:16771415},HideFlags:64,RepairCost:99999,Unbreakable:1b,armor:desert_chestplate}"
            },
            {
              "function": "minecraft:set_enchantments",
              "enchantments": {
                "minecraft:protection": {
                  "min": 2,
                  "max": 6
                },
                "minecraft:projectile_protection": {
                  "min": 3,
                  "max": 9
                },
                "minecraft:blast_protection": {
                  "min": 5,
                  "max": 10
                },
                "minecraft:fire_protection": {
                  "min": 1,
                  "max": 10
                }
              }
            },
            {
              "function": "minecraft:set_nbt",
              "tag": "{Unbreakable:1}"
            },
            {
              "function": "minecraft:set_attributes",
              "modifiers": [
                {
                  "attribute": "minecraft:generic.knockback_resistance",
                  "name": "minecraft:generic.knockback_resistance",
                  "amount": 0.1,
                  "operation": "addition",
                  "slot": "chest"
                },
                {
                  "attribute": "minecraft:generic.max_health",
                  "name": "minecraft:generic.max_health",
                  "amount": 5,
                  "operation": "addition",
                  "slot": "chest"
                },
                {
                  "attribute": "minecraft:generic.attack_speed",
                  "name": "minecraft:generic.attack_speed",
                  "amount": 0.1,
                  "operation": "multiply_base",
                  "slot": "chest"
                },
                {
                  "attribute": "minecraft:generic.armor_toughness",
                  "name": "minecraft:generic.armor_toughness",
                  "amount": 4.5,
                  "operation": "addition",
                  "slot": "chest"
                },
                {
                  "attribute": "minecraft:generic.armor",
                  "name": "minecraft:generic.armor",
                  "amount": 8,
                  "operation": "addition",
                  "slot": "chest"
                }
              ]
            }
          ]
        },
        {
          "type": "item",
          "weight": 1,
          "name": "minecraft:leather_chestplate",
          "functions": [
            {
              "function": "set_count",
              "count": 1
            },
            {
              "function": "minecraft:set_nbt",
              "tag": "{display:{Name:'{\"text\":\"Desert Chestplate\",\"color\":\"gold\",\"italic\":false}',Lore:['{\"text\":\" \"}','{\"text\":\"Ability:\",\"color\":\"green\",\"italic\":false}','{\"text\":\"Wearer gains 4 health after killing a mob.\",\"color\":\"gray\",\"italic\":false}','{\"text\":\"Gains additional 4 health and Strength II\",\"color\":\"gray\",\"italic\":false}','{\"text\":\"for 10 seconds after a player kill.\",\"color\":\"gray\",\"italic\":false}'],color:16771415},HideFlags:64,RepairCost:99999,Unbreakable:1b,armor:desert_chestplate}"
            },
            {
              "function": "minecraft:set_enchantments",
              "enchantments": {
                "minecraft:protection": {
                  "min": 2,
                  "max": 6
                },
                "minecraft:projectile_protection": {
                  "min": 3,
                  "max": 9
                },
                "minecraft:blast_protection": {
                  "min": 5,
                  "max": 10
                },
                "minecraft:fire_protection": {
                  "min": 1,
                  "max": 10
                }
              }
            },
            {
              "function": "minecraft:set_nbt",
              "tag": "{Unbreakable:1}"
            },
            {
              "function": "minecraft:set_attributes",
              "modifiers": [
                {
                  "attribute": "minecraft:generic.knockback_resistance",
                  "name": "minecraft:generic.knockback_resistance",
                  "amount": 0.1,
                  "operation": "addition",
                  "slot": "chest"
                },
                {
                  "attribute": "minecraft:generic.max_health",
                  "name": "minecraft:generic.max_health",
                  "amount": 5,
                  "operation": "addition",
                  "slot": "chest"
                },
                {
                  "attribute": "minecraft:generic.attack_speed",
                  "name": "minecraft:generic.attack_speed",
                  "amount": 0.1,
                  "operation": "multiply_base",
                  "slot": "chest"
                },
                {
                  "attribute": "minecraft:generic.armor_toughness",
                  "name": "minecraft:generic.armor_toughness",
                  "amount": 5,
                  "operation": "addition",
                  "slot": "chest"
                },
                {
                  "attribute": "minecraft:generic.armor",
                  "name": "minecraft:generic.armor",
                  "amount": 8,
                  "operation": "addition",
                  "slot": "chest"
                }
              ]
            }
          ]
        },
        {
          "type": "item",
          "weight": 1,
          "name": "minecraft:leather_chestplate",
          "functions": [
            {
              "function": "set_count",
              "count": 1
            },
            {
              "function": "minecraft:set_nbt",
              "tag": "{display:{Name:'{\"text\":\"Desert Chestplate\",\"color\":\"gold\",\"italic\":false}',Lore:['{\"text\":\" \"}','{\"text\":\"Ability:\",\"color\":\"green\",\"italic\":false}','{\"text\":\"Wearer gains 4 health after killing a mob.\",\"color\":\"gray\",\"italic\":false}','{\"text\":\"Gains additional 4 health and Strength II\",\"color\":\"gray\",\"italic\":false}','{\"text\":\"for 10 seconds after a player kill.\",\"color\":\"gray\",\"italic\":false}'],color:16771415},HideFlags:64,RepairCost:99999,Unbreakable:1b,armor:desert_chestplate}"
            },
            {
              "function": "minecraft:set_enchantments",
              "enchantments": {
                "minecraft:protection": {
                  "min": 2,
                  "max": 6
                },
                "minecraft:projectile_protection": {
                  "min": 3,
                  "max": 9
                },
                "minecraft:blast_protection": {
                  "min": 5,
                  "max": 10
                },
                "minecraft:fire_protection": {
                  "min": 1,
                  "max": 10
                }
              }
            },
            {
              "function": "minecraft:set_nbt",
              "tag": "{Unbreakable:1}"
            },
            {
              "function": "minecraft:set_attributes",
              "modifiers": [
                {
                  "attribute": "minecraft:generic.knockback_resistance",
                  "name": "minecraft:generic.knockback_resistance",
                  "amount": 0.1,
                  "operation": "addition",
                  "slot": "chest"
                },
                {
                  "attribute": "minecraft:generic.max_health",
                  "name": "minecraft:generic.max_health",
                  "amount": 5,
                  "operation": "addition",
                  "slot": "chest"
                },
                {
                  "attribute": "minecraft:generic.attack_speed",
                  "name": "minecraft:generic.attack_speed",
                  "amount": 0.1,
                  "operation": "multiply_base",
                  "slot": "chest"
                },
                {
                  "attribute": "minecraft:generic.armor_toughness",
                  "name": "minecraft:generic.armor_toughness",
                  "amount": 3.5,
                  "operation": "addition",
                  "slot": "chest"
                },
                {
                  "attribute": "minecraft:generic.armor",
                  "name": "minecraft:generic.armor",
                  "amount": 8,
                  "operation": "addition",
                  "slot": "chest"
                }
              ]
            }
          ]
        },
        {
          "type": "item",
          "weight": 1,
          "name": "minecraft:leather_chestplate",
          "functions": [
            {
              "function": "set_count",
              "count": 1
            },
            {
              "function": "minecraft:set_nbt",
              "tag": "{display:{Name:'{\"text\":\"Desert Chestplate\",\"color\":\"gold\",\"italic\":false}',Lore:['{\"text\":\" \"}','{\"text\":\"Ability:\",\"color\":\"green\",\"italic\":false}','{\"text\":\"Wearer gains 4 health after killing a mob.\",\"color\":\"gray\",\"italic\":false}','{\"text\":\"Gains additional 4 health and Strength II\",\"color\":\"gray\",\"italic\":false}','{\"text\":\"for 10 seconds after a player kill.\",\"color\":\"gray\",\"italic\":false}'],color:16771415},HideFlags:64,RepairCost:99999,Unbreakable:1b,armor:desert_chestplate}"
            },
            {
              "function": "minecraft:set_enchantments",
              "enchantments": {
                "minecraft:protection": {
                  "min": 2,
                  "max": 6
                },
                "minecraft:projectile_protection": {
                  "min": 3,
                  "max": 9
                },
                "minecraft:blast_protection": {
                  "min": 5,
                  "max": 10
                },
                "minecraft:fire_protection": {
                  "min": 1,
                  "max": 10
                }
              }
            },
            {
              "function": "minecraft:set_nbt",
              "tag": "{Unbreakable:1}"
            },
            {
              "function": "minecraft:set_attributes",
              "modifiers": [
                {
                  "attribute": "minecraft:generic.knockback_resistance",
                  "name": "minecraft:generic.knockback_resistance",
                  "amount": 0.1,
                  "operation": "addition",
                  "slot": "chest"
                },
                {
                  "attribute": "minecraft:generic.max_health",
                  "name": "minecraft:generic.max_health",
                  "amount": 5,
                  "operation": "addition",
                  "slot": "chest"
                },
                {
                  "attribute": "minecraft:generic.attack_speed",
                  "name": "minecraft:generic.attack_speed",
                  "amount": 0.1,
                  "operation": "multiply_base",
                  "slot": "chest"
                },
                {
                  "attribute": "minecraft:generic.armor_toughness",
                  "name": "minecraft:generic.armor_toughness",
                  "amount": 4,
                  "operation": "addition",
                  "slot": "chest"
                },
                {
                  "attribute": "minecraft:generic.armor",
                  "name": "minecraft:generic.armor",
                  "amount": 8.5,
                  "operation": "addition",
                  "slot": "chest"
                }
              ]
            }
          ]
        },
        {
          "type": "item",
          "weight": 1,
          "name": "minecraft:leather_chestplate",
          "functions": [
            {
              "function": "set_count",
              "count": 1
            },
            {
              "function": "minecraft:set_nbt",
              "tag": "{display:{Name:'{\"text\":\"Desert Chestplate\",\"color\":\"gold\",\"italic\":false}',Lore:['{\"text\":\" \"}','{\"text\":\"Ability:\",\"color\":\"green\",\"italic\":false}','{\"text\":\"Wearer gains 4 health after killing a mob.\",\"color\":\"gray\",\"italic\":false}','{\"text\":\"Gains additional 4 health and Strength II\",\"color\":\"gray\",\"italic\":false}','{\"text\":\"for 10 seconds after a player kill.\",\"color\":\"gray\",\"italic\":false}'],color:16771415},HideFlags:64,RepairCost:99999,Unbreakable:1b,armor:desert_chestplate}"
            },
            {
              "function": "minecraft:set_enchantments",
              "enchantments": {
                "minecraft:protection": {
                  "min": 2,
                  "max": 6
                },
                "minecraft:projectile_protection": {
                  "min": 3,
                  "max": 9
                },
                "minecraft:blast_protection": {
                  "min": 5,
                  "max": 10
                },
                "minecraft:fire_protection": {
                  "min": 1,
                  "max": 10
                }
              }
            },
            {
              "function": "minecraft:set_nbt",
              "tag": "{Unbreakable:1}"
            },
            {
              "function": "minecraft:set_attributes",
              "modifiers": [
                {
                  "attribute": "minecraft:generic.knockback_resistance",
                  "name": "minecraft:generic.knockback_resistance",
                  "amount": 0.1,
                  "operation": "addition",
                  "slot": "chest"
                },
                {
                  "attribute": "minecraft:generic.max_health",
                  "name": "minecraft:generic.max_health",
                  "amount": 5,
                  "operation": "addition",
                  "slot": "chest"
                },
                {
                  "attribute": "minecraft:generic.attack_speed",
                  "name": "minecraft:generic.attack_speed",
                  "amount": 0.1,
                  "operation": "multiply_base",
                  "slot": "chest"
                },
                {
                  "attribute": "minecraft:generic.armor_toughness",
                  "name": "minecraft:generic.armor_toughness",
                  "amount": 4.5,
                  "operation": "addition",
                  "slot": "chest"
                },
                {
                  "attribute": "minecraft:generic.armor",
                  "name": "minecraft:generic.armor",
                  "amount": 8.5,
                  "operation": "addition",
                  "slot": "chest"
                }
              ]
            }
          ]
        },
        {
          "type": "item",
          "weight": 1,
          "name": "minecraft:leather_chestplate",
          "functions": [
            {
              "function": "set_count",
              "count": 1
            },
            {
              "function": "minecraft:set_nbt",
              "tag": "{display:{Name:'{\"text\":\"Desert Chestplate\",\"color\":\"gold\",\"italic\":false}',Lore:['{\"text\":\" \"}','{\"text\":\"Ability:\",\"color\":\"green\",\"italic\":false}','{\"text\":\"Wearer gains 4 health after killing a mob.\",\"color\":\"gray\",\"italic\":false}','{\"text\":\"Gains additional 4 health and Strength II\",\"color\":\"gray\",\"italic\":false}','{\"text\":\"for 10 seconds after a player kill.\",\"color\":\"gray\",\"italic\":false}'],color:16771415},HideFlags:64,RepairCost:99999,Unbreakable:1b,armor:desert_chestplate}"
            },
            {
              "function": "minecraft:set_enchantments",
              "enchantments": {
                "minecraft:protection": {
                  "min": 2,
                  "max": 6
                },
                "minecraft:projectile_protection": {
                  "min": 3,
                  "max": 9
                },
                "minecraft:blast_protection": {
                  "min": 5,
                  "max": 10
                },
                "minecraft:fire_protection": {
                  "min": 1,
                  "max": 10
                }
              }
            },
            {
              "function": "minecraft:set_nbt",
              "tag": "{Unbreakable:1}"
            },
            {
              "function": "minecraft:set_attributes",
              "modifiers": [
                {
                  "attribute": "minecraft:generic.knockback_resistance",
                  "name": "minecraft:generic.knockback_resistance",
                  "amount": 0.1,
                  "operation": "addition",
                  "slot": "chest"
                },
                {
                  "attribute": "minecraft:generic.max_health",
                  "name": "minecraft:generic.max_health",
                  "amount": 5,
                  "operation": "addition",
                  "slot": "chest"
                },
                {
                  "attribute": "minecraft:generic.attack_speed",
                  "name": "minecraft:generic.attack_speed",
                  "amount": 0.1,
                  "operation": "multiply_base",
                  "slot": "chest"
                },
                {
                  "attribute": "minecraft:generic.armor_toughness",
                  "name": "minecraft:generic.armor_toughness",
                  "amount":5,
                  "operation": "addition",
                  "slot": "chest"
                },
                {
                  "attribute": "minecraft:generic.armor",
                  "name": "minecraft:generic.armor",
                  "amount": 8.5,
                  "operation": "addition",
                  "slot": "chest"
                }
              ]
            }
          ]
        },
        {
          "type": "item",
          "weight": 1,
          "name": "minecraft:leather_chestplate",
          "functions": [
            {
              "function": "set_count",
              "count": 1
            },
            {
              "function": "minecraft:set_nbt",
              "tag": "{display:{Name:'{\"text\":\"Desert Chestplate\",\"color\":\"gold\",\"italic\":false}',Lore:['{\"text\":\" \"}','{\"text\":\"Ability:\",\"color\":\"green\",\"italic\":false}','{\"text\":\"Wearer gains 4 health after killing a mob.\",\"color\":\"gray\",\"italic\":false}','{\"text\":\"Gains additional 4 health and Strength II\",\"color\":\"gray\",\"italic\":false}','{\"text\":\"for 10 seconds after a player kill.\",\"color\":\"gray\",\"italic\":false}'],color:16771415},HideFlags:64,RepairCost:99999,Unbreakable:1b,armor:desert_chestplate}"
            },
            {
              "function": "minecraft:set_enchantments",
              "enchantments": {
                "minecraft:protection": {
                  "min": 2,
                  "max": 6
                },
                "minecraft:projectile_protection": {
                  "min": 3,
                  "max": 9
                },
                "minecraft:blast_protection": {
                  "min": 5,
                  "max": 10
                },
                "minecraft:fire_protection": {
                  "min": 1,
                  "max": 10
                }
              }
            },
            {
              "function": "minecraft:set_nbt",
              "tag": "{Unbreakable:1}"
            },
            {
              "function": "minecraft:set_attributes",
              "modifiers": [
                {
                  "attribute": "minecraft:generic.knockback_resistance",
                  "name": "minecraft:generic.knockback_resistance",
                  "amount": 0.1,
                  "operation": "addition",
                  "slot": "chest"
                },
                {
                  "attribute": "minecraft:generic.max_health",
                  "name": "minecraft:generic.max_health",
                  "amount": 5,
                  "operation": "addition",
                  "slot": "chest"
                },
                {
                  "attribute": "minecraft:generic.attack_speed",
                  "name": "minecraft:generic.attack_speed",
                  "amount": 0.1,
                  "operation": "multiply_base",
                  "slot": "chest"
                },
                {
                  "attribute": "minecraft:generic.armor_toughness",
                  "name": "minecraft:generic.armor_toughness",
                  "amount": 3.5,
                  "operation": "addition",
                  "slot": "chest"
                },
                {
                  "attribute": "minecraft:generic.armor",
                  "name": "minecraft:generic.armor",
                  "amount": 9,
                  "operation": "addition",
                  "slot": "chest"
                }
              ]
            }
          ]
        },
        {
          "type": "item",
          "weight": 1,
          "name": "minecraft:leather_chestplate",
          "functions": [
            {
              "function": "set_count",
              "count": 1
            },
            {
              "function": "minecraft:set_nbt",
              "tag": "{display:{Name:'{\"text\":\"Desert Chestplate\",\"color\":\"gold\",\"italic\":false}',Lore:['{\"text\":\" \"}','{\"text\":\"Ability:\",\"color\":\"green\",\"italic\":false}','{\"text\":\"Wearer gains 4 health after killing a mob.\",\"color\":\"gray\",\"italic\":false}','{\"text\":\"Gains additional 4 health and Strength II\",\"color\":\"gray\",\"italic\":false}','{\"text\":\"for 10 seconds after a player kill.\",\"color\":\"gray\",\"italic\":false}'],color:16771415},HideFlags:64,RepairCost:99999,Unbreakable:1b,armor:desert_chestplate}"
            },
            {
              "function": "minecraft:set_enchantments",
              "enchantments": {
                "minecraft:protection": {
                  "min": 2,
                  "max": 6
                },
                "minecraft:projectile_protection": {
                  "min": 3,
                  "max": 9
                },
                "minecraft:blast_protection": {
                  "min": 5,
                  "max": 10
                },
                "minecraft:fire_protection": {
                  "min": 1,
                  "max": 10
                }
              }
            },
            {
              "function": "minecraft:set_nbt",
              "tag": "{Unbreakable:1}"
            },
            {
              "function": "minecraft:set_attributes",
              "modifiers": [
                {
                  "attribute": "minecraft:generic.knockback_resistance",
                  "name": "minecraft:generic.knockback_resistance",
                  "amount": 0.1,
                  "operation": "addition",
                  "slot": "chest"
                },
                {
                  "attribute": "minecraft:generic.max_health",
                  "name": "minecraft:generic.max_health",
                  "amount": 5,
                  "operation": "addition",
                  "slot": "chest"
                },
                {
                  "attribute": "minecraft:generic.attack_speed",
                  "name": "minecraft:generic.attack_speed",
                  "amount": 0.1,
                  "operation": "multiply_base",
                  "slot": "chest"
                },
                {
                  "attribute": "minecraft:generic.armor_toughness",
                  "name": "minecraft:generic.armor_toughness",
                  "amount": 4,
                  "operation": "addition",
                  "slot": "chest"
                },
                {
                  "attribute": "minecraft:generic.armor",
                  "name": "minecraft:generic.armor",
                  "amount": 9,
                  "operation": "addition",
                  "slot": "chest"
                }
              ]
            }
          ]
        },
        {
          "type": "item",
          "weight": 1,
          "name": "minecraft:leather_chestplate",
          "functions": [
            {
              "function": "set_count",
              "count": 1
            },
            {
              "function": "minecraft:set_nbt",
              "tag": "{display:{Name:'{\"text\":\"Desert Chestplate\",\"color\":\"gold\",\"italic\":false}',Lore:['{\"text\":\" \"}','{\"text\":\"Ability:\",\"color\":\"green\",\"italic\":false}','{\"text\":\"Wearer gains 4 health after killing a mob.\",\"color\":\"gray\",\"italic\":false}','{\"text\":\"Gains additional 4 health and Strength II\",\"color\":\"gray\",\"italic\":false}','{\"text\":\"for 10 seconds after a player kill.\",\"color\":\"gray\",\"italic\":false}'],color:16771415},HideFlags:64,RepairCost:99999,Unbreakable:1b,armor:desert_chestplate}"
            },
            {
              "function": "minecraft:set_enchantments",
              "enchantments": {
                "minecraft:protection": {
                  "min": 2,
                  "max": 6
                },
                "minecraft:projectile_protection": {
                  "min": 3,
                  "max": 9
                },
                "minecraft:blast_protection": {
                  "min": 5,
                  "max": 10
                },
                "minecraft:fire_protection": {
                  "min": 1,
                  "max": 10
                }
              }
            },
            {
              "function": "minecraft:set_nbt",
              "tag": "{Unbreakable:1}"
            },
            {
              "function": "minecraft:set_attributes",
              "modifiers": [
                {
                  "attribute": "minecraft:generic.knockback_resistance",
                  "name": "minecraft:generic.knockback_resistance",
                  "amount": 0.1,
                  "operation": "addition",
                  "slot": "chest"
                },
                {
                  "attribute": "minecraft:generic.max_health",
                  "name": "minecraft:generic.max_health",
                  "amount": 5,
                  "operation": "addition",
                  "slot": "chest"
                },
                {
                  "attribute": "minecraft:generic.attack_speed",
                  "name": "minecraft:generic.attack_speed",
                  "amount": 0.1,
                  "operation": "multiply_base",
                  "slot": "chest"
                },
                {
                  "attribute": "minecraft:generic.armor_toughness",
                  "name": "minecraft:generic.armor_toughness",
                  "amount": 4.5,
                  "operation": "addition",
                  "slot": "chest"
                },
                {
                  "attribute": "minecraft:generic.armor",
                  "name": "minecraft:generic.armor",
                  "amount": 9,
                  "operation": "addition",
                  "slot": "chest"
                }
              ]
            }
          ]
        },
        {
          "type": "item",
          "weight": 1,
          "name": "minecraft:leather_chestplate",
          "functions": [
            {
              "function": "set_count",
              "count": 1
            },
            {
              "function": "minecraft:set_nbt",
              "tag": "{display:{Name:'{\"text\":\"Desert Chestplate\",\"color\":\"gold\",\"italic\":false}',Lore:['{\"text\":\" \"}','{\"text\":\"Ability:\",\"color\":\"green\",\"italic\":false}','{\"text\":\"Wearer gains 4 health after killing a mob.\",\"color\":\"gray\",\"italic\":false}','{\"text\":\"Gains additional 4 health and Strength II\",\"color\":\"gray\",\"italic\":false}','{\"text\":\"for 10 seconds after a player kill.\",\"color\":\"gray\",\"italic\":false}'],color:16771415},HideFlags:64,RepairCost:99999,Unbreakable:1b,armor:desert_chestplate}"
            },
            {
              "function": "minecraft:set_enchantments",
              "enchantments": {
                "minecraft:protection": {
                  "min": 2,
                  "max": 6
                },
                "minecraft:projectile_protection": {
                  "min": 3,
                  "max": 9
                },
                "minecraft:blast_protection": {
                  "min": 5,
                  "max": 10
                },
                "minecraft:fire_protection": {
                  "min": 1,
                  "max": 10
                }
              }
            },
            {
              "function": "minecraft:set_nbt",
              "tag": "{Unbreakable:1}"
            },
            {
              "function": "minecraft:set_attributes",
              "modifiers": [
                {
                  "attribute": "minecraft:generic.knockback_resistance",
                  "name": "minecraft:generic.knockback_resistance",
                  "amount": 0.1,
                  "operation": "addition",
                  "slot": "chest"
                },
                {
                  "attribute": "minecraft:generic.max_health",
                  "name": "minecraft:generic.max_health",
                  "amount": 5,
                  "operation": "addition",
                  "slot": "chest"
                },
                {
                  "attribute": "minecraft:generic.attack_speed",
                  "name": "minecraft:generic.attack_speed",
                  "amount": 0.1,
                  "operation": "multiply_base",
                  "slot": "chest"
                },
                {
                  "attribute": "minecraft:generic.armor_toughness",
                  "name": "minecraft:generic.armor_toughness",
                  "amount": 5,
                  "operation": "addition",
                  "slot": "chest"
                },
                {
                  "attribute": "minecraft:generic.armor",
                  "name": "minecraft:generic.armor",
                  "amount": 9,
                  "operation": "addition",
                  "slot": "chest"
                }
              ]
            }
          ]
        },
        {
          "type": "item",
          "weight": 1,
          "name": "minecraft:leather_chestplate",
          "functions": [
            {
              "function": "set_count",
              "count": 1
            },
            {
              "function": "minecraft:set_nbt",
              "tag": "{display:{Name:'{\"text\":\"Desert Chestplate\",\"color\":\"gold\",\"italic\":false}',Lore:['{\"text\":\" \"}','{\"text\":\"Ability:\",\"color\":\"green\",\"italic\":false}','{\"text\":\"Wearer gains 4 health after killing a mob.\",\"color\":\"gray\",\"italic\":false}','{\"text\":\"Gains additional 4 health and Strength II\",\"color\":\"gray\",\"italic\":false}','{\"text\":\"for 10 seconds after a player kill.\",\"color\":\"gray\",\"italic\":false}'],color:16771415},HideFlags:64,RepairCost:99999,Unbreakable:1b,armor:desert_chestplate}"
            },
            {
              "function": "minecraft:set_enchantments",
              "enchantments": {
                "minecraft:protection": {
                  "min": 2,
                  "max": 6
                },
                "minecraft:projectile_protection": {
                  "min": 3,
                  "max": 9
                },
                "minecraft:blast_protection": {
                  "min": 5,
                  "max": 10
                },
                "minecraft:fire_protection": {
                  "min": 1,
                  "max": 10
                }
              }
            },
            {
              "function": "minecraft:set_nbt",
              "tag": "{Unbreakable:1}"
            },
            {
              "function": "minecraft:set_attributes",
              "modifiers": [
                {
                  "attribute": "minecraft:generic.knockback_resistance",
                  "name": "minecraft:generic.knockback_resistance",
                  "amount": 0.1,
                  "operation": "addition",
                  "slot": "chest"
                },
                {
                  "attribute": "minecraft:generic.max_health",
                  "name": "minecraft:generic.max_health",
                  "amount": 5,
                  "operation": "addition",
                  "slot": "chest"
                },
                {
                  "attribute": "minecraft:generic.attack_speed",
                  "name": "minecraft:generic.attack_speed",
                  "amount": 0.1,
                  "operation": "multiply_base",
                  "slot": "chest"
                },
                {
                  "attribute": "minecraft:generic.armor_toughness",
                  "name": "minecraft:generic.armor_toughness",
                  "amount": 3.5,
                  "operation": "addition",
                  "slot": "chest"
                },
                {
                  "attribute": "minecraft:generic.armor",
                  "name": "minecraft:generic.armor",
                  "amount": 9.5,
                  "operation": "addition",
                  "slot": "chest"
                }
              ]
            }
          ]
        },
        {
          "type": "item",
          "weight": 1,
          "name": "minecraft:leather_chestplate",
          "functions": [
            {
              "function": "set_count",
              "count": 1
            },
            {
              "function": "minecraft:set_nbt",
              "tag": "{display:{Name:'{\"text\":\"Desert Chestplate\",\"color\":\"gold\",\"italic\":false}',Lore:['{\"text\":\" \"}','{\"text\":\"Ability:\",\"color\":\"green\",\"italic\":false}','{\"text\":\"Wearer gains 4 health after killing a mob.\",\"color\":\"gray\",\"italic\":false}','{\"text\":\"Gains additional 4 health and Strength II\",\"color\":\"gray\",\"italic\":false}','{\"text\":\"for 10 seconds after a player kill.\",\"color\":\"gray\",\"italic\":false}'],color:16771415},HideFlags:64,RepairCost:99999,Unbreakable:1b,armor:desert_chestplate}"
            },
            {
              "function": "minecraft:set_enchantments",
              "enchantments": {
                "minecraft:protection": {
                  "min": 2,
                  "max": 6
                },
                "minecraft:projectile_protection": {
                  "min": 3,
                  "max": 9
                },
                "minecraft:blast_protection": {
                  "min": 5,
                  "max": 10
                },
                "minecraft:fire_protection": {
                  "min": 1,
                  "max": 10
                }
              }
            },
            {
              "function": "minecraft:set_nbt",
              "tag": "{Unbreakable:1}"
            },
            {
              "function": "minecraft:set_attributes",
              "modifiers": [
                {
                  "attribute": "minecraft:generic.knockback_resistance",
                  "name": "minecraft:generic.knockback_resistance",
                  "amount": 0.1,
                  "operation": "addition",
                  "slot": "chest"
                },
                {
                  "attribute": "minecraft:generic.max_health",
                  "name": "minecraft:generic.max_health",
                  "amount": 5,
                  "operation": "addition",
                  "slot": "chest"
                },
                {
                  "attribute": "minecraft:generic.attack_speed",
                  "name": "minecraft:generic.attack_speed",
                  "amount": 0.1,
                  "operation": "multiply_base",
                  "slot": "chest"
                },
                {
                  "attribute": "minecraft:generic.armor_toughness",
                  "name": "minecraft:generic.armor_toughness",
                  "amount": 4,
                  "operation": "addition",
                  "slot": "chest"
                },
                {
                  "attribute": "minecraft:generic.armor",
                  "name": "minecraft:generic.armor",
                  "amount": 9.5,
                  "operation": "addition",
                  "slot": "chest"
                }
              ]
            }
          ]
        },
        {
          "type": "item",
          "weight": 1,
          "name": "minecraft:leather_chestplate",
          "functions": [
            {
              "function": "set_count",
              "count": 1
            },
            {
              "function": "minecraft:set_nbt",
              "tag": "{display:{Name:'{\"text\":\"Desert Chestplate\",\"color\":\"gold\",\"italic\":false}',Lore:['{\"text\":\" \"}','{\"text\":\"Ability:\",\"color\":\"green\",\"italic\":false}','{\"text\":\"Wearer gains 4 health after killing a mob.\",\"color\":\"gray\",\"italic\":false}','{\"text\":\"Gains additional 4 health and Strength II\",\"color\":\"gray\",\"italic\":false}','{\"text\":\"for 10 seconds after a player kill.\",\"color\":\"gray\",\"italic\":false}'],color:16771415},HideFlags:64,RepairCost:99999,Unbreakable:1b,armor:desert_chestplate}"
            },
            {
              "function": "minecraft:set_enchantments",
              "enchantments": {
                "minecraft:protection": {
                  "min": 2,
                  "max": 6
                },
                "minecraft:projectile_protection": {
                  "min": 3,
                  "max": 9
                },
                "minecraft:blast_protection": {
                  "min": 5,
                  "max": 10
                },
                "minecraft:fire_protection": {
                  "min": 1,
                  "max": 10
                }
              }
            },
            {
              "function": "minecraft:set_nbt",
              "tag": "{Unbreakable:1}"
            },
            {
              "function": "minecraft:set_attributes",
              "modifiers": [
                {
                  "attribute": "minecraft:generic.knockback_resistance",
                  "name": "minecraft:generic.knockback_resistance",
                  "amount": 0.1,
                  "operation": "addition",
                  "slot": "chest"
                },
                {
                  "attribute": "minecraft:generic.max_health",
                  "name": "minecraft:generic.max_health",
                  "amount": 5,
                  "operation": "addition",
                  "slot": "chest"
                },
                {
                  "attribute": "minecraft:generic.attack_speed",
                  "name": "minecraft:generic.attack_speed",
                  "amount": 0.1,
                  "operation": "multiply_base",
                  "slot": "chest"
                },
                {
                  "attribute": "minecraft:generic.armor_toughness",
                  "name": "minecraft:generic.armor_toughness",
                  "amount": 5,
                  "operation": "addition",
                  "slot": "chest"
                },
                {
                  "attribute": "minecraft:generic.armor",
                  "name": "minecraft:generic.armor",
                  "amount": 9.5,
                  "operation": "addition",
                  "slot": "chest"
                }
              ]
            }
          ]
        },
        {
          "type": "item",
          "weight": 1,
          "name": "minecraft:leather_chestplate",
          "functions": [
            {
              "function": "set_count",
              "count": 1
            },
            {
              "function": "minecraft:set_nbt",
              "tag": "{display:{Name:'{\"text\":\"Desert Chestplate\",\"color\":\"gold\",\"italic\":false}',Lore:['{\"text\":\" \"}','{\"text\":\"Ability:\",\"color\":\"green\",\"italic\":false}','{\"text\":\"Wearer gains 4 health after killing a mob.\",\"color\":\"gray\",\"italic\":false}','{\"text\":\"Gains additional 4 health and Strength II\",\"color\":\"gray\",\"italic\":false}','{\"text\":\"for 10 seconds after a player kill.\",\"color\":\"gray\",\"italic\":false}'],color:16771415},HideFlags:64,RepairCost:99999,Unbreakable:1b,armor:desert_chestplate}"
            },
            {
              "function": "minecraft:set_enchantments",
              "enchantments": {
                "minecraft:protection": {
                  "min": 2,
                  "max": 6
                },
                "minecraft:projectile_protection": {
                  "min": 3,
                  "max": 9
                },
                "minecraft:blast_protection": {
                  "min": 5,
                  "max": 10
                },
                "minecraft:fire_protection": {
                  "min": 1,
                  "max": 10
                }
              }
            },
            {
              "function": "minecraft:set_nbt",
              "tag": "{Unbreakable:1}"
            },
            {
              "function": "minecraft:set_attributes",
              "modifiers": [
                {
                  "attribute": "minecraft:generic.knockback_resistance",
                  "name": "minecraft:generic.knockback_resistance",
                  "amount": 0.1,
                  "operation": "addition",
                  "slot": "chest"
                },
                {
                  "attribute": "minecraft:generic.max_health",
                  "name": "minecraft:generic.max_health",
                  "amount": 5,
                  "operation": "addition",
                  "slot": "chest"
                },
                {
                  "attribute": "minecraft:generic.attack_speed",
                  "name": "minecraft:generic.attack_speed",
                  "amount": 0.1,
                  "operation": "multiply_base",
                  "slot": "chest"
                },
                {
                  "attribute": "minecraft:generic.armor_toughness",
                  "name": "minecraft:generic.armor_toughness",
                  "amount": 3.5,
                  "operation": "addition",
                  "slot": "chest"
                },
                {
                  "attribute": "minecraft:generic.armor",
                  "name": "minecraft:generic.armor",
                  "amount": 10,
                  "operation": "addition",
                  "slot": "chest"
                }
              ]
            }
          ]
        },
        {
          "type": "item",
          "weight": 1,
          "name": "minecraft:leather_chestplate",
          "functions": [
            {
              "function": "set_count",
              "count": 1
            },
            {
              "function": "minecraft:set_nbt",
              "tag": "{display:{Name:'{\"text\":\"Desert Chestplate\",\"color\":\"gold\",\"italic\":false}',Lore:['{\"text\":\" \"}','{\"text\":\"Ability:\",\"color\":\"green\",\"italic\":false}','{\"text\":\"Wearer gains 4 health after killing a mob.\",\"color\":\"gray\",\"italic\":false}','{\"text\":\"Gains additional 4 health and Strength II\",\"color\":\"gray\",\"italic\":false}','{\"text\":\"for 10 seconds after a player kill.\",\"color\":\"gray\",\"italic\":false}'],color:16771415},HideFlags:64,RepairCost:99999,Unbreakable:1b,armor:desert_chestplate}"
            },
            {
              "function": "minecraft:set_enchantments",
              "enchantments": {
                "minecraft:protection": {
                  "min": 2,
                  "max": 6
                },
                "minecraft:projectile_protection": {
                  "min": 3,
                  "max": 9
                },
                "minecraft:blast_protection": {
                  "min": 5,
                  "max": 10
                },
                "minecraft:fire_protection": {
                  "min": 1,
                  "max": 10
                }
              }
            },
            {
              "function": "minecraft:set_nbt",
              "tag": "{Unbreakable:1}"
            },
            {
              "function": "minecraft:set_attributes",
              "modifiers": [
                {
                  "attribute": "minecraft:generic.knockback_resistance",
                  "name": "minecraft:generic.knockback_resistance",
                  "amount": 0.1,
                  "operation": "addition",
                  "slot": "chest"
                },
                {
                  "attribute": "minecraft:generic.max_health",
                  "name": "minecraft:generic.max_health",
                  "amount": 5,
                  "operation": "addition",
                  "slot": "chest"
                },
                {
                  "attribute": "minecraft:generic.attack_speed",
                  "name": "minecraft:generic.attack_speed",
                  "amount": 0.1,
                  "operation": "multiply_base",
                  "slot": "chest"
                },
                {
                  "attribute": "minecraft:generic.armor_toughness",
                  "name": "minecraft:generic.armor_toughness",
                  "amount": 4,
                  "operation": "addition",
                  "slot": "chest"
                },
                {
                  "attribute": "minecraft:generic.armor",
                  "name": "minecraft:generic.armor",
                  "amount": 10,
                  "operation": "addition",
                  "slot": "chest"
                }
              ]
            }
          ]
        },
        {
          "type": "item",
          "weight": 1,
          "name": "minecraft:leather_chestplate",
          "functions": [
            {
              "function": "set_count",
              "count": 1
            },
            {
              "function": "minecraft:set_nbt",
              "tag": "{display:{Name:'{\"text\":\"Desert Chestplate\",\"color\":\"gold\",\"italic\":false}',Lore:['{\"text\":\" \"}','{\"text\":\"Ability:\",\"color\":\"green\",\"italic\":false}','{\"text\":\"Wearer gains 4 health after killing a mob.\",\"color\":\"gray\",\"italic\":false}','{\"text\":\"Gains additional 4 health and Strength II\",\"color\":\"gray\",\"italic\":false}','{\"text\":\"for 10 seconds after a player kill.\",\"color\":\"gray\",\"italic\":false}'],color:16771415},HideFlags:64,RepairCost:99999,Unbreakable:1b,armor:desert_chestplate}"
            },
            {
              "function": "minecraft:set_enchantments",
              "enchantments": {
                "minecraft:protection": {
                  "min": 2,
                  "max": 6
                },
                "minecraft:projectile_protection": {
                  "min": 3,
                  "max": 9
                },
                "minecraft:blast_protection": {
                  "min": 5,
                  "max": 10
                },
                "minecraft:fire_protection": {
                  "min": 1,
                  "max": 10
                }
              }
            },
            {
              "function": "minecraft:set_nbt",
              "tag": "{Unbreakable:1}"
            },
            {
              "function": "minecraft:set_attributes",
              "modifiers": [
                {
                  "attribute": "minecraft:generic.knockback_resistance",
                  "name": "minecraft:generic.knockback_resistance",
                  "amount": 0.1,
                  "operation": "addition",
                  "slot": "chest"
                },
                {
                  "attribute": "minecraft:generic.max_health",
                  "name": "minecraft:generic.max_health",
                  "amount": 5,
                  "operation": "addition",
                  "slot": "chest"
                },
                {
                  "attribute": "minecraft:generic.attack_speed",
                  "name": "minecraft:generic.attack_speed",
                  "amount": 0.1,
                  "operation": "multiply_base",
                  "slot": "chest"
                },
                {
                  "attribute": "minecraft:generic.armor_toughness",
                  "name": "minecraft:generic.armor_toughness",
                  "amount": 3.5,
                  "operation": "addition",
                  "slot": "chest"
                },
                {
                  "attribute": "minecraft:generic.armor",
                  "name": "minecraft:generic.armor",
                  "amount": 10,
                  "operation": "addition",
                  "slot": "chest"
                }
              ]
            }
          ]
        },
        {
          "type": "item",
          "weight": 1,
          "name": "minecraft:leather_chestplate",
          "functions": [
            {
              "function": "set_count",
              "count": 1
            },
            {
              "function": "minecraft:set_nbt",
              "tag": "{display:{Name:'{\"text\":\"Desert Chestplate\",\"color\":\"gold\",\"italic\":false}',Lore:['{\"text\":\" \"}','{\"text\":\"Ability:\",\"color\":\"green\",\"italic\":false}','{\"text\":\"Wearer gains 4 health after killing a mob.\",\"color\":\"gray\",\"italic\":false}','{\"text\":\"Gains additional 4 health and Strength II\",\"color\":\"gray\",\"italic\":false}','{\"text\":\"for 10 seconds after a player kill.\",\"color\":\"gray\",\"italic\":false}'],color:16771415},HideFlags:64,RepairCost:99999,Unbreakable:1b,armor:desert_chestplate}"
            },
            {
              "function": "minecraft:set_enchantments",
              "enchantments": {
                "minecraft:protection": {
                  "min": 2,
                  "max": 6
                },
                "minecraft:projectile_protection": {
                  "min": 3,
                  "max": 9
                },
                "minecraft:blast_protection": {
                  "min": 5,
                  "max": 10
                },
                "minecraft:fire_protection": {
                  "min": 1,
                  "max": 10
                }
              }
            },
            {
              "function": "minecraft:set_nbt",
              "tag": "{Unbreakable:1}"
            },
            {
              "function": "minecraft:set_attributes",
              "modifiers": [
                {
                  "attribute": "minecraft:generic.knockback_resistance",
                  "name": "minecraft:generic.knockback_resistance",
                  "amount": 0.1,
                  "operation": "addition",
                  "slot": "chest"
                },
                {
                  "attribute": "minecraft:generic.max_health",
                  "name": "minecraft:generic.max_health",
                  "amount": 5,
                  "operation": "addition",
                  "slot": "chest"
                },
                {
                  "attribute": "minecraft:generic.attack_speed",
                  "name": "minecraft:generic.attack_speed",
                  "amount": 0.1,
                  "operation": "multiply_base",
                  "slot": "chest"
                },
                {
                  "attribute": "minecraft:generic.armor_toughness",
                  "name": "minecraft:generic.armor_toughness",
                  "amount": 4.5,
                  "operation": "addition",
                  "slot": "chest"
                },
                {
                  "attribute": "minecraft:generic.armor",
                  "name": "minecraft:generic.armor",
                  "amount": 10,
                  "operation": "addition",
                  "slot": "chest"
                }
              ]
            }
          ]
        }
      ]
    }
  ]
}