{
  "type": "minecraft:chest",
  "pools": [
    {
      "rolls": 1,
      "bonus_rolls": 0,
      "entries": [
        {
          "type": "minecraft:item",
          "weight": 20,
          "name": "minecraft:chest",
          "functions": [
            {
              "function": "minecraft:set_count",
              "count": {
                "type": "minecraft:uniform",
                "min": 1,
                "max": 1
              },
              "add": false
            },
            {
              "function": "minecraft:set_name",
              "name": [
                {
                  "text": "Blessing of the Mountain",
                  "color": "gold",
                  "italic": false
                }
              ]
            },
            {
              "function": "minecraft:set_contents",
              "type": "minecraft:chest",
              "entries": [
                {
                  "type": "minecraft:item",
                  "name": "minecraft:netherite_pickaxe",
                  "functions": [
                    {
                      "function": "minecraft:set_nbt",
                      "tag": "{HideFlags:2}"
                    },
                    {
                      "function": "minecraft:set_name",
                      "entity": "this",
                      "name": [
                        {
                          "text": "Forged Netherite Pickaxe",
                          "color": "gold",
                          "italic": false
                        }
                      ]
                    },
                    {
                      "function": "minecraft:set_attributes",
                      "modifiers": [
                        {
                          "attribute": "minecraft:generic.attack_speed",
                          "name": "minecraft:generic.attack_speed",
                          "amount": {
                            "min": 1.4,
                            "max": 1.4
                          },
                          "operation": "addition",
                          "slot": "mainhand"
                        },
                        {
                          "attribute": "minecraft:generic.attack_speed",
                          "name": "minecraft:generic.attack_speed",
                          "amount": -4,
                          "operation": "addition",
                          "slot": "mainhand"
                        },
                        {
                          "attribute": "minecraft:generic.attack_damage",
                          "name": "minecraft:generic.attack_damage",
                          "amount": {
                            "min": 21,
                            "max": 21
                          },
                          "operation": "addition",
                          "slot": "mainhand"
                        }
                      ]
                    },
                    {
                      "function": "minecraft:set_enchantments",
                      "enchantments": {
                        "minecraft:efficiency": {
                          "min": 3,
                          "max": 9
                        },
                        "minecraft:unbreaking": {
                          "min": 4,
                          "max": 10
                        },
                        "minecraft:fortune": {
                          "min": 1,
                          "max": 5
                        },
                        "minecraft:mending": {
                          "min": 0,
                          "max": 1
                        }
                      }
                    },
                    {
                      "function": "minecraft:set_lore",
                      "lore": [
                        {
                          "text": " "
                        },
                        {
                          "text": "When in Main Hand:",
                          "color": "gray",
                          "italic": false
                        },
                        {
                          "text": " 22 Attack Damage",
                          "color": "dark_green",
                          "italic": false
                        },
                        {
                          "text": " 1.4 Attack Speed",
                          "color": "dark_green",
                          "italic": false
                        }
                      ]
                    }
                  ]
                },
                {
                  "type": "minecraft:item",
                  "name": "minecraft:netherite_sword",
                  "functions": [
                    {
                      "function": "minecraft:set_nbt",
                      "tag": "{HideFlags:2}"
                    },
                    {
                      "function": "minecraft:set_name",
                      "entity": "this",
                      "name": [
                        {
                          "text": "Forged Netherite Sword",
                          "color": "gold",
                          "italic": false
                        }
                      ]
                    },
                    {
                      "function": "minecraft:set_attributes",
                      "modifiers": [
                        {
                          "attribute": "minecraft:generic.attack_speed",
                          "name": "minecraft:generic.attack_speed",
                          "amount": {
                            "min": 1.8,
                            "max": 1.8
                          },
                          "operation": "addition",
                          "slot": "mainhand"
                        },
                        {
                          "attribute": "minecraft:generic.attack_speed",
                          "name": "minecraft:generic.attack_speed",
                          "amount": -4,
                          "operation": "addition",
                          "slot": "mainhand"
                        },
                        {
                          "attribute": "minecraft:generic.attack_damage",
                          "name": "minecraft:generic.attack_damage",
                          "amount": {
                            "min": 23.5,
                            "max": 23.5
                          },
                          "operation": "addition",
                          "slot": "mainhand"
                        }
                      ]
                    },
                    {
                      "function": "minecraft:set_enchantments",
                      "enchantments": {
                        "minecraft:sharpness": {
                          "min": 1,
                          "max": 10
                        },
                        "minecraft:unbreaking": {
                          "min": 1,
                          "max": 10
                        },
                        "minecraft:fire_aspect": {
                          "min": 1,
                          "max": 5
                        },
                        "minecraft:knockback": {
                          "min": 1,
                          "max": 3
                        },
                        "minecraft:looting": {
                          "min": 1,
                          "max": 5
                        },
                        "minecraft:mending": {
                          "min": 0,
                          "max": 1
                        }
                      }
                    },
                    {
                      "function": "minecraft:set_lore",
                      "lore": [
                        {
                          "text": " "
                        },
                        {
                          "text": "When in Main Hand:",
                          "color": "gray",
                          "italic": false
                        },
                        {
                          "text": " 24.5 Attack Damage",
                          "color": "dark_green",
                          "italic": false
                        },
                        {
                          "text": " 1.8 Attack Speed",
                          "color": "dark_green",
                          "italic": false
                        }
                      ]
                    }
                  ]
                }
              ]
            }
          ]
        }
      ]
    }
  ]
}