{
  "criteria": {
    "requirement": {
      "trigger": "minecraft:player_killed_entity",
      "conditions": {
        "entity": [
          {
            "condition": "minecraft:inverted",
            "term": {
              "condition": "minecraft:entity_properties",
              "entity": "this",
              "predicate": {
                "type": "minecraft:player"
              }
            }
          }
        ]
      }
    }
  },
  "rewards": {
    "function": "mt:special_items/weapons/desert_chestplate_ability"
  }
}