{
  "criteria": {
    "requirement": {
      "trigger": "minecraft:entity_hurt_player",
      "conditions": {
        "player": [
          {
            "condition": "minecraft:entity_properties",
            "entity": "this",
            "predicate": {
              "equipment": {
                "legs": {
                  "nbt": "{armor:lush_cave_leggings}"
                }
              }
            }
          }
        ],
        "damage": {
          "taken": {
            "min": 1,
            "max": 9999
          },
          "type": {
            "is_explosion": false,
            "is_fire": false,
            "is_magic": false,
            "is_projectile": true,
            "is_lightning": false,
            "bypasses_armor": false,
            "bypasses_invulnerability": false,
            "bypasses_magic": false
          }
        }
      }
    }
  }
}