{
  "pools": [
    {
      "rolls": 8,
      "bonus_rolls": {
        "min": 1,
        "max": 6
      },
      "entries": [
        {
          "type": "minecraft:item",
          "weight": 3,
          "name": "minecraft:golden_apple",
          "functions": [
            {
              "function": "minecraft:set_count",
              "count": {
                "min": 4,
                "max": 8
              }
            }
          ]
        },
        {
          "type": "minecraft:item",
          "weight": 1,
          "name": "minecraft:enchanted_golden_apple",
          "functions": [
            {
              "function": "minecraft:set_count",
              "count": {
                "min": 1,
                "max": 2
              }
            }
          ]
        },
        {
          "type": "minecraft:item",
          "weight": 2,
          "name": "minecraft:diamond_block",
          "functions": [
            {
              "function": "minecraft:set_count",
              "count": {
                "min": 1,
                "max": 2
              }
            }
          ]
        },
        {
          "type": "minecraft:item",
          "weight": 3,
          "name": "minecraft:emerald_block",
          "functions": [
            {
              "function": "minecraft:set_count",
              "count": {
                "min": 2,
                "max": 4
              }
            }
          ]
        },
        {
          "type": "minecraft:item",
          "weight": 3,
          "name": "minecraft:sculk_sensor",
          "functions": [
            {
              "function": "minecraft:set_count",
              "count": {
                "min": 2,
                "max": 4
              }
            }
          ]
        },
        {
          "type": "minecraft:item",
          "weight": 3,
          "name": "minecraft:turtle_egg",
          "functions": [
            {
              "function": "minecraft:set_count",
              "count": {
                "min": 2,
                "max": 4
              }
            }
          ]
        },
        {
          "type": "minecraft:item",
          "weight": 1,
          "name": "minecraft:wither_skeleton_skull",
          "functions": [
            {
              "function": "minecraft:set_attributes",
              "modifiers": [
                {
                  "attribute": "minecraft:generic.armor",
                  "name": "minecraft:generic.armor",
                  "amount": {
                    "min": 3.5,
                    "max": 3.5
                  },
                  "operation": "addition",
                  "slot": "head"
                },
                {
                  "attribute": "minecraft:generic.armor_toughness",
                  "name": "minecraft:generic.armor_toughness",
                  "amount": {
                    "min": 3.5,
                    "max": 3.5
                  },
                  "operation": "addition",
                  "slot": "head"
                }
              ]
            },
            {
              "function": "minecraft:set_name",
              "name": [
                {
                  "text": "Wither Helmet",
                  "color": "light_purple",
                  "italic": "false"
                }
              ]
            },
            {
              "function": "minecraft:set_nbt",
              "tag": "{armor:wither}"
            },
            {
              "function": "minecraft:set_enchantments",
              "enchantments": {
                "minecraft:blast_protection": {
                  "min": 0,
                  "max": 5
                },
                "minecraft:fire_protection": {
                  "min": 0,
                  "max": 5
                },
                "minecraft:projectile_protection": {
                  "min": 0,
                  "max": 5
                },
                "minecraft:protection": {
                  "min": 0,
                  "max": 5
                }
              }
            }
          ],
          "conditions": [
            {
              "condition": "minecraft:random_chance",
              "chance": 0.75
            }
          ]
        },
        {
          "type": "minecraft:item",
          "weight": 3,
          "name": "minecraft:tipped_arrow",
          "functions": [
            {
              "function": "minecraft:set_count",
              "count": {
                "min": 2,
                "max": 4
              }
            },
            {
              "function": "minecraft:set_nbt",
              "tag": "{display:{Name:'{\"text\":\"Poison Arrow\",\"color\":\"#46F057\",\"italic\":false}'},HideFlags:32,CustomPotionEffects:[{Id:19b,Amplifier:3b,Duration:140,ShowParticles:1b},{Id:2b,Amplifier:3b,Duration:140,ShowParticles:1b},{Id:15b,Amplifier:3b,Duration:140,ShowParticles:1b}],CustomPotionColor:4915005}"
            },
            {
              "function": "set_lore",
              "lore": [
                {
                  "text": "A deadly arrow, applies Poison II, ",
                  "color": "gray",
                  "italic": "false"
                },
                {
                  "text": "Blindness and Slowness IV for 7 seconds. ",
                  "color": "gray",
                  "italic": "false"
                }
              ]
            }
          ]
        }
      ]
    }
  ]
}