{
  "type": "minecraft:chest",
  "pools": [
    {
      "rolls": {
        "type": "minecraft:uniform",
        "min": 8,
        "max": 10
      },
      "bonus_rolls": {
        "min": 1,
        "max": 6
      },
      "entries": [
        {
          "type": "minecraft:loot_table",
          "weight": 1,
          "name": "minecraft:chests/mountain_treasure/mountain_leggings",
          "conditions": [
            {
              "condition": "minecraft:random_chance",
              "chance": 0.53
            }
          ]
        },
        {
          "type": "minecraft:item",
          "weight": 1,
          "name": "minecraft:netherite_block",
          "functions": [
            {
              "function": "minecraft:set_count",
              "count": {
                "min": 1,
                "max": 1
              },
              "add": false
            }
          ],
          "conditions": [
            {
              "condition": "minecraft:random_chance",
              "chance": 0.6
            }
          ]
        },
        {
          "type": "minecraft:item",
          "weight": 1,
          "name": "minecraft:goat_horn",
          "functions": [
            {
              "function": "minecraft:set_nbt",
              "tag": "{instrument:\"minecraft:yearn_goat_horn\",weapon:mountainhorn,Enchantments:[{}]}"
            },
            {
              "function": "minecraft:set_name",
              "name": [
                {
                  "text": "Horn of the Mountain",
                  "color": "gold",
                  "italic": false
                }
              ]
            },
            {
              "function": "minecraft:set_lore",
              "lore": [
                {
                  "text": " ",
                  "color": "white",
                  "italic": false
                },
                {
                  "text": "Ability:",
                  "color": "green",
                  "italic": false
                },
                {
                  "text": "Blowing in the horn frightens",
                  "color": "gray",
                  "italic": false
                },
                {
                  "text": "in a 30 block radius applying",
                  "color": "gray",
                  "italic": false
                },
                {
                  "text": "Weakness, Speed and Glowing",
                  "color": "gray",
                  "italic": false
                },
                {
                  "text": "to opponents for 4 seconds. ",
                  "color": "gray",
                  "italic": false
                }
              ]
            }
          ]
        },
        {
          "type": "minecraft:item",
          "weight": 2,
          "name": "minecraft:anvil",
          "functions": [
            {
              "function": "minecraft:set_count",
              "count": {
                "min": 2,
                "max": 5
              },
              "add": false
            }
          ],
          "conditions": [
            {
              "condition": "minecraft:random_chance",
              "chance": 1
            }
          ]
        },
        {
          "type": "minecraft:item",
          "weight": 2,
          "name": "minecraft:brown_shulker_box",
          "functions": [
            {
              "function": "minecraft:set_loot_table",
              "type": "minecraft:shulker_box",
              "name": "minecraft:chests/mountain_treasure/mineshaft",
              "conditions": [
                {
                  "condition": "minecraft:random_chance",
                  "chance": 0.2
                }
              ]
            }
          ]
        },
        {
          "type": "minecraft:item",
          "weight": 2,
          "name": "minecraft:enchanted_golden_apple",
          "functions": [
            {
              "function": "minecraft:set_count",
              "count": {
                "min": 2,
                "max": 4
              },
              "add": false
            }
          ],
          "conditions": [
            {
              "condition": "minecraft:random_chance",
              "chance": 0.75
            }
          ]
        },
        {
          "type": "minecraft:item",
          "weight": 3,
          "name": "minecraft:golden_apple",
          "functions": [
            {
              "function": "minecraft:set_count",
              "count": {
                "min": 4,
                "max": 8
              },
              "add": false
            }
          ],
          "conditions": [
            {
              "condition": "minecraft:random_chance",
              "chance": 1
            }
          ]
        },
        {
          "type": "minecraft:item",
          "weight": 3,
          "name": "minecraft:obsidian",
          "functions": [
            {
              "function": "minecraft:set_count",
              "count": {
                "min": {
                  "type": "minecraft:constant",
                  "value": 10
                },
                "max": {
                  "type": "minecraft:constant",
                  "value": 20
                }
              },
              "add": false
            }
          ]
        },
        {
          "type": "minecraft:item",
          "weight": 3,
          "name": "minecraft:emerald_block",
          "functions": [
            {
              "function": "minecraft:set_count",
              "count": {
                "min": {
                  "type": "minecraft:constant",
                  "value": 5
                },
                "max": {
                  "type": "minecraft:constant",
                  "value": 10
                }
              },
              "add": false
            }
          ]
        },
        {
          "type": "minecraft:item",
          "weight": 3,
          "name": "minecraft:diamond_block",
          "functions": [
            {
              "function": "minecraft:set_count",
              "count": {
                "min": {
                  "type": "minecraft:constant",
                  "value": 5
                },
                "max": {
                  "type": "minecraft:constant",
                  "value": 10
                }
              },
              "add": false
            }
          ]
        },
        {
          "type": "minecraft:item",
          "weight": 3,
          "name": "minecraft:gold_block",
          "functions": [
            {
              "function": "minecraft:set_count",
              "count": {
                "min": {
                  "type": "minecraft:constant",
                  "value": 10
                },
                "max": {
                  "type": "minecraft:constant",
                  "value": 15
                }
              },
              "add": false
            }
          ]
        },
        {
          "type": "minecraft:item",
          "weight": 2,
          "name": "minecraft:netherite_ingot",
          "functions": [
            {
              "function": "minecraft:set_count",
              "count": {
                "min": {
                  "type": "minecraft:constant",
                  "value": 1
                },
                "max": {
                  "type": "minecraft:constant",
                  "value": 1
                }
              },
              "add": false
            }
          ]
        }
      ]
    }
  ]
}
