{
  "type": "minecraft:chest",
  "pools": [
    {
      "rolls": {
        "min": 8,
        "max": 12
      },
      "bonus_rolls": {
        "min": 1,
        "max": 6
      },
      "entries": [
        {
          "type": "minecraft:item",
          "weight": 1,
          "name": "minecraft:netherite_scrap",
          "functions": [
            {
              "function": "minecraft:set_count",
              "count": {
                "min": 1,
                "max": 1
              }
            }
          ]
        },
        {
          "type": "minecraft:item",
          "weight": 2,
          "name": "minecraft:gold_block",
          "functions": [
            {
              "function": "minecraft:set_count",
              "count": {
                "min": 4,
                "max": 8
              }
            }
          ]
        },
        {
          "type": "minecraft:item",
          "weight": 1,
          "name": "minecraft:enchanted_golden_apple",
          "functions": [
            {
              "function": "minecraft:set_count",
              "count": {
                "min": 1,
                "max": 1
              }
            }
          ]
        },
        {
          "type": "item",
          "weight": 1,
          "name": "minecraft:firework_rocket",
          "functions": [
            {
              "function": "minecraft:set_count",
              "count": {
                "min": 2,
                "max": 4
              }
            },
            {
              "function": "set_nbt",
              "tag": "{display:{Name:'{\"text\":\"Blight Rocket\",\"color\":\"light_purple\",\"italic\":false}'},weapon:blight,HideFlags:127,Fireworks:{Flight:1b,Explosions:[{Type:4,Colors:[I;16742674],FadeColors:[I;16757826]},{Type:1,Colors:[I;16758663],FadeColors:[I;1511440]},{Type:2,Colors:[I;8741705],FadeColors:[I;16762900]},{Type:4,Colors:[I;16729119],FadeColors:[I;14054748]},{Type:1},{Type:1},{Type:1},{Type:1},{Type:1},{Type:1},{Type:1}]}}"
            },
            {
              "function": "set_lore",
              "lore": [
                {
                  "text": "A deadly firework rocket capable of ",
                  "color": "gray",
                  "italic": "false"
                },
                {
                  "text": "eliminating an Iron Golem in 5 hits. ",
                  "color": "gray",
                  "italic": "false"
                }
              ]
            }
		  ]
		},
        {
          "type": "minecraft:item",
          "weight": 3,
          "name": "minecraft:golden_apple",
          "functions": [
            {
              "function": "minecraft:set_count",
              "count": {
                "type": "minecraft:constant",
                "value": 5
              },
              "add": true
            }
          ]
        },
        {
          "type": "item",
          "weight": 2,
          "name": "minecraft:tnt",
          "functions": [
            {
              "function": "minecraft:limit_count",
              "limit": {
                "min": 10,
                "max": 20
              }
            },
            {
              "function": "set_nbt",
              "tag": "{display:{Name:'{\"text\":\"Unstable TNT\",\"color\":\"aqua\",\"italic\":false}'},BlockStateTag:{unstable:\"true\"}}"
            },
            {
              "function": "set_lore",
              "lore": [
                {
                  "text": "Be careful when placing as it ",
                  "color": "gray",
                  "italic": "false"
                },
                {
                  "text": "explodes upon being touched. ",
                  "color": "gray",
                  "italic": "false"
                }
              ]
            }
          ]
        }
      ]
    }
  ]
}
