{
  "type": "minecraft:chest",
  "pools": [
    {
      "rolls": {
        "type": "minecraft:uniform",
        "min": 8,
        "max": 10
      },
      "bonus_rolls": {
        "min": 1,
        "max": 6
      },
      "entries": [
        {
          "type": "minecraft:item",
          "weight": 1,
          "name": "minecraft:crossbow",
          "functions": [
            {
              "function": "minecraft:set_attributes",
              "modifiers": [
                {
                  "attribute": "minecraft:generic.movement_speed",
                  "name": "minecraft:generic.movement_speed",
                  "amount": {
                    "min": 0.05,
                    "max": 0.05
                  },
                  "operation": "multiply_total",
                  "slot": [
                    "mainhand"
                  ]
                },
                {
                  "attribute": "minecraft:generic.movement_speed",
                  "name": "minecraft:generic.movement_speed",
                  "amount": {
                    "min": 0.05,
                    "max": 0.05
                  },
                  "operation": "multiply_total",
                  "slot": "offhand"
                }
              ]
            },
            {
              "function": "minecraft:set_enchantments",
              "enchantments": {
                "minecraft:piercing": {
                  "min": 5,
                  "max": 10
                },
                "minecraft:quick_charge": 5,
                "minecraft:unbreaking": {
                  "min": 1,
                  "max": 10
                },
                "minecraft:mending": {
                  "min": 0,
                  "max": 1
                },
                "minecraft:multishot": {
                  "min": 0,
                  "max": 1
                }
              }
			}
		  ]
	    },
        {
          "type": "minecraft:loot_table",
          "weight": 1,
          "name": "mt:chests/badlands_treasure/badlands_helmet",
          "conditions": [
            {
              "condition": "minecraft:random_chance",
              "chance": 0.5
            }
          ]
        },
        {
          "type": "item",
          "weight": 1,
          "name": "minecraft:splash_potion",
          "functions": [
            {
              "function": "set_count",
              "count": 1
            },
            {
              "function": "set_nbt",
              "tag": "{display:{Name:'{\"text\":\"Grenade\",\"color\":\"gold\",\"italic\":false}'},HideFlags:127,CustomPotionEffects:[{Id:2b,Amplifier:2b,Duration:121},{Id:7b,Amplifier:2b,Duration:121,ShowParticles:0b},{Id:15b,Amplifier:1b,Duration:121,ShowParticles:0b}],CustomPotionColor:0}"
            },
            {
              "function": "set_lore",
              "lore": [
                {
                  "text": "Does a ton of damage and blinds ",
                  "color": "gray",
                  "italic": "false"
                },
                {
                  "text": "the opponents on a direct hit. ",
                  "color": "gray",
                  "italic": "false"
                }
              ]
            }
          ]
		},
        {
          "type": "item",
          "weight": 1,
          "name": "minecraft:firework_rocket",
          "functions": [
            {
              "function": "minecraft:set_count",
              "count": {
                "min": 1,
                "max": 3
              }
            },
            {
              "function": "set_nbt",
              "tag": "{display:{Name:'{\"text\":\"Desolation Rocket\",\"color\":\"gold\",\"italic\":false}'},weapon:deso,HideFlags:127,Fireworks:{Flight:1b,Explosions:[{Type:0},{Type:0},{Type:0},{Type:0},{Type:0},{Type:0},{Type:0},{Type:0},{Type:0},{Type:0},{Type:0},{Type:0},{Type:0},{Type:0},{Type:0},{Type:0},{Type:0},{Type:0},{Type:0},{Type:0},{Type:0},{Type:0},{Type:0},{Type:0},{Type:0},{Type:0},{Type:0},{Type:0},{Type:0},{Type:0},{Type:0},{Type:0},{Type:0},{Type:0},{Type:0},{Type:0},{Type:0},{Type:0},{Type:0},{Type:0},{Type:0},{Type:0},{Type:0},{Type:0},{Type:0},{Type:0},{Type:0},{Type:0},{Type:0},{Type:0},{Type:0},{Type:0},{Type:0},{Type:0},{Type:0},{Type:0},{Type:0},{Type:0},{Type:0},{Type:0},{Type:0},{Type:0},{Type:0},{Type:0},{Type:0}]}}"
            },
            {
              "function": "set_lore",
              "lore": [
                {
                  "text": "A deadly firework rocket capable ",
                  "color": "gray",
                  "italic": "false"
                },
                {
                  "text": "of killing an Iron Golem in 2 hits. ",
                  "color": "gray",
                  "italic": "false"
                }
              ]
            }
		  ]
		},
        {
          "type": "minecraft:item",
          "weight": 2,
          "name": "minecraft:orange_shulker_box",
          "functions": [
            {
              "function": "minecraft:set_contents",
              "type": "minecraft:shulker_box",
              "entries": [
                {
                  "type": "minecraft:loot_table",
                  "name": "mt:chests/badlands_treasure/badlands_epic_treasure"
                }
              ]
            }
          ],
          "conditions": [
            {
              "condition": "minecraft:random_chance",
              "chance": 0.5
            }
          ]
        },
        {
          "type": "minecraft:item",
          "weight": 2,
          "name": "minecraft:enchanted_golden_apple",
          "functions": [
            {
              "function": "minecraft:set_count",
              "count": {
                "min": 2,
                "max": 4
              },
              "add": false
            }
          ]
        },
        {
          "type": "minecraft:item",
          "weight": 3,
          "name": "minecraft:golden_apple",
          "functions": [
            {
              "function": "minecraft:set_count",
              "count": {
                "min": 4,
                "max": 8
              },
              "add": false
            }
          ]
        },
        {
          "type": "minecraft:item",
          "weight": 2,
          "name": "minecraft:diamond_block",
          "functions": [
            {
              "function": "minecraft:set_count",
              "count": {
                "min": 4,
                "max": 8
              },
              "add": false
            }
          ]
        },
        {
          "type": "minecraft:item",
          "weight": 3,
          "name": "minecraft:gold_block",
          "functions": [
            {
              "function": "minecraft:set_count",
              "count": {
                "min": 20,
                "max": 30
              },
              "add": false
            }
          ]
        },
        {
          "type": "minecraft:item",
          "weight": 2,
          "name": "minecraft:netherite_scrap",
          "functions": [
            {
              "function": "minecraft:set_count",
              "count": {
                "min": 1,
                "max": 2
              }
            }
          ]
        },
        {
          "type": "minecraft:item",
          "weight": 3,
          "name": "minecraft:shulker_shell",
          "functions": [
            {
              "function": "minecraft:set_count",
              "count": {
                "min": 4,
                "max": 8
              },
              "add": false
            }
		  ]
        },
        {
          "type": "minecraft:item",
          "name": "minecraft:netherite_hoe",
          "functions": [
            {
              "function": "set_name",
              "name": [
                {
                  "text": "Forged Netherite Hoe",
                  "color": "aqua",
                  "italic": "false"
                }
              ]
            },
            {
              "function": "minecraft:set_nbt",
              "tag": "{HideFlags:2}"
            },
			{
              "function": "minecraft:set_lore",
              "lore": [
                {
                  "text": "  "
                },
                {
                  "text": "When in Main Hand:",
                  "color": "gray",
                  "italic": false
                },
                {
                  "text": " 10 Attack Damage",
                  "color": "dark_green",
                  "italic": false
                },
                {
                  "text": " 4 Attack Speed",
                  "color": "dark_green",
                  "italic": false
                }
              ]
            },
            {
              "function": "minecraft:set_enchantments",
              "enchantments": {
                "minecraft:unbreaking": {
                  "min": 0,
                  "max": 10
                },
                "minecraft:efficiency": {
                  "min": 0,
                  "max": 10
                },
                "minecraft:silk_touch": {
                  "min": 0,
                  "max": 1
                },
                "minecraft:mending": {
                  "min": 0,
                  "max": 1
                }
              }
            },
            {
              "function": "minecraft:set_attributes",
              "modifiers": [
                {
                  "attribute": "minecraft:generic.attack_damage",
                  "name": "minecraft:generic.attack_damage",
                  "amount": {
                    "min": 15,
                    "max": 15
                  },
                  "operation": "addition",
                  "slot": "mainhand"
                }
              ]
            }
          ]
		}
      ]
    }
  ]
}

