{
  "type": "minecraft:chest",
  "pools": [
    {
      "rolls": 3,
      "entries": [
        {
          "type": "minecraft:item",
          "name": "minecraft:chest",
          "functions": [
            {
              "function": "minecraft:set_loot_table",
              "type": "minecraft:chest",
              "name": "minecraft:chests/ocean_treasure/ocean_rare_treasure"
            },
            {
              "function": "set_name",
              "name": [
                {
                  "text": "Rare Treasure",
                  "color": "aqua",
                  "italic": "false"
                }
              ]
            },
            {
              "function": "minecraft:set_count",
              "count": {
                "min": 1,
                "max": 5
              }
            }
          ]
        }
      ]
    }
  ]
}
