{
  "pools": [
    {
      "rolls": 1,
      "entries": [
        {
          "type": "minecraft:item",
          "weight": 1,
          "name": "minecraft:iron_sword",
          "functions": [
            {
              "function": "set_nbt",
              "tag": "{display:{Name:'{\"text\":\"Hurricane Sword\",\"color\":\"gold\",\"italic\":false}',Lore:['{\"text\":\" \"}','{\"text\":\"Ability:\",\"color\":\"green\",\"italic\":false}','{\"text\":\"Hitting an enemy has a 20% chance to apply \",\"color\":\"gray\",\"italic\":false}','{\"text\":\"gust reducing Attack Damage by 20% and\",\"color\":\"gray\",\"italic\":false}','{\"text\":\"Knockback Resistance to 0 for 5 seconds. \",\"color\":\"gray\",\"italic\":false}']},RepairCost:99999,Unbreakable:1b,weapon:hurri}"
            },
            {
              "function": "minecraft:set_attributes",
              "modifiers": [
                {
                  "attribute": "minecraft:generic.attack_speed",
                  "name": "minecraft:generic.attack_speed",
                  "amount": -2.25,
                  "operation": "addition",
                  "slot": "mainhand"
                },
                {
                  "attribute": "minecraft:generic.attack_damage",
                  "name": "minecraft:generic.attack_damage",
                  "amount": 18,
                  "operation": "addition",
                  "slot": "mainhand"
                }
              ]
            },
            {
              "function": "minecraft:set_nbt",
              "tag": "{HideFlags:2}"
            },
            {
              "function": "minecraft:set_enchantments",
              "enchantments": {
                "minecraft:sharpness": {
                  "min": 1,
                  "max": 10
                },
                "minecraft:sweeping": {
                  "min": 1,
                  "max": 10
                },
                "minecraft:knockback": {
                  "min": 1,
                  "max": 10
                },
                "minecraft:looting": {
                  "min": 1,
                  "max": 10
                }
              },
              "add": true
            },
			{
              "function": "minecraft:set_lore",
              "lore": [
                {
                  "text": "  "
                },
                {
                  "text": "When in Main Hand:",
                  "color": "gray",
                  "italic": false
                },
                {
                  "text": " 19 Attack Damage",
                  "color": "dark_green",
                  "italic": false
                },
                {
                  "text": " 1.75 Attack Speed",
                  "color": "dark_green",
                  "italic": false
                }
              ]
            }
          ]
        },
        {
          "type": "minecraft:item",
          "weight": 1,
          "name": "minecraft:iron_sword",
          "functions": [
            {
              "function": "set_nbt",
              "tag": "{display:{Name:'{\"text\":\"Hurricane Sword\",\"color\":\"gold\",\"italic\":false}',Lore:['{\"text\":\" \"}','{\"text\":\"Ability:\",\"color\":\"green\",\"italic\":false}','{\"text\":\"Hitting an enemy has a 20% chance to apply \",\"color\":\"gray\",\"italic\":false}','{\"text\":\"gust reducing Attack Damage by 20% and\",\"color\":\"gray\",\"italic\":false}','{\"text\":\"Knockback Resistance to 0 for 5 seconds. \",\"color\":\"gray\",\"italic\":false}']},RepairCost:99999,Unbreakable:1b,weapon:hurri}"
            },
            {
              "function": "minecraft:set_attributes",
              "modifiers": [
                {
                  "attribute": "minecraft:generic.attack_speed",
                  "name": "minecraft:generic.attack_speed",
                  "amount": -1.75,
                  "operation": "addition",
                  "slot": "mainhand"
                },
                {
                  "attribute": "minecraft:generic.attack_damage",
                  "name": "minecraft:generic.attack_damage",
                  "amount": 18,
                  "operation": "addition",
                  "slot": "mainhand"
                }
              ]
            },
            {
              "function": "minecraft:set_nbt",
              "tag": "{HideFlags:2}"
            },
            {
              "function": "minecraft:set_enchantments",
              "enchantments": {
                "minecraft:sharpness": {
                  "min": 1,
                  "max": 10
                },
                "minecraft:sweeping": {
                  "min": 1,
                  "max": 10
                },
                "minecraft:knockback": {
                  "min": 1,
                  "max": 10
                },
                "minecraft:looting": {
                  "min": 1,
                  "max": 10
                }
              },
              "add": true
            },
            {
              "function": "minecraft:set_lore",
              "lore": [
                {
                  "text": "  "
                },
                {
                  "text": "When in Main Hand:",
                  "color": "gray",
                  "italic": false
                },
                {
                  "text": " 19 Attack Damage",
                  "color": "dark_green",
                  "italic": false
                },
                {
                  "text": " 2.25 Attack Speed",
                  "color": "dark_green",
                  "italic": false
                }
              ]
            }
          ]
        },
        {
          "type": "minecraft:item",
          "weight": 1,
          "name": "minecraft:iron_sword",
          "functions": [
            {
              "function": "set_nbt",
              "tag": "{display:{Name:'{\"text\":\"Hurricane Sword\",\"color\":\"gold\",\"italic\":false}',Lore:['{\"text\":\" \"}','{\"text\":\"Ability:\",\"color\":\"green\",\"italic\":false}','{\"text\":\"Hitting an enemy has a 20% chance to apply \",\"color\":\"gray\",\"italic\":false}','{\"text\":\"gust reducing Attack Damage by 20% and\",\"color\":\"gray\",\"italic\":false}','{\"text\":\"Knockback Resistance to 0 for 5 seconds. \",\"color\":\"gray\",\"italic\":false}']},RepairCost:99999,Unbreakable:1b,weapon:hurri}"
            },
            {
              "function": "minecraft:set_attributes",
              "modifiers": [
                {
                  "attribute": "minecraft:generic.attack_speed",
                  "name": "minecraft:generic.attack_speed",
                  "amount": -1.25,
                  "operation": "addition",
                  "slot": "mainhand"
                },
                {
                  "attribute": "minecraft:generic.attack_damage",
                  "name": "minecraft:generic.attack_damage",
                  "amount": 18,
                  "operation": "addition",
                  "slot": "mainhand"
                }
              ]
            },
            {
              "function": "minecraft:set_nbt",
              "tag": "{HideFlags:2}"
            },
            {
              "function": "minecraft:set_enchantments",
              "enchantments": {
                "minecraft:sharpness": {
                  "min": 1,
                  "max": 10
                },
                "minecraft:sweeping": {
                  "min": 1,
                  "max": 10
                },
                "minecraft:knockback": {
                  "min": 1,
                  "max": 10
                },
                "minecraft:looting": {
                  "min": 1,
                  "max": 10
                }
              },
              "add": true
            },
            {
              "function": "minecraft:set_lore",
              "lore": [
                {
                  "text": "  "
                },
                {
                  "text": "When in Main Hand:",
                  "color": "gray",
                  "italic": false
                },
                {
                  "text": " 19 Attack Damage",
                  "color": "dark_green",
                  "italic": false
                },
                {
                  "text": " 2.75 Attack Speed",
                  "color": "dark_green",
                  "italic": false
                }
              ]
            }
          ]
        },
        {
          "type": "minecraft:item",
          "weight": 1,
          "name": "minecraft:iron_sword",
          "functions": [
            {
              "function": "set_nbt",
              "tag": "{display:{Name:'{\"text\":\"Hurricane Sword\",\"color\":\"gold\",\"italic\":false}',Lore:['{\"text\":\" \"}','{\"text\":\"Ability:\",\"color\":\"green\",\"italic\":false}','{\"text\":\"Hitting an enemy has a 20% chance to apply \",\"color\":\"gray\",\"italic\":false}','{\"text\":\"gust reducing Attack Damage by 20% and\",\"color\":\"gray\",\"italic\":false}','{\"text\":\"Knockback Resistance to 0 for 5 seconds. \",\"color\":\"gray\",\"italic\":false}']},RepairCost:99999,Unbreakable:1b,weapon:hurri}"
            },
            {
              "function": "minecraft:set_attributes",
              "modifiers": [
                {
                  "attribute": "minecraft:generic.attack_speed",
                  "name": "minecraft:generic.attack_speed",
                  "amount": -0.75,
                  "operation": "addition",
                  "slot": "mainhand"
                },
                {
                  "attribute": "minecraft:generic.attack_damage",
                  "name": "minecraft:generic.attack_damage",
                  "amount": 18,
                  "operation": "addition",
                  "slot": "mainhand"
                }
              ]
            },
            {
              "function": "minecraft:set_nbt",
              "tag": "{HideFlags:2}"
            },
            {
              "function": "minecraft:set_enchantments",
              "enchantments": {
                "minecraft:sharpness": {
                  "min": 1,
                  "max": 10
                },
                "minecraft:sweeping": {
                  "min": 1,
                  "max": 10
                },
                "minecraft:knockback": {
                  "min": 1,
                  "max": 10
                },
                "minecraft:looting": {
                  "min": 1,
                  "max": 10
                }
              },
              "add": true
            },
            {
              "function": "minecraft:set_lore",
              "lore": [
                {
                  "text": "  "
                },
                {
                  "text": "When in Main Hand:",
                  "color": "gray",
                  "italic": false
                },
                {
                  "text": " 19 Attack Damage",
                  "color": "dark_green",
                  "italic": false
                },
                {
                  "text": " 3.25 Attack Speed",
                  "color": "dark_green",
                  "italic": false
                }
              ]
            }
          ]
        },
        {
          "type": "minecraft:item",
          "weight": 1,
          "name": "minecraft:iron_sword",
          "functions": [
            {
              "function": "set_nbt",
              "tag": "{display:{Name:'{\"text\":\"Hurricane Sword\",\"color\":\"gold\",\"italic\":false}',Lore:['{\"text\":\" \"}','{\"text\":\"Ability:\",\"color\":\"green\",\"italic\":false}','{\"text\":\"Hitting an enemy has a 20% chance to apply \",\"color\":\"gray\",\"italic\":false}','{\"text\":\"gust reducing Attack Damage by 20% and\",\"color\":\"gray\",\"italic\":false}','{\"text\":\"Knockback Resistance to 0 for 5 seconds. \",\"color\":\"gray\",\"italic\":false}']},RepairCost:99999,Unbreakable:1b,weapon:hurri}"
            },
            {
              "function": "minecraft:set_attributes",
              "modifiers": [
                {
                  "attribute": "minecraft:generic.attack_speed",
                  "name": "minecraft:generic.attack_speed",
                  "amount": -2.25,
                  "operation": "addition",
                  "slot": "mainhand"
                },
                {
                  "attribute": "minecraft:generic.attack_damage",
                  "name": "minecraft:generic.attack_damage",
                  "amount": 20,
                  "operation": "addition",
                  "slot": "mainhand"
                }
              ]
            },
            {
              "function": "minecraft:set_nbt",
              "tag": "{HideFlags:2}"
            },
            {
              "function": "minecraft:set_enchantments",
              "enchantments": {
                "minecraft:sharpness": {
                  "min": 1,
                  "max": 10
                },
                "minecraft:sweeping": {
                  "min": 1,
                  "max": 10
                },
                "minecraft:knockback": {
                  "min": 1,
                  "max": 10
                },
                "minecraft:looting": {
                  "min": 1,
                  "max": 10
                }
              },
              "add": true
            },
            {
              "function": "minecraft:set_lore",
              "lore": [
                {
                  "text": "  "
                },
                {
                  "text": "When in Main Hand:",
                  "color": "gray",
                  "italic": false
                },
                {
                  "text": " 21 Attack Damage",
                  "color": "dark_green",
                  "italic": false
                },
                {
                  "text": " 1.75 Attack Speed",
                  "color": "dark_green",
                  "italic": false
                }
              ]
            }
          ]
        },
        {
          "type": "minecraft:item",
          "weight": 1,
          "name": "minecraft:iron_sword",
          "functions": [
            {
              "function": "set_nbt",
              "tag": "{display:{Name:'{\"text\":\"Hurricane Sword\",\"color\":\"gold\",\"italic\":false}',Lore:['{\"text\":\" \"}','{\"text\":\"Ability:\",\"color\":\"green\",\"italic\":false}','{\"text\":\"Hitting an enemy has a 20% chance to apply \",\"color\":\"gray\",\"italic\":false}','{\"text\":\"gust reducing Attack Damage by 20% and\",\"color\":\"gray\",\"italic\":false}','{\"text\":\"Knockback Resistance to 0 for 5 seconds. \",\"color\":\"gray\",\"italic\":false}']},RepairCost:99999,Unbreakable:1b,weapon:hurri}"
            },
            {
              "function": "minecraft:set_attributes",
              "modifiers": [
                {
                  "attribute": "minecraft:generic.attack_speed",
                  "name": "minecraft:generic.attack_speed",
                  "amount": -1.75,
                  "operation": "addition",
                  "slot": "mainhand"
                },
                {
                  "attribute": "minecraft:generic.attack_damage",
                  "name": "minecraft:generic.attack_damage",
                  "amount": 20,
                  "operation": "addition",
                  "slot": "mainhand"
                }
              ]
            },
            {
              "function": "minecraft:set_nbt",
              "tag": "{HideFlags:2}"
            },
            {
              "function": "minecraft:set_enchantments",
              "enchantments": {
                "minecraft:sharpness": {
                  "min": 1,
                  "max": 10
                },
                "minecraft:sweeping": {
                  "min": 1,
                  "max": 10
                },
                "minecraft:knockback": {
                  "min": 1,
                  "max": 10
                },
                "minecraft:looting": {
                  "min": 1,
                  "max": 10
                }
              },
              "add": true
            },
            {
              "function": "minecraft:set_lore",
              "lore": [
                {
                  "text": "  "
                },
                {
                  "text": "When in Main Hand:",
                  "color": "gray",
                  "italic": false
                },
                {
                  "text": " 21 Attack Damage",
                  "color": "dark_green",
                  "italic": false
                },
                {
                  "text": " 2.25 Attack Speed",
                  "color": "dark_green",
                  "italic": false
                }
              ]
            }
          ]
        },
        {
          "type": "minecraft:item",
          "weight": 1,
          "name": "minecraft:iron_sword",
          "functions": [
            {
              "function": "set_nbt",
              "tag": "{display:{Name:'{\"text\":\"Hurricane Sword\",\"color\":\"gold\",\"italic\":false}',Lore:['{\"text\":\" \"}','{\"text\":\"Ability:\",\"color\":\"green\",\"italic\":false}','{\"text\":\"Hitting an enemy has a 20% chance to apply \",\"color\":\"gray\",\"italic\":false}','{\"text\":\"gust reducing Attack Damage by 20% and\",\"color\":\"gray\",\"italic\":false}','{\"text\":\"Knockback Resistance to 0 for 5 seconds. \",\"color\":\"gray\",\"italic\":false}']},RepairCost:99999,Unbreakable:1b,weapon:hurri}"
            },
            {
              "function": "minecraft:set_attributes",
              "modifiers": [
                {
                  "attribute": "minecraft:generic.attack_speed",
                  "name": "minecraft:generic.attack_speed",
                  "amount": -1.25,
                  "operation": "addition",
                  "slot": "mainhand"
                },
                {
                  "attribute": "minecraft:generic.attack_damage",
                  "name": "minecraft:generic.attack_damage",
                  "amount": 20,
                  "operation": "addition",
                  "slot": "mainhand"
                }
              ]
            },
            {
              "function": "minecraft:set_nbt",
              "tag": "{HideFlags:2}"
            },
            {
              "function": "minecraft:set_enchantments",
              "enchantments": {
                "minecraft:sharpness": {
                  "min": 1,
                  "max": 10
                },
                "minecraft:sweeping": {
                  "min": 1,
                  "max": 10
                },
                "minecraft:knockback": {
                  "min": 1,
                  "max": 10
                },
                "minecraft:looting": {
                  "min": 1,
                  "max": 10
                }
              },
              "add": true
            },
            {
              "function": "minecraft:set_lore",
              "lore": [
                {
                  "text": "  "
                },
                {
                  "text": "When in Main Hand:",
                  "color": "gray",
                  "italic": false
                },
                {
                  "text": " 21 Attack Damage",
                  "color": "dark_green",
                  "italic": false
                },
                {
                  "text": " 2.75 Attack Speed",
                  "color": "dark_green",
                  "italic": false
                }
              ]
            }
          ]
        },
        {
          "type": "minecraft:item",
          "weight": 1,
          "name": "minecraft:iron_sword",
          "functions": [
            {
              "function": "set_nbt",
              "tag": "{display:{Name:'{\"text\":\"Hurricane Sword\",\"color\":\"gold\",\"italic\":false}',Lore:['{\"text\":\" \"}','{\"text\":\"Ability:\",\"color\":\"green\",\"italic\":false}','{\"text\":\"Hitting an enemy has a 20% chance to apply \",\"color\":\"gray\",\"italic\":false}','{\"text\":\"gust reducing Attack Damage by 20% and\",\"color\":\"gray\",\"italic\":false}','{\"text\":\"Knockback Resistance to 0 for 5 seconds. \",\"color\":\"gray\",\"italic\":false}']},RepairCost:99999,Unbreakable:1b,weapon:hurri}"
            },
            {
              "function": "minecraft:set_attributes",
              "modifiers": [
                {
                  "attribute": "minecraft:generic.attack_speed",
                  "name": "minecraft:generic.attack_speed",
                  "amount": -0.75,
                  "operation": "addition",
                  "slot": "mainhand"
                },
                {
                  "attribute": "minecraft:generic.attack_damage",
                  "name": "minecraft:generic.attack_damage",
                  "amount": 20,
                  "operation": "addition",
                  "slot": "mainhand"
                }
              ]
            },
            {
              "function": "minecraft:set_nbt",
              "tag": "{HideFlags:2}"
            },
            {
              "function": "minecraft:set_enchantments",
              "enchantments": {
                "minecraft:sharpness": {
                  "min": 1,
                  "max": 10
                },
                "minecraft:sweeping": {
                  "min": 1,
                  "max": 10
                },
                "minecraft:knockback": {
                  "min": 1,
                  "max": 10
                },
                "minecraft:looting": {
                  "min": 1,
                  "max": 10
                }
              },
              "add": true
            },
            {
              "function": "minecraft:set_lore",
              "lore": [
                {
                  "text": "  "
                },
                {
                  "text": "When in Main Hand:",
                  "color": "gray",
                  "italic": false
                },
                {
                  "text": " 21 Attack Damage",
                  "color": "dark_green",
                  "italic": false
                },
                {
                  "text": " 3.25 Attack Speed",
                  "color": "dark_green",
                  "italic": false
                }
              ]
            }
          ]
        },
        {
          "type": "minecraft:item",
          "weight": 1,
          "name": "minecraft:iron_sword",
          "functions": [
            {
              "function": "set_nbt",
              "tag": "{display:{Name:'{\"text\":\"Hurricane Sword\",\"color\":\"gold\",\"italic\":false}',Lore:['{\"text\":\" \"}','{\"text\":\"Ability:\",\"color\":\"green\",\"italic\":false}','{\"text\":\"Hitting an enemy has a 20% chance to apply \",\"color\":\"gray\",\"italic\":false}','{\"text\":\"gust reducing Attack Damage by 20% and\",\"color\":\"gray\",\"italic\":false}','{\"text\":\"Knockback Resistance to 0 for 5 seconds. \",\"color\":\"gray\",\"italic\":false}']},RepairCost:99999,Unbreakable:1b,weapon:hurri}"
            },
            {
              "function": "minecraft:set_attributes",
              "modifiers": [
                {
                  "attribute": "minecraft:generic.attack_speed",
                  "name": "minecraft:generic.attack_speed",
                  "amount": -2.25,
                  "operation": "addition",
                  "slot": "mainhand"
                },
                {
                  "attribute": "minecraft:generic.attack_damage",
                  "name": "minecraft:generic.attack_damage",
                  "amount": 22,
                  "operation": "addition",
                  "slot": "mainhand"
                }
              ]
            },
            {
              "function": "minecraft:set_nbt",
              "tag": "{HideFlags:2}"
            },
            {
              "function": "minecraft:set_enchantments",
              "enchantments": {
                "minecraft:sharpness": {
                  "min": 1,
                  "max": 10
                },
                "minecraft:sweeping": {
                  "min": 1,
                  "max": 10
                },
                "minecraft:knockback": {
                  "min": 1,
                  "max": 10
                },
                "minecraft:looting": {
                  "min": 1,
                  "max": 10
                }
              },
              "add": true
            },
            {
              "function": "minecraft:set_lore",
              "lore": [
                {
                  "text": "  "
                },
                {
                  "text": "When in Main Hand:",
                  "color": "gray",
                  "italic": false
                },
                {
                  "text": " 23 Attack Damage",
                  "color": "dark_green",
                  "italic": false
                },
                {
                  "text": " 1.75 Attack Speed",
                  "color": "dark_green",
                  "italic": false
                }
              ]
            }
          ]
        },
        {
          "type": "minecraft:item",
          "weight": 1,
          "name": "minecraft:iron_sword",
          "functions": [
            {
              "function": "set_nbt",
              "tag": "{display:{Name:'{\"text\":\"Hurricane Sword\",\"color\":\"gold\",\"italic\":false}',Lore:['{\"text\":\" \"}','{\"text\":\"Ability:\",\"color\":\"green\",\"italic\":false}','{\"text\":\"Hitting an enemy has a 20% chance to apply \",\"color\":\"gray\",\"italic\":false}','{\"text\":\"gust reducing Attack Damage by 20% and\",\"color\":\"gray\",\"italic\":false}','{\"text\":\"Knockback Resistance to 0 for 5 seconds. \",\"color\":\"gray\",\"italic\":false}']},RepairCost:99999,Unbreakable:1b,weapon:hurri}"
            },
            {
              "function": "minecraft:set_attributes",
              "modifiers": [
                {
                  "attribute": "minecraft:generic.attack_speed",
                  "name": "minecraft:generic.attack_speed",
                  "amount": -1.75,
                  "operation": "addition",
                  "slot": "mainhand"
                },
                {
                  "attribute": "minecraft:generic.attack_damage",
                  "name": "minecraft:generic.attack_damage",
                  "amount": 22,
                  "operation": "addition",
                  "slot": "mainhand"
                }
              ]
            },
            {
              "function": "minecraft:set_nbt",
              "tag": "{HideFlags:2}"
            },
            {
              "function": "minecraft:set_enchantments",
              "enchantments": {
                "minecraft:sharpness": {
                  "min": 1,
                  "max": 10
                },
                "minecraft:sweeping": {
                  "min": 1,
                  "max": 10
                },
                "minecraft:knockback": {
                  "min": 1,
                  "max": 10
                },
                "minecraft:looting": {
                  "min": 1,
                  "max": 10
                }
              },
              "add": true
            },
            {
              "function": "minecraft:set_lore",
              "lore": [
                {
                  "text": "  "
                },
                {
                  "text": "When in Main Hand:",
                  "color": "gray",
                  "italic": false
                },
                {
                  "text": " 23 Attack Damage",
                  "color": "dark_green",
                  "italic": false
                },
                {
                  "text": " 2.25 Attack Speed",
                  "color": "dark_green",
                  "italic": false
                }
              ]
            }
          ]
        },
        {
          "type": "minecraft:item",
          "weight": 1,
          "name": "minecraft:iron_sword",
          "functions": [
            {
              "function": "set_nbt",
              "tag": "{display:{Name:'{\"text\":\"Hurricane Sword\",\"color\":\"gold\",\"italic\":false}',Lore:['{\"text\":\" \"}','{\"text\":\"Ability:\",\"color\":\"green\",\"italic\":false}','{\"text\":\"Hitting an enemy has a 20% chance to apply \",\"color\":\"gray\",\"italic\":false}','{\"text\":\"gust reducing Attack Damage by 20% and\",\"color\":\"gray\",\"italic\":false}','{\"text\":\"Knockback Resistance to 0 for 5 seconds. \",\"color\":\"gray\",\"italic\":false}']},RepairCost:99999,Unbreakable:1b,weapon:hurri}"
            },
            {
              "function": "minecraft:set_attributes",
              "modifiers": [
                {
                  "attribute": "minecraft:generic.attack_speed",
                  "name": "minecraft:generic.attack_speed",
                  "amount": -1.25,
                  "operation": "addition",
                  "slot": "mainhand"
                },
                {
                  "attribute": "minecraft:generic.attack_damage",
                  "name": "minecraft:generic.attack_damage",
                  "amount": 22,
                  "operation": "addition",
                  "slot": "mainhand"
                }
              ]
            },
            {
              "function": "minecraft:set_nbt",
              "tag": "{HideFlags:2}"
            },
            {
              "function": "minecraft:set_enchantments",
              "enchantments": {
                "minecraft:sharpness": {
                  "min": 1,
                  "max": 10
                },
                "minecraft:sweeping": {
                  "min": 1,
                  "max": 10
                },
                "minecraft:knockback": {
                  "min": 1,
                  "max": 10
                },
                "minecraft:looting": {
                  "min": 1,
                  "max": 10
                }
              },
              "add": true
            },
            {
              "function": "minecraft:set_lore",
              "lore": [
                {
                  "text": "  "
                },
                {
                  "text": "When in Main Hand:",
                  "color": "gray",
                  "italic": false
                },
                {
                  "text": " 23 Attack Damage",
                  "color": "dark_green",
                  "italic": false
                },
                {
                  "text": " 2.75 Attack Speed",
                  "color": "dark_green",
                  "italic": false
                }
              ]
            }
          ]
        },
        {
          "type": "minecraft:item",
          "weight": 1,
          "name": "minecraft:iron_sword",
          "functions": [
            {
              "function": "set_nbt",
              "tag": "{display:{Name:'{\"text\":\"Hurricane Sword\",\"color\":\"gold\",\"italic\":false}',Lore:['{\"text\":\" \"}','{\"text\":\"Ability:\",\"color\":\"green\",\"italic\":false}','{\"text\":\"Hitting an enemy has a 20% chance to apply \",\"color\":\"gray\",\"italic\":false}','{\"text\":\"gust reducing Attack Damage by 20% and\",\"color\":\"gray\",\"italic\":false}','{\"text\":\"Knockback Resistance to 0 for 5 seconds. \",\"color\":\"gray\",\"italic\":false}']},RepairCost:99999,Unbreakable:1b,weapon:hurri}"
            },
            {
              "function": "minecraft:set_attributes",
              "modifiers": [
                {
                  "attribute": "minecraft:generic.attack_speed",
                  "name": "minecraft:generic.attack_speed",
                  "amount": -0.75,
                  "operation": "addition",
                  "slot": "mainhand"
                },
                {
                  "attribute": "minecraft:generic.attack_damage",
                  "name": "minecraft:generic.attack_damage",
                  "amount": 22,
                  "operation": "addition",
                  "slot": "mainhand"
                }
              ]
            },
            {
              "function": "minecraft:set_nbt",
              "tag": "{HideFlags:2}"
            },
            {
              "function": "minecraft:set_enchantments",
              "enchantments": {
                "minecraft:sharpness": {
                  "min": 1,
                  "max": 10
                },
                "minecraft:sweeping": {
                  "min": 1,
                  "max": 10
                },
                "minecraft:knockback": {
                  "min": 1,
                  "max": 10
                },
                "minecraft:looting": {
                  "min": 1,
                  "max": 10
                }
              },
              "add": true
            },
            {
              "function": "minecraft:set_lore",
              "lore": [
                {
                  "text": "  "
                },
                {
                  "text": "When in Main Hand:",
                  "color": "gray",
                  "italic": false
                },
                {
                  "text": " 23 Attack Damage",
                  "color": "dark_green",
                  "italic": false
                },
                {
                  "text": " 3.25 Attack Speed",
                  "color": "dark_green",
                  "italic": false
                }
              ]
            }
          ]
        },
        {
          "type": "minecraft:item",
          "weight": 1,
          "name": "minecraft:iron_sword",
          "functions": [
            {
              "function": "set_nbt",
              "tag": "{display:{Name:'{\"text\":\"Hurricane Sword\",\"color\":\"gold\",\"italic\":false}',Lore:['{\"text\":\" \"}','{\"text\":\"Ability:\",\"color\":\"green\",\"italic\":false}','{\"text\":\"Hitting an enemy has a 20% chance to apply \",\"color\":\"gray\",\"italic\":false}','{\"text\":\"gust reducing Attack Damage by 20% and\",\"color\":\"gray\",\"italic\":false}','{\"text\":\"Knockback Resistance to 0 for 5 seconds. \",\"color\":\"gray\",\"italic\":false}']},RepairCost:99999,Unbreakable:1b,weapon:hurri}"
            },
            {
              "function": "minecraft:set_attributes",
              "modifiers": [
                {
                  "attribute": "minecraft:generic.attack_speed",
                  "name": "minecraft:generic.attack_speed",
                  "amount": -2.25,
                  "operation": "addition",
                  "slot": "mainhand"
                },
                {
                  "attribute": "minecraft:generic.attack_damage",
                  "name": "minecraft:generic.attack_damage",
                  "amount": 24,
                  "operation": "addition",
                  "slot": "mainhand"
                }
              ]
            },
            {
              "function": "minecraft:set_nbt",
              "tag": "{HideFlags:2}"
            },
            {
              "function": "minecraft:set_enchantments",
              "enchantments": {
                "minecraft:sharpness": {
                  "min": 1,
                  "max": 10
                },
                "minecraft:sweeping": {
                  "min": 1,
                  "max": 10
                },
                "minecraft:knockback": {
                  "min": 1,
                  "max": 10
                },
                "minecraft:looting": {
                  "min": 1,
                  "max": 10
                }
              },
              "add": true
            },
            {
              "function": "minecraft:set_lore",
              "lore": [
                {
                  "text": "  "
                },
                {
                  "text": "When in Main Hand:",
                  "color": "gray",
                  "italic": false
                },
                {
                  "text": " 25 Attack Damage",
                  "color": "dark_green",
                  "italic": false
                },
                {
                  "text": " 1.75 Attack Speed",
                  "color": "dark_green",
                  "italic": false
                }
              ]
            }
          ]
        },
        {
          "type": "minecraft:item",
          "weight": 1,
          "name": "minecraft:iron_sword",
          "functions": [
            {
              "function": "set_nbt",
              "tag": "{display:{Name:'{\"text\":\"Hurricane Sword\",\"color\":\"gold\",\"italic\":false}',Lore:['{\"text\":\" \"}','{\"text\":\"Ability:\",\"color\":\"green\",\"italic\":false}','{\"text\":\"Hitting an enemy has a 20% chance to apply \",\"color\":\"gray\",\"italic\":false}','{\"text\":\"gust reducing Attack Damage by 20% and\",\"color\":\"gray\",\"italic\":false}','{\"text\":\"Knockback Resistance to 0 for 5 seconds. \",\"color\":\"gray\",\"italic\":false}']},RepairCost:99999,Unbreakable:1b,weapon:hurri}"
            },
            {
              "function": "minecraft:set_attributes",
              "modifiers": [
                {
                  "attribute": "minecraft:generic.attack_speed",
                  "name": "minecraft:generic.attack_speed",
                  "amount": -1.75,
                  "operation": "addition",
                  "slot": "mainhand"
                },
                {
                  "attribute": "minecraft:generic.attack_damage",
                  "name": "minecraft:generic.attack_damage",
                  "amount": 24,
                  "operation": "addition",
                  "slot": "mainhand"
                }
              ]
            },
            {
              "function": "minecraft:set_nbt",
              "tag": "{HideFlags:2}"
            },
            {
              "function": "minecraft:set_enchantments",
              "enchantments": {
                "minecraft:sharpness": {
                  "min": 1,
                  "max": 10
                },
                "minecraft:sweeping": {
                  "min": 1,
                  "max": 10
                },
                "minecraft:knockback": {
                  "min": 1,
                  "max": 10
                },
                "minecraft:looting": {
                  "min": 1,
                  "max": 10
                }
              },
              "add": true
            },
            {
              "function": "minecraft:set_lore",
              "lore": [
                {
                  "text": "  "
                },
                {
                  "text": "When in Main Hand:",
                  "color": "gray",
                  "italic": false
                },
                {
                  "text": " 25 Attack Damage",
                  "color": "dark_green",
                  "italic": false
                },
                {
                  "text": " 2.25 Attack Speed",
                  "color": "dark_green",
                  "italic": false
                }
              ]
            }
          ]
        },
        {
          "type": "minecraft:item",
          "weight": 1,
          "name": "minecraft:iron_sword",
          "functions": [
            {
              "function": "set_nbt",
              "tag": "{display:{Name:'{\"text\":\"Hurricane Sword\",\"color\":\"gold\",\"italic\":false}',Lore:['{\"text\":\" \"}','{\"text\":\"Ability:\",\"color\":\"green\",\"italic\":false}','{\"text\":\"Hitting an enemy has a 20% chance to apply \",\"color\":\"gray\",\"italic\":false}','{\"text\":\"gust reducing Attack Damage by 20% and\",\"color\":\"gray\",\"italic\":false}','{\"text\":\"Knockback Resistance to 0 for 5 seconds. \",\"color\":\"gray\",\"italic\":false}']},RepairCost:99999,Unbreakable:1b,weapon:hurri}"
            },
            {
              "function": "minecraft:set_attributes",
              "modifiers": [
                {
                  "attribute": "minecraft:generic.attack_speed",
                  "name": "minecraft:generic.attack_speed",
                  "amount": -1.25,
                  "operation": "addition",
                  "slot": "mainhand"
                },
                {
                  "attribute": "minecraft:generic.attack_damage",
                  "name": "minecraft:generic.attack_damage",
                  "amount": 24,
                  "operation": "addition",
                  "slot": "mainhand"
                }
              ]
            },
            {
              "function": "minecraft:set_nbt",
              "tag": "{HideFlags:2}"
            },
            {
              "function": "minecraft:set_enchantments",
              "enchantments": {
                "minecraft:sharpness": {
                  "min": 1,
                  "max": 10
                },
                "minecraft:sweeping": {
                  "min": 1,
                  "max": 10
                },
                "minecraft:knockback": {
                  "min": 1,
                  "max": 10
                },
                "minecraft:looting": {
                  "min": 1,
                  "max": 10
                }
              },
              "add": true
            },
            {
              "function": "minecraft:set_lore",
              "lore": [
                {
                  "text": "  "
                },
                {
                  "text": "When in Main Hand:",
                  "color": "gray",
                  "italic": false
                },
                {
                  "text": " 25 Attack Damage",
                  "color": "dark_green",
                  "italic": false
                },
                {
                  "text": " 2.75 Attack Speed",
                  "color": "dark_green",
                  "italic": false
                }
              ]
            }
          ]
        },
        {
          "type": "minecraft:item",
          "weight": 1,
          "name": "minecraft:iron_sword",
          "functions": [
            {
              "function": "set_nbt",
              "tag": "{display:{Name:'{\"text\":\"Hurricane Sword\",\"color\":\"gold\",\"italic\":false}',Lore:['{\"text\":\" \"}','{\"text\":\"Ability:\",\"color\":\"green\",\"italic\":false}','{\"text\":\"Hitting an enemy has a 20% chance to apply \",\"color\":\"gray\",\"italic\":false}','{\"text\":\"gust reducing Attack Damage by 20% and\",\"color\":\"gray\",\"italic\":false}','{\"text\":\"Knockback Resistance to 0 for 5 seconds. \",\"color\":\"gray\",\"italic\":false}']},RepairCost:99999,Unbreakable:1b,weapon:hurri}"
            },
            {
              "function": "minecraft:set_attributes",
              "modifiers": [
                {
                  "attribute": "minecraft:generic.attack_speed",
                  "name": "minecraft:generic.attack_speed",
                  "amount": -0.75,
                  "operation": "addition",
                  "slot": "mainhand"
                },
                {
                  "attribute": "minecraft:generic.attack_damage",
                  "name": "minecraft:generic.attack_damage",
                  "amount": 24,
                  "operation": "addition",
                  "slot": "mainhand"
                }
              ]
            },
            {
              "function": "minecraft:set_nbt",
              "tag": "{HideFlags:2}"
            },
            {
              "function": "minecraft:set_enchantments",
              "enchantments": {
                "minecraft:sharpness": {
                  "min": 1,
                  "max": 10
                },
                "minecraft:sweeping": {
                  "min": 1,
                  "max": 10
                },
                "minecraft:knockback": {
                  "min": 1,
                  "max": 10
                },
                "minecraft:looting": {
                  "min": 1,
                  "max": 10
                }
              },
              "add": true
            },
            {
              "function": "minecraft:set_lore",
              "lore": [
                {
                  "text": "  "
                },
                {
                  "text": "When in Main Hand:",
                  "color": "gray",
                  "italic": false
                },
                {
                  "text": " 25 Attack Damage",
                  "color": "dark_green",
                  "italic": false
                },
                {
                  "text": " 3.25 Attack Speed",
                  "color": "dark_green",
                  "italic": false
                }
              ]
            }
          ]
        },
        {
          "type": "minecraft:item",
          "weight": 1,
          "name": "minecraft:iron_sword",
          "functions": [
            {
              "function": "set_nbt",
              "tag": "{display:{Name:'{\"text\":\"Hurricane Sword\",\"color\":\"gold\",\"italic\":false}',Lore:['{\"text\":\" \"}','{\"text\":\"Ability:\",\"color\":\"green\",\"italic\":false}','{\"text\":\"Hitting an enemy has a 20% chance to apply \",\"color\":\"gray\",\"italic\":false}','{\"text\":\"gust reducing Attack Damage by 20% and\",\"color\":\"gray\",\"italic\":false}','{\"text\":\"Knockback Resistance to 0 for 5 seconds. \",\"color\":\"gray\",\"italic\":false}']},RepairCost:99999,Unbreakable:1b,weapon:hurri}"
            },
            {
              "function": "minecraft:set_attributes",
              "modifiers": [
                {
                  "attribute": "minecraft:generic.attack_speed",
                  "name": "minecraft:generic.attack_speed",
                  "amount": -2.25,
                  "operation": "addition",
                  "slot": "mainhand"
                },
                {
                  "attribute": "minecraft:generic.attack_damage",
                  "name": "minecraft:generic.attack_damage",
                  "amount": 26,
                  "operation": "addition",
                  "slot": "mainhand"
                }
              ]
            },
            {
              "function": "minecraft:set_nbt",
              "tag": "{HideFlags:2}"
            },
            {
              "function": "minecraft:set_enchantments",
              "enchantments": {
                "minecraft:sharpness": {
                  "min": 1,
                  "max": 10
                },
                "minecraft:sweeping": {
                  "min": 1,
                  "max": 10
                },
                "minecraft:knockback": {
                  "min": 1,
                  "max": 10
                },
                "minecraft:looting": {
                  "min": 1,
                  "max": 10
                }
              },
              "add": true
            },
            {
              "function": "minecraft:set_lore",
              "lore": [
                {
                  "text": "  "
                },
                {
                  "text": "When in Main Hand:",
                  "color": "gray",
                  "italic": false
                },
                {
                  "text": " 27 Attack Damage",
                  "color": "dark_green",
                  "italic": false
                },
                {
                  "text": " 1.75 Attack Speed",
                  "color": "dark_green",
                  "italic": false
                }
              ]
            }
          ]
        },
        {
          "type": "minecraft:item",
          "weight": 1,
          "name": "minecraft:iron_sword",
          "functions": [
            {
              "function": "set_nbt",
              "tag": "{display:{Name:'{\"text\":\"Hurricane Sword\",\"color\":\"gold\",\"italic\":false}',Lore:['{\"text\":\" \"}','{\"text\":\"Ability:\",\"color\":\"green\",\"italic\":false}','{\"text\":\"Hitting an enemy has a 20% chance to apply \",\"color\":\"gray\",\"italic\":false}','{\"text\":\"gust reducing Attack Damage by 20% and\",\"color\":\"gray\",\"italic\":false}','{\"text\":\"Knockback Resistance to 0 for 5 seconds. \",\"color\":\"gray\",\"italic\":false}']},RepairCost:99999,Unbreakable:1b,weapon:hurri}"
            },
            {
              "function": "minecraft:set_attributes",
              "modifiers": [
                {
                  "attribute": "minecraft:generic.attack_speed",
                  "name": "minecraft:generic.attack_speed",
                  "amount": -1.75,
                  "operation": "addition",
                  "slot": "mainhand"
                },
                {
                  "attribute": "minecraft:generic.attack_damage",
                  "name": "minecraft:generic.attack_damage",
                  "amount": 26,
                  "operation": "addition",
                  "slot": "mainhand"
                }
              ]
            },
            {
              "function": "minecraft:set_nbt",
              "tag": "{HideFlags:2}"
            },
            {
              "function": "minecraft:set_enchantments",
              "enchantments": {
                "minecraft:sharpness": {
                  "min": 1,
                  "max": 10
                },
                "minecraft:sweeping": {
                  "min": 1,
                  "max": 10
                },
                "minecraft:knockback": {
                  "min": 1,
                  "max": 10
                },
                "minecraft:looting": {
                  "min": 1,
                  "max": 10
                }
              },
              "add": true
            },
            {
              "function": "minecraft:set_lore",
              "lore": [
                {
                  "text": "  "
                },
                {
                  "text": "When in Main Hand:",
                  "color": "gray",
                  "italic": false
                },
                {
                  "text": " 27 Attack Damage",
                  "color": "dark_green",
                  "italic": false
                },
                {
                  "text": " 2.25 Attack Speed",
                  "color": "dark_green",
                  "italic": false
                }
              ]
            }
          ]
        },
        {
          "type": "minecraft:item",
          "weight": 1,
          "name": "minecraft:iron_sword",
          "functions": [
            {
              "function": "set_nbt",
              "tag": "{display:{Name:'{\"text\":\"Hurricane Sword\",\"color\":\"gold\",\"italic\":false}',Lore:['{\"text\":\" \"}','{\"text\":\"Ability:\",\"color\":\"green\",\"italic\":false}','{\"text\":\"Hitting an enemy has a 20% chance to apply \",\"color\":\"gray\",\"italic\":false}','{\"text\":\"gust reducing Attack Damage by 20% and\",\"color\":\"gray\",\"italic\":false}','{\"text\":\"Knockback Resistance to 0 for 5 seconds. \",\"color\":\"gray\",\"italic\":false}']},RepairCost:99999,Unbreakable:1b,weapon:hurri}"
            },
            {
              "function": "minecraft:set_attributes",
              "modifiers": [
                {
                  "attribute": "minecraft:generic.attack_speed",
                  "name": "minecraft:generic.attack_speed",
                  "amount": -1.25,
                  "operation": "addition",
                  "slot": "mainhand"
                },
                {
                  "attribute": "minecraft:generic.attack_damage",
                  "name": "minecraft:generic.attack_damage",
                  "amount": 26,
                  "operation": "addition",
                  "slot": "mainhand"
                }
              ]
            },
            {
              "function": "minecraft:set_nbt",
              "tag": "{HideFlags:2}"
            },
            {
              "function": "minecraft:set_enchantments",
              "enchantments": {
                "minecraft:sharpness": {
                  "min": 1,
                  "max": 10
                },
                "minecraft:sweeping": {
                  "min": 1,
                  "max": 10
                },
                "minecraft:knockback": {
                  "min": 1,
                  "max": 10
                },
                "minecraft:looting": {
                  "min": 1,
                  "max": 10
                }
              },
              "add": true
            },
            {
              "function": "minecraft:set_lore",
              "lore": [
                {
                  "text": "  "
                },
                {
                  "text": "When in Main Hand:",
                  "color": "gray",
                  "italic": false
                },
                {
                  "text": " 27 Attack Damage",
                  "color": "dark_green",
                  "italic": false
                },
                {
                  "text": " 2.75 Attack Speed",
                  "color": "dark_green",
                  "italic": false
                }
              ]
            }
          ]
        },
        {
          "type": "minecraft:item",
          "weight": 1,
          "name": "minecraft:iron_sword",
          "functions": [
            {
              "function": "set_nbt",
              "tag": "{display:{Name:'{\"text\":\"Hurricane Sword\",\"color\":\"gold\",\"italic\":false}',Lore:['{\"text\":\" \"}','{\"text\":\"Ability:\",\"color\":\"green\",\"italic\":false}','{\"text\":\"Hitting an enemy has a 20% chance to apply \",\"color\":\"gray\",\"italic\":false}','{\"text\":\"gust reducing Attack Damage by 20% and\",\"color\":\"gray\",\"italic\":false}','{\"text\":\"Knockback Resistance to 0 for 5 seconds. \",\"color\":\"gray\",\"italic\":false}']},RepairCost:99999,Unbreakable:1b,weapon:hurri}"
            },
            {
              "function": "minecraft:set_attributes",
              "modifiers": [
                {
                  "attribute": "minecraft:generic.attack_speed",
                  "name": "minecraft:generic.attack_speed",
                  "amount": -0.75,
                  "operation": "addition",
                  "slot": "mainhand"
                },
                {
                  "attribute": "minecraft:generic.attack_damage",
                  "name": "minecraft:generic.attack_damage",
                  "amount": 26,
                  "operation": "addition",
                  "slot": "mainhand"
                }
              ]
            },
            {
              "function": "minecraft:set_nbt",
              "tag": "{HideFlags:2}"
            },
            {
              "function": "minecraft:set_enchantments",
              "enchantments": {
                "minecraft:sharpness": {
                  "min": 1,
                  "max": 10
                },
                "minecraft:sweeping": {
                  "min": 1,
                  "max": 10
                },
                "minecraft:knockback": {
                  "min": 1,
                  "max": 10
                },
                "minecraft:looting": {
                  "min": 1,
                  "max": 10
                }
              },
              "add": true
            },
            {
              "function": "minecraft:set_lore",
              "lore": [
                {
                  "text": "  "
                },
                {
                  "text": "When in Main Hand:",
                  "color": "gray",
                  "italic": false
                },
                {
                  "text": " 27 Attack Damage",
                  "color": "dark_green",
                  "italic": false
                },
                {
                  "text": " 3.25 Attack Speed",
                  "color": "dark_green",
                  "italic": false
                }
              ]
            }
          ]
        },
        {
          "type": "minecraft:item",
          "weight": 1,
          "name": "minecraft:iron_sword",
          "functions": [
            {
              "function": "set_nbt",
              "tag": "{display:{Name:'{\"text\":\"Hurricane Sword\",\"color\":\"gold\",\"italic\":false}',Lore:['{\"text\":\" \"}','{\"text\":\"Ability:\",\"color\":\"green\",\"italic\":false}','{\"text\":\"Hitting an enemy has a 20% chance to apply \",\"color\":\"gray\",\"italic\":false}','{\"text\":\"gust reducing Attack Damage by 20% and\",\"color\":\"gray\",\"italic\":false}','{\"text\":\"Knockback Resistance to 0 for 5 seconds. \",\"color\":\"gray\",\"italic\":false}']},RepairCost:99999,Unbreakable:1b,weapon:hurri}"
            },
            {
              "function": "minecraft:set_attributes",
              "modifiers": [
                {
                  "attribute": "minecraft:generic.attack_speed",
                  "name": "minecraft:generic.attack_speed",
                  "amount": -2.25,
                  "operation": "addition",
                  "slot": "mainhand"
                },
                {
                  "attribute": "minecraft:generic.attack_damage",
                  "name": "minecraft:generic.attack_damage",
                  "amount": 28,
                  "operation": "addition",
                  "slot": "mainhand"
                }
              ]
            },
            {
              "function": "minecraft:set_nbt",
              "tag": "{HideFlags:2}"
            },
            {
              "function": "minecraft:set_enchantments",
              "enchantments": {
                "minecraft:sharpness": {
                  "min": 1,
                  "max": 10
                },
                "minecraft:sweeping": {
                  "min": 1,
                  "max": 10
                },
                "minecraft:knockback": {
                  "min": 1,
                  "max": 10
                },
                "minecraft:looting": {
                  "min": 1,
                  "max": 10
                }
              },
              "add": true
            },
            {
              "function": "minecraft:set_lore",
              "lore": [
                {
                  "text": "  "
                },
                {
                  "text": "When in Main Hand:",
                  "color": "gray",
                  "italic": false
                },
                {
                  "text": " 29 Attack Damage",
                  "color": "dark_green",
                  "italic": false
                },
                {
                  "text": " 1.75 Attack Speed",
                  "color": "dark_green",
                  "italic": false
                }
              ]
            }
          ]
        },
        {
          "type": "minecraft:item",
          "weight": 1,
          "name": "minecraft:iron_sword",
          "functions": [
            {
              "function": "set_nbt",
              "tag": "{display:{Name:'{\"text\":\"Hurricane Sword\",\"color\":\"gold\",\"italic\":false}',Lore:['{\"text\":\" \"}','{\"text\":\"Ability:\",\"color\":\"green\",\"italic\":false}','{\"text\":\"Hitting an enemy has a 20% chance to apply \",\"color\":\"gray\",\"italic\":false}','{\"text\":\"gust reducing Attack Damage by 20% and\",\"color\":\"gray\",\"italic\":false}','{\"text\":\"Knockback Resistance to 0 for 5 seconds. \",\"color\":\"gray\",\"italic\":false}']},RepairCost:99999,Unbreakable:1b,weapon:hurri}"
            },
            {
              "function": "minecraft:set_attributes",
              "modifiers": [
                {
                  "attribute": "minecraft:generic.attack_speed",
                  "name": "minecraft:generic.attack_speed",
                  "amount": -1.75,
                  "operation": "addition",
                  "slot": "mainhand"
                },
                {
                  "attribute": "minecraft:generic.attack_damage",
                  "name": "minecraft:generic.attack_damage",
                  "amount": 28,
                  "operation": "addition",
                  "slot": "mainhand"
                }
              ]
            },
            {
              "function": "minecraft:set_nbt",
              "tag": "{HideFlags:2}"
            },
            {
              "function": "minecraft:set_enchantments",
              "enchantments": {
                "minecraft:sharpness": {
                  "min": 1,
                  "max": 10
                },
                "minecraft:sweeping": {
                  "min": 1,
                  "max": 10
                },
                "minecraft:knockback": {
                  "min": 1,
                  "max": 10
                },
                "minecraft:looting": {
                  "min": 1,
                  "max": 10
                }
              },
              "add": true
            },
            {
              "function": "minecraft:set_lore",
              "lore": [
                {
                  "text": "  "
                },
                {
                  "text": "When in Main Hand:",
                  "color": "gray",
                  "italic": false
                },
                {
                  "text": " 29 Attack Damage",
                  "color": "dark_green",
                  "italic": false
                },
                {
                  "text": " 2.25 Attack Speed",
                  "color": "dark_green",
                  "italic": false
                }
              ]
            }
          ]
        },
        {
          "type": "minecraft:item",
          "weight": 1,
          "name": "minecraft:iron_sword",
          "functions": [
            {
              "function": "set_nbt",
              "tag": "{display:{Name:'{\"text\":\"Hurricane Sword\",\"color\":\"gold\",\"italic\":false}',Lore:['{\"text\":\" \"}','{\"text\":\"Ability:\",\"color\":\"green\",\"italic\":false}','{\"text\":\"Hitting an enemy has a 20% chance to apply \",\"color\":\"gray\",\"italic\":false}','{\"text\":\"gust reducing Attack Damage by 20% and\",\"color\":\"gray\",\"italic\":false}','{\"text\":\"Knockback Resistance to 0 for 5 seconds. \",\"color\":\"gray\",\"italic\":false}']},RepairCost:99999,Unbreakable:1b,weapon:hurri}"
            },
            {
              "function": "minecraft:set_attributes",
              "modifiers": [
                {
                  "attribute": "minecraft:generic.attack_speed",
                  "name": "minecraft:generic.attack_speed",
                  "amount": -1.25,
                  "operation": "addition",
                  "slot": "mainhand"
                },
                {
                  "attribute": "minecraft:generic.attack_damage",
                  "name": "minecraft:generic.attack_damage",
                  "amount": 28,
                  "operation": "addition",
                  "slot": "mainhand"
                }
              ]
            },
            {
              "function": "minecraft:set_nbt",
              "tag": "{HideFlags:2}"
            },
            {
              "function": "minecraft:set_enchantments",
              "enchantments": {
                "minecraft:sharpness": {
                  "min": 1,
                  "max": 10
                },
                "minecraft:sweeping": {
                  "min": 1,
                  "max": 10
                },
                "minecraft:knockback": {
                  "min": 1,
                  "max": 10
                },
                "minecraft:looting": {
                  "min": 1,
                  "max": 10
                }
              },
              "add": true
            },
            {
              "function": "minecraft:set_lore",
              "lore": [
                {
                  "text": "  "
                },
                {
                  "text": "When in Main Hand:",
                  "color": "gray",
                  "italic": false
                },
                {
                  "text": " 29 Attack Damage",
                  "color": "dark_green",
                  "italic": false
                },
                {
                  "text": " 2.75 Attack Speed",
                  "color": "dark_green",
                  "italic": false
                }
              ]
            }
          ]
        },
        {
          "type": "minecraft:item",
          "weight": 1,
          "name": "minecraft:iron_sword",
          "functions": [
            {
              "function": "set_nbt",
              "tag": "{display:{Name:'{\"text\":\"Hurricane Sword\",\"color\":\"gold\",\"italic\":false}',Lore:['{\"text\":\" \"}','{\"text\":\"Ability:\",\"color\":\"green\",\"italic\":false}','{\"text\":\"Hitting an enemy has a 20% chance to apply \",\"color\":\"gray\",\"italic\":false}','{\"text\":\"gust reducing Attack Damage by 20% and\",\"color\":\"gray\",\"italic\":false}','{\"text\":\"Knockback Resistance to 0 for 5 seconds. \",\"color\":\"gray\",\"italic\":false}']},RepairCost:99999,Unbreakable:1b,weapon:hurri}"
            },
            {
              "function": "minecraft:set_attributes",
              "modifiers": [
                {
                  "attribute": "minecraft:generic.attack_speed",
                  "name": "minecraft:generic.attack_speed",
                  "amount": -0.75,
                  "operation": "addition",
                  "slot": "mainhand"
                },
                {
                  "attribute": "minecraft:generic.attack_damage",
                  "name": "minecraft:generic.attack_damage",
                  "amount": 28,
                  "operation": "addition",
                  "slot": "mainhand"
                }
              ]
            },
            {
              "function": "minecraft:set_nbt",
              "tag": "{HideFlags:2}"
            },
            {
              "function": "minecraft:set_enchantments",
              "enchantments": {
                "minecraft:sharpness": {
                  "min": 1,
                  "max": 10
                },
                "minecraft:sweeping": {
                  "min": 1,
                  "max": 10
                },
                "minecraft:knockback": {
                  "min": 1,
                  "max": 10
                },
                "minecraft:looting": {
                  "min": 1,
                  "max": 10
                }
              },
              "add": true
            },
            {
              "function": "minecraft:set_lore",
              "lore": [
                {
                  "text": "  "
                },
                {
                  "text": "When in Main Hand:",
                  "color": "gray",
                  "italic": false
                },
                {
                  "text": " 29 Attack Damage",
                  "color": "dark_green",
                  "italic": false
                },
                {
                  "text": " 3.25 Attack Speed",
                  "color": "dark_green",
                  "italic": false
                }
              ]
            }
          ]
        }
      ]
    }
  ]
}