{
  "pools": [
    {
      "rolls": 10,
      "bonus_rolls": {
        "min": 1,
        "max": 6
      },
      "entries": [
        {
          "type": "item",
          "weight": 3,
          "name": "minecraft:tipped_arrow",
          "functions": [
            {
              "function": "minecraft:set_count",
              "count": {
                "min": 2,
                "max": 4
              }
            },
            {
              "function": "set_nbt",
              "tag": "{display:{Name:'{\"text\":\"Upwind Arrow\",\"color\":\"#F2F2D0\",\"italic\":false}'},CustomPotionEffects:[{Id:25,Amplifier:3b,Duration:60,ShowParticles:1b}],CustomPotionColor:16775410}"
            }
          ]
        },
        {
          "type": "minecraft:item",
          "name": "minecraft:golden_apple",
          "weight": 3,
          "functions": [
            {
              "function": "minecraft:set_count",
              "count": {
                "min": 2,
                "max": 4
              }
            }
          ]
        },
        {
          "type": "minecraft:item",
          "name": "minecraft:enchanted_golden_apple",
          "weight": 2,
          "functions": [
            {
              "function": "minecraft:set_count",
              "count": {
                "min": 1,
                "max": 1
              }
            }
          ]
        },
        {
          "type": "minecraft:item",
          "name": "minecraft:golden_pickaxe",
          "functions": [
            {
              "function": "minecraft:set_enchantments",
              "enchantments": {
                "minecraft:efficiency": {
                  "min": 4,
                  "max": 9
                },
                "minecraft:unbreaking": {
                  "min": 7,
                  "max": 20
                },
                "minecraft:mending": {
                  "min": 0,
                  "max": 1
                }
              }
            }
          ]
        },
        {
          "type": "minecraft:item",
          "name": "minecraft:player_head",
          "functions": [
            {
              "function": "minecraft:set_enchantments",
              "enchantments": {
                "minecraft:protection": {
                  "min": 0,
                  "max": 4
                },
                "minecraft:feather_falling": {
                  "min": 2,
                  "max": 7
                }
              }
            },
            {
              "function": "set_nbt",
              "tag": "{display:{Name:'{\"text\":\"Chicken Helmet\",\"color\":\"light_purple\",\"italic\":false}'},armor:chic,SkullOwner:\"MHF_Chicken\"}"
            },
            {
              "function": "minecraft:set_attributes",
              "modifiers": [
                {
                  "attribute": "minecraft:generic.armor",
                  "name": "minecraft:generic.armor",
                  "amount": 3.5,
                  "operation": "addition",
                  "slot": "head"
                },
                {
                  "attribute": "minecraft:generic.armor_toughness",
                  "name": "minecraft:generic.armor_toughness",
                  "amount": 2,
                  "operation": "addition",
                  "slot": "head"
                }
              ]
            }
		  ]
		},
        {
          "type": "minecraft:item",
          "name": "minecraft:ender_pearl",
          "weight": 3,
          "functions": [
            {
              "function": "minecraft:set_count",
              "count": {
                "min": 4,
                "max": 8
              }
            }
          ]
        },
        {
          "type": "minecraft:item",
          "name": "minecraft:diamond_block",
          "weight": 2,
          "functions": [
            {
              "function": "minecraft:set_count",
              "count": {
                "min": 2,
                "max": 4
              }
            }
          ]
        },
        {
          "type": "minecraft:item",
          "name": "minecraft:emerald_block",
          "weight": 3,
          "functions": [
            {
              "function": "minecraft:set_count",
              "count": {
                "min": 10,
                "max": 20
              }
            }
          ]
		},
        {
          "type": "minecraft:item",
          "name": "minecraft:arrow",
          "weight": 3,
          "functions": [
            {
              "function": "minecraft:set_count",
              "count": {
                "min": 10,
                "max": 20
              }
            }
          ]
		},
        {
          "type": "minecraft:item",
          "name": "minecraft:bow",
          "weight": 1,
          "functions": [
            {
              "function": "minecraft:set_nbt",
              "tag": "{weapon:wbow}"
            },
            {
              "function": "minecraft:set_enchantments",
              "enchantments": {
                "minecraft:power": {
                  "min": 3,
                  "max": 10
                },
                "minecraft:punch": {
                  "min": 0,
                  "max": 5
                },
                "minecraft:unbreaking": {
                  "min": 0,
                  "max": 5
                },
                "minecraft:mending": {
                  "min": 0,
                  "max": 1
                },
                "minecraft:infinity": 1
              }
            }
		  ]
		}
	  ]
    }
  ]
}