{
  "pools": [
    {
      "rolls": 10,
      "bonus_rolls": {
        "min": 1,
        "max": 6
      },
      "entries": [
        {
          "type": "minecraft:item",
          "name": "minecraft:firework_rocket",
          "weight": 3,
          "functions": [
            {
              "function": "minecraft:set_count",
              "count": {
                "min": 2,
                "max": 4
			  }
            },
            {
              "function": "minecraft:set_nbt",
              "tag": "{display:{Name:'{\"text\":\"Ultimate Flight Rocket\",\"color\":\"gold\",\"italic\":false}'},Fireworks:{Flight:126b}}"
            },
            {
              "function": "minecraft:set_nbt",
              "tag": "{item:uflight}"
            },
            {
              "function": "set_lore",
              "lore": [
                {
                  "text": "The greatest firework rocket for  ",
                  "color": "gray",
                  "italic": "false"
                },
                {
                  "text": "traveling, lasts for 1900 blocks. ",
                  "color": "gray",
                  "italic": "false"
                }
              ]
            }
          ]
        },
        {
          "type": "minecraft:loot_table",
          "weight": 1,
          "name": "mt:chests/end_treasure/end_boots",
          "conditions": [
            {
              "condition": "minecraft:random_chance",
              "chance": 0.5
            }
          ]
        },
        {
          "type": "minecraft:item",
          "weight": 2,
          "name": "minecraft:netherite_ingot",
          "functions": [
            {
              "function": "minecraft:set_count",
              "count": {
                "min": 1,
                "max": 1
              }
            }
          ]
        },
        {
          "type": "minecraft:item",
          "name": "minecraft:chorus_fruit",
          "weight": 1,
          "functions": [
            {
              "function": "minecraft:set_nbt",
              "tag": "{display:{Name:'{\"text\":\"Enchanted Chorus Fruit\",\"color\":\"light_purple\",\"italic\":false}'},food:enchanted_chorus_fruit,Enchantments:[{}]}"
            },
		    {
              "function": "minecraft:set_count",
              "count": {
                "min": 1,
                "max": 2
              }
            }
          ]
        },
        {
          "type": "item",
          "weight": 2,
          "name": "minecraft:shulker_box",
          "functions": [
            {
              "function": "set_count",
              "count": 1
            },
            {
              "function": "set_nbt",
              "tag": "{BlockEntityTag:{LootTable:\"mt:chests/end_treasure/shulker_shells\"}}"
            }
          ]
        },
        {
          "type": "minecraft:item",
          "name": "minecraft:enchanted_golden_apple",
          "weight": 2,
          "functions": [
            {
              "function": "minecraft:set_count",
              "count": {
                "min": 1,
                "max": 2
              }
            }
          ]
        },
        {
          "type": "minecraft:item",
          "name": "minecraft:ender_chest",
          "weight": 3,
          "functions": [
            {
              "function": "minecraft:set_count",
              "count": {
                "min": 1,
                "max": 2
              }
            }
          ]
		},
        {
          "type": "minecraft:item",
          "weight": 3,
          "name": "minecraft:goat_horn",
          "functions": [
            {
              "function": "minecraft:set_nbt",
              "tag": "{instrument:\"minecraft:call_goat_horn\",weapon:tp}"
            },
            {
              "function": "minecraft:set_name",
              "name": [
                {
                  "text": "Overworld Horn",
                  "color": "aqua",
                  "italic": "false"
                }
              ]
            },
			{
              "function": "minecraft:set_lore",
              "lore": [
                {
                  "text": "  "
                },
                {
                  "text": "Calls upon the realms of the overworld ",
                  "color": "gray",
                  "italic": false
                },
                {
                  "text": "teleporting you back to the overworld. ",
                  "color": "gray",
                  "italic": false
                },
                {
                  "text": "Use with caution. ",
                  "color": "gray",
                  "italic": false
                }
              ]
            }
          ],
          "conditions": [
            {
              "condition": "minecraft:random_chance",
              "chance": 1
            }
          ]
		},
        {
          "type": "item",
          "weight": 1,
          "name": "minecraft:elytra",
          "functions": [
            {
              "function": "set_count",
              "count": 1
            },
            {
              "function": "set_nbt",
              "tag": "{display:{Name:'{\"text\":\"Indestructia\",\"color\":\"gold\",\"italic\":false}'},RepairCost:99999,Unbreakable:1b}"
            },
            {
              "function": "minecraft:set_nbt",
              "tag": "{armor:indestructia}"
            }
          ],
          "conditions": [
            {
              "condition": "minecraft:random_chance",
              "chance": 0.5
            }
          ]
		}
	  ]
    }
  ]
}