{
  "display": {
    "icon": {
      "item": "minecraft:feather"
    },
    "title": "Chicken Dance!",
    "description": "Find your first Epic Wind Treasure!",
    "frame": "goal",
    "show_toast": true,
    "announce_to_chat": true,
    "hidden": false
  },
  "parent": "mt:treasure_advancements/first_rare_wind_treasure",
  "criteria": {
    "obtainchest": {
      "trigger": "minecraft:player_generates_container_loot",
      "conditions": {
        "loot_table": "minecraft:chests/wind_treasure/wind_epic_treasure"
      }
	}
  }
}