{
  "display": {
    "icon": {
      "item": "minecraft:spruce_leaves"
    },
    "title": "These Stupid Old Grown Moss!",
    "description": "Find your first Common Taiga Treasure!",
    "frame": "task",
    "show_toast": true,
    "announce_to_chat": true,
    "hidden": false
  },
  "parent": "mt:treasure_advancements/first_common_treasure",
  "criteria": {
    "obtainchest": {
      "trigger": "minecraft:player_generates_container_loot",
      "conditions": {
        "loot_table": "minecraft:chests/taiga_treasure/taiga_common_treasure"
      }
	}
  }
}