{
  "display": {
    "icon": {
      "item": "minecraft:emerald_ore"
    },
    "title": "In The Hall Of The Mountain King",
    "description": "Find your first Rare Mountain Treasure!",
    "frame": "task",
    "show_toast": true,
    "announce_to_chat": true,
    "hidden": false
  },
  "parent": "mt:treasure_advancements/first_common_mountain_treasure",
  "criteria": {
    "obtainchest": {
      "trigger": "minecraft:player_generates_container_loot",
      "conditions": {
        "loot_table": "minecraft:chests/mountain_treasure/mountain_rare_treasure"
      }
	}
  }
}