{
  "display": {
    "icon": {
      "item": "minecraft:pointed_dripstone"
    },
    "title": "Stalactite Madness",
    "description": "Find your first Epic Dripstone Treasure!",
    "frame": "goal",
    "show_toast": true,
    "announce_to_chat": true,
    "hidden": false
  },
  "parent": "mt:treasure_advancements/first_rare_dripstone_treasure",
  "criteria": {
    "obtainchest": {
      "trigger": "minecraft:player_generates_container_loot",
      "conditions": {
        "loot_table": "minecraft:chests/dripstone_treasure/dripstone_epic_treasure"
      }
	}
  }
}