{
  "display": {
    "icon": {
      "item": "minecraft:bamboo"
    },
    "title": "Kung Fu Panda",
    "description": "Find your first Rare Jungle Treasure!",
    "frame": "task",
    "show_toast": true,
    "announce_to_chat": true,
    "hidden": false
  },
  "parent": "mt:treasure_advancements/first_common_jungle_treasure",
  "criteria": {
    "obtainchest": {
      "trigger": "minecraft:player_generates_container_loot",
      "conditions": {
        "loot_table": "minecraft:chests/jungle_treasure/jungle_rare_treasure"
      }
	}
  }
}