{
  "display": {
    "icon": {
      "item": "minecraft:big_dripleaf"
    },
    "title": "The Flourishing Fun",
    "description": "Find your first Common Lush Caves Treasure!",
    "frame": "task",
    "show_toast": true,
    "announce_to_chat": true,
    "hidden": false
  },
  "parent": "mt:treasure_advancements/first_common_treasure",
  "criteria": {
    "obtainchest": {
      "trigger": "minecraft:player_generates_container_loot",
      "conditions": {
        "loot_table": "minecraft:chests/lush_caves_treasure/lushcave_common_treasure"
      }
	}
  }
}