{
  "display": {
    "icon": {
      "item": "minecraft:echo_shard"
    },
    "title": "The Light In The Dark",
    "description": "Find your first Legendary Deep Dark Treasure!",
    "frame": "challenge",
    "show_toast": true,
    "announce_to_chat": true,
    "hidden": false
  },
  "parent": "mt:treasure_advancements/first_epic_deepdark_treasure",
  "criteria": {
    "obtainchest": {
      "trigger": "minecraft:player_generates_container_loot",
      "conditions": {
        "loot_table": "minecraft:chests/deep_dark_treasure/deepdark_legendary_treasure"
      }
	}
  }
}