{  "display": {    "icon": {      "item": "minecraft:packed_ice"    },    "title": "Led A'Stray",    "description": "Find your first Epic Ice Treasure!",    "frame": "goal",    "show_toast": true,    "announce_to_chat": true,    "hidden": false  },  "parent": "mt:treasure_advancements/first_rare_ice_treasure",  "criteria": {    "obtainchest": {      "trigger": "minecraft:player_generates_container_loot",      "conditions": {        "loot_table": "minecraft:chests/ice_treasure/ice_epic_treasure"      }	}  }}