{
  "display": {
    "icon": {
      "item": "minecraft:book"
    },
    "title": "First Treasure!",
    "description": "Find your first Treasure!",
    "frame": "task",
    "show_toast": true,
    "announce_to_chat": true,
    "hidden": false
  },
  "parent": "mt:treasure_advancements/root",
  "criteria": {
    "obtainchest": {
      "trigger": "minecraft:tick",
      "conditions": {
        "player": [
          {
            "condition": "minecraft:entity_scores",
            "entity": "this",
            "scores": {
              "mt.common_count": {
                "min": 1,
                "max": 1
              }
            }
          }
        ]
      }
    }
  }
}