{
  "display": {
    "icon": {
      "item": "minecraft:warped_fungus"
    },
    "title": "Imported Mooshroom",
    "description": "Find your first Rare Mushroom Treasure!",
    "frame": "task",
    "show_toast": true,
    "announce_to_chat": true,
    "hidden": false
  },
  "parent": "mt:treasure_advancements/first_common_mushroom_treasure",
  "criteria": {
    "obtainchest": {
      "trigger": "minecraft:player_generates_container_loot",
      "conditions": {
        "loot_table": "minecraft:chests/mushroom_treasure/mushroom_rare_treasure"
      }
	}
  }
}