{
  "display": {
    "icon": {
      "item": "minecraft:red_sand"
    },
    "title": "Good Ol' Reliable Betsy",
    "description": "Find your first Rare Badlands Treasure!",
    "frame": "task",
    "show_toast": true,
    "announce_to_chat": true,
    "hidden": false
  },
  "parent": "mt:treasure_advancements/first_common_badlands_treasure",
  "criteria": {
    "obtainchest": {
      "trigger": "minecraft:player_generates_container_loot",
      "conditions": {
        "loot_table": "minecraft:chests/badlands_treasure/badlands_rare_treasure"
      }
	}
  }
}