{  "display": {    "icon": {      "item": "minecraft:ice"    },    "title": "The Campfire Song Song",    "description": "Find your first Rare Ice Treasure!",    "frame": "task",    "show_toast": true,    "announce_to_chat": true,    "hidden": false  },  "parent": "mt:treasure_advancements/first_common_ice_treasure",  "criteria": {    "obtainchest": {      "trigger": "minecraft:player_generates_container_loot",      "conditions": {        "loot_table": "minecraft:chests/ice_treasure/ice_rare_treasure"      }	}  }}