{
  "display": {
    "icon": {
      "item": "minecraft:sculk_shrieker"
    },
    "title": "I Am a Man Who Walks Alone",
    "description": "Find your first Epic Deep Dark Treasure!",
    "frame": "task",
    "show_toast": true,
    "announce_to_chat": true,
    "hidden": false
  },
  "parent": "mt:treasure_advancements/first_rare_deepdark_treasure",
  "criteria": {
    "obtainchest": {
      "trigger": "minecraft:player_generates_container_loot",
      "conditions": {
        "loot_table": "minecraft:chests/deep_dark_treasure/deepdark_epic_treasure"
      }
	}
  }
}