{
  "display": {
    "icon": {
      "item": "minecraft:salmon_bucket"
    },
    "title": "Atlantic Artifact",
    "description": "Obtain The Ocean Chestplate",
    "frame": "challenge",
    "show_toast": true,
    "announce_to_chat": true,
    "hidden": true
  },
  "parent": "mt:treasure_advancements/first_legendary_ocean_treasure",
  "criteria": {
    "obtainchest": {
      "trigger": "minecraft:inventory_changed",
      "conditions": {
        "items": [
          {
            "items": [
              "minecraft:leather_chestplate"
            ],
            "nbt": "{armor:oceanchest}"
          }
        ]
      }
    }
  }
}