{
  "pools": [
    {
      "rolls": 1,
      "entries": [
        {
          "type": "minecraft:item",
          "name": "minecraft:leather_helmet",
          "functions": [
            {
              "function": "set_nbt",
              "tag": "{display:{Name:'{\"text\":\"Dripstone Helmet\",\"color\":\"gold\",\"italic\":false}',Lore:['{\"text\":\" \"}','{\"text\":\"Ability:\",\"color\":\"green\",\"italic\":false}','{\"text\":\"Mining dripstone blocks increases \",\"color\":\"gray\",\"italic\":false}','{\"text\":\"hit speed by 1% for every 10 000\",\"color\":\"gray\",\"italic\":false}','{\"text\":\"blocks mined. Caps at 250 000.\",\"color\":\"gray\",\"italic\":false}'],color:8016693},HideFlags:64,RepairCost:99999,Unbreakable:1b,armor:dripstone_helmet,mt:armor}"
            },
            {
              "function": "minecraft:set_enchantments",
              "enchantments": {
                "minecraft:protection": {
                  "min": 2,
                  "max": 6
                },
                "minecraft:projectile_protection": {
                  "min": 1,
                  "max": 10
                },
                "minecraft:aqua_affinity": {
                  "min": 1,
                  "max": 1
                },
                "minecraft:respiration": {
                  "min": 1,
                  "max": 10
                }
              }
            },
            {
              "function": "minecraft:set_attributes",
              "modifiers": [
                {
                  "attribute": "minecraft:generic.armor",
                  "name": "minecraft:generic.armor",
                  "amount": 2.5,
                  "operation": "addition",
                  "slot": "head"
                },
                {
                  "attribute": "minecraft:generic.armor_toughness",
                  "name": "minecraft:generic.armor_toughness",
                  "amount": 2.5,
                  "operation": "addition",
                  "slot": "head"
                }
              ]
            }
		  ]
		},
        {
          "type": "minecraft:item",
          "name": "minecraft:leather_helmet",
          "functions": [
            {
              "function": "set_nbt",
              "tag": "{display:{Name:'{\"text\":\"Dripstone Helmet\",\"color\":\"gold\",\"italic\":false}',Lore:['{\"text\":\" \"}','{\"text\":\"Ability:\",\"color\":\"green\",\"italic\":false}','{\"text\":\"Mining dripstone blocks increases \",\"color\":\"gray\",\"italic\":false}','{\"text\":\"hit speed by 1% for every 10 000\",\"color\":\"gray\",\"italic\":false}','{\"text\":\"blocks mined. Caps at 250 000.\",\"color\":\"gray\",\"italic\":false}'],color:8016693},HideFlags:64,RepairCost:99999,Unbreakable:1b,armor:dripstone_helmet,mt:armor}"
            },
            {
              "function": "minecraft:set_enchantments",
              "enchantments": {
                "minecraft:protection": {
                  "min": 2,
                  "max": 6
                },
                "minecraft:projectile_protection": {
                  "min": 1,
                  "max": 10
                },
                "minecraft:aqua_affinity": {
                  "min": 1,
                  "max": 1
                },
                "minecraft:respiration": {
                  "min": 1,
                  "max": 10
                }
              }
            },
            {
              "function": "minecraft:set_attributes",
              "modifiers": [
                {
                  "attribute": "minecraft:generic.armor",
                  "name": "minecraft:generic.armor",
                  "amount": 3,
                  "operation": "addition",
                  "slot": "head"
                },
                {
                  "attribute": "minecraft:generic.armor_toughness",
                  "name": "minecraft:generic.armor_toughness",
                  "amount": 3,
                  "operation": "addition",
                  "slot": "head"
                }
              ]
            }
		  ]
		},
        {
          "type": "minecraft:item",
          "name": "minecraft:leather_helmet",
          "functions": [
            {
              "function": "set_nbt",
              "tag": "{display:{Name:'{\"text\":\"Dripstone Helmet\",\"color\":\"gold\",\"italic\":false}',Lore:['{\"text\":\" \"}','{\"text\":\"Ability:\",\"color\":\"green\",\"italic\":false}','{\"text\":\"Mining dripstone blocks increases \",\"color\":\"gray\",\"italic\":false}','{\"text\":\"hit speed by 1% for every 10 000\",\"color\":\"gray\",\"italic\":false}','{\"text\":\"blocks mined. Caps at 250 000.\",\"color\":\"gray\",\"italic\":false}'],color:8016693},HideFlags:64,RepairCost:99999,Unbreakable:1b,armor:dripstone_helmet,mt:armor}"
            },
            {
              "function": "minecraft:set_enchantments",
              "enchantments": {
                "minecraft:protection": {
                  "min": 2,
                  "max": 6
                },
                "minecraft:projectile_protection": {
                  "min": 1,
                  "max": 10
                },
                "minecraft:aqua_affinity": {
                  "min": 1,
                  "max": 1
                },
                "minecraft:respiration": {
                  "min": 1,
                  "max": 10
                }
              }
            },
            {
              "function": "minecraft:set_attributes",
              "modifiers": [
                {
                  "attribute": "minecraft:generic.armor",
                  "name": "minecraft:generic.armor",
                  "amount": 3.5,
                  "operation": "addition",
                  "slot": "head"
                },
                {
                  "attribute": "minecraft:generic.armor_toughness",
                  "name": "minecraft:generic.armor_toughness",
                  "amount": 3.5,
                  "operation": "addition",
                  "slot": "head"
                }
              ]
            }
		  ]
		},
        {
          "type": "minecraft:item",
          "name": "minecraft:leather_helmet",
          "functions": [
            {
              "function": "set_nbt",
              "tag": "{display:{Name:'{\"text\":\"Dripstone Helmet\",\"color\":\"gold\",\"italic\":false}',Lore:['{\"text\":\" \"}','{\"text\":\"Ability:\",\"color\":\"green\",\"italic\":false}','{\"text\":\"Mining dripstone blocks increases \",\"color\":\"gray\",\"italic\":false}','{\"text\":\"hit speed by 1% for every 10 000\",\"color\":\"gray\",\"italic\":false}','{\"text\":\"blocks mined. Caps at 250 000.\",\"color\":\"gray\",\"italic\":false}'],color:8016693},HideFlags:64,RepairCost:99999,Unbreakable:1b,armor:dripstone_helmet,mt:armor}"
            },
            {
              "function": "minecraft:set_enchantments",
              "enchantments": {
                "minecraft:protection": {
                  "min": 2,
                  "max": 6
                },
                "minecraft:projectile_protection": {
                  "min": 1,
                  "max": 10
                },
                "minecraft:aqua_affinity": {
                  "min": 1,
                  "max": 1
                },
                "minecraft:respiration": {
                  "min": 1,
                  "max": 10
                }
              }
            },
            {
              "function": "minecraft:set_attributes",
              "modifiers": [
                {
                  "attribute": "minecraft:generic.armor",
                  "name": "minecraft:generic.armor",
                  "amount": 4,
                  "operation": "addition",
                  "slot": "head"
                },
                {
                  "attribute": "minecraft:generic.armor_toughness",
                  "name": "minecraft:generic.armor_toughness",
                  "amount": 4,
                  "operation": "addition",
                  "slot": "head"
                }
              ]
            }
		  ]
		},
        {
          "type": "minecraft:item",
          "name": "minecraft:leather_helmet",
          "functions": [
            {
              "function": "set_nbt",
              "tag": "{display:{Name:'{\"text\":\"Dripstone Helmet\",\"color\":\"gold\",\"italic\":false}',Lore:['{\"text\":\" \"}','{\"text\":\"Ability:\",\"color\":\"green\",\"italic\":false}','{\"text\":\"Mining dripstone blocks increases \",\"color\":\"gray\",\"italic\":false}','{\"text\":\"hit speed by 1% for every 10 000\",\"color\":\"gray\",\"italic\":false}','{\"text\":\"blocks mined. Caps at 250 000.\",\"color\":\"gray\",\"italic\":false}'],color:8016693},HideFlags:64,RepairCost:99999,Unbreakable:1b,armor:dripstone_helmet,mt:armor}"
            },
            {
              "function": "minecraft:set_enchantments",
              "enchantments": {
                "minecraft:protection": {
                  "min": 2,
                  "max": 6
                },
                "minecraft:projectile_protection": {
                  "min": 1,
                  "max": 10
                },
                "minecraft:aqua_affinity": {
                  "min": 1,
                  "max": 1
                },
                "minecraft:respiration": {
                  "min": 1,
                  "max": 10
                }
              }
            },
            {
              "function": "minecraft:set_attributes",
              "modifiers": [
                {
                  "attribute": "minecraft:generic.armor",
                  "name": "minecraft:generic.armor",
                  "amount": 4,
                  "operation": "addition",
                  "slot": "head"
                },
                {
                  "attribute": "minecraft:generic.armor_toughness",
                  "name": "minecraft:generic.armor_toughness",
                  "amount": 4,
                  "operation": "addition",
                  "slot": "head"
                }
              ]
            }
		  ]
		},
        {
          "type": "minecraft:item",
          "name": "minecraft:leather_helmet",
          "functions": [
            {
              "function": "set_nbt",
              "tag": "{display:{Name:'{\"text\":\"Dripstone Helmet\",\"color\":\"gold\",\"italic\":false}',Lore:['{\"text\":\" \"}','{\"text\":\"Ability:\",\"color\":\"green\",\"italic\":false}','{\"text\":\"Mining dripstone blocks increases \",\"color\":\"gray\",\"italic\":false}','{\"text\":\"hit speed by 1% for every 10 000\",\"color\":\"gray\",\"italic\":false}','{\"text\":\"blocks mined. Caps at 250 000.\",\"color\":\"gray\",\"italic\":false}'],color:8016693},HideFlags:64,RepairCost:99999,Unbreakable:1b,armor:dripstone_helmet,mt:armor}"
            },
            {
              "function": "minecraft:set_enchantments",
              "enchantments": {
                "minecraft:protection": {
                  "min": 2,
                  "max": 6
                },
                "minecraft:projectile_protection": {
                  "min": 1,
                  "max": 10
                },
                "minecraft:aqua_affinity": {
                  "min": 1,
                  "max": 1
                },
                "minecraft:respiration": {
                  "min": 1,
                  "max": 10
                }
              }
            },
            {
              "function": "minecraft:set_attributes",
              "modifiers": [
                {
                  "attribute": "minecraft:generic.armor",
                  "name": "minecraft:generic.armor",
                  "amount": 4.5,
                  "operation": "addition",
                  "slot": "head"
                },
                {
                  "attribute": "minecraft:generic.armor_toughness",
                  "name": "minecraft:generic.armor_toughness",
                  "amount": 4.5,
                  "operation": "addition",
                  "slot": "head"
                }
              ]
            }
		  ]
		},
        {
          "type": "minecraft:item",
          "name": "minecraft:leather_helmet",
          "functions": [
            {
              "function": "set_nbt",
              "tag": "{display:{Name:'{\"text\":\"Dripstone Helmet\",\"color\":\"gold\",\"italic\":false}',Lore:['{\"text\":\" \"}','{\"text\":\"Ability:\",\"color\":\"green\",\"italic\":false}','{\"text\":\"Mining dripstone blocks increases \",\"color\":\"gray\",\"italic\":false}','{\"text\":\"hit speed by 1% for every 10 000\",\"color\":\"gray\",\"italic\":false}','{\"text\":\"blocks mined. Caps at 250 000.\",\"color\":\"gray\",\"italic\":false}'],color:8016693},HideFlags:64,RepairCost:99999,Unbreakable:1b,armor:dripstone_helmet,mt:armor}"
            },
            {
              "function": "minecraft:set_enchantments",
              "enchantments": {
                "minecraft:protection": {
                  "min": 2,
                  "max": 6
                },
                "minecraft:projectile_protection": {
                  "min": 1,
                  "max": 10
                },
                "minecraft:aqua_affinity": {
                  "min": 1,
                  "max": 1
                },
                "minecraft:respiration": {
                  "min": 1,
                  "max": 10
                }
              }
            },
            {
              "function": "minecraft:set_attributes",
              "modifiers": [
                {
                  "attribute": "minecraft:generic.armor",
                  "name": "minecraft:generic.armor",
                  "amount": 5,
                  "operation": "addition",
                  "slot": "head"
                },
                {
                  "attribute": "minecraft:generic.armor_toughness",
                  "name": "minecraft:generic.armor_toughness",
                  "amount": 5,
                  "operation": "addition",
                  "slot": "head"
                }
              ]
            }
		  ]
		},
        {
          "type": "minecraft:item",
          "name": "minecraft:leather_helmet",
          "functions": [
            {
              "function": "set_nbt",
              "tag": "{display:{Name:'{\"text\":\"Dripstone Helmet\",\"color\":\"gold\",\"italic\":false}',Lore:['{\"text\":\" \"}','{\"text\":\"Ability:\",\"color\":\"green\",\"italic\":false}','{\"text\":\"Mining dripstone blocks increases \",\"color\":\"gray\",\"italic\":false}','{\"text\":\"hit speed by 1% for every 10 000\",\"color\":\"gray\",\"italic\":false}','{\"text\":\"blocks mined. Caps at 250 000.\",\"color\":\"gray\",\"italic\":false}'],color:8016693},HideFlags:64,RepairCost:99999,Unbreakable:1b,armor:dripstone_helmet,mt:armor}"
            },
            {
              "function": "minecraft:set_enchantments",
              "enchantments": {
                "minecraft:protection": {
                  "min": 2,
                  "max": 6
                },
                "minecraft:projectile_protection": {
                  "min": 1,
                  "max": 10
                },
                "minecraft:aqua_affinity": {
                  "min": 1,
                  "max": 1
                },
                "minecraft:respiration": {
                  "min": 1,
                  "max": 10
                }
              }
            },
            {
              "function": "minecraft:set_attributes",
              "modifiers": [
                {
                  "attribute": "minecraft:generic.armor",
                  "name": "minecraft:generic.armor",
                  "amount": 3,
                  "operation": "addition",
                  "slot": "head"
                },
                {
                  "attribute": "minecraft:generic.armor_toughness",
                  "name": "minecraft:generic.armor_toughness",
                  "amount": 2.5,
                  "operation": "addition",
                  "slot": "head"
                }
              ]
            }
		  ]
		},
        {
          "type": "minecraft:item",
          "name": "minecraft:leather_helmet",
          "functions": [
            {
              "function": "set_nbt",
              "tag": "{display:{Name:'{\"text\":\"Dripstone Helmet\",\"color\":\"gold\",\"italic\":false}',Lore:['{\"text\":\" \"}','{\"text\":\"Ability:\",\"color\":\"green\",\"italic\":false}','{\"text\":\"Mining dripstone blocks increases \",\"color\":\"gray\",\"italic\":false}','{\"text\":\"hit speed by 1% for every 10 000\",\"color\":\"gray\",\"italic\":false}','{\"text\":\"blocks mined. Caps at 250 000.\",\"color\":\"gray\",\"italic\":false}'],color:8016693},HideFlags:64,RepairCost:99999,Unbreakable:1b,armor:dripstone_helmet,mt:armor}"
            },
            {
              "function": "minecraft:set_enchantments",
              "enchantments": {
                "minecraft:protection": {
                  "min": 2,
                  "max": 6
                },
                "minecraft:projectile_protection": {
                  "min": 1,
                  "max": 10
                },
                "minecraft:aqua_affinity": {
                  "min": 1,
                  "max": 1
                },
                "minecraft:respiration": {
                  "min": 1,
                  "max": 10
                }
              }
            },
            {
              "function": "minecraft:set_attributes",
              "modifiers": [
                {
                  "attribute": "minecraft:generic.armor",
                  "name": "minecraft:generic.armor",
                  "amount": 3.5,
                  "operation": "addition",
                  "slot": "head"
                },
                {
                  "attribute": "minecraft:generic.armor_toughness",
                  "name": "minecraft:generic.armor_toughness",
                  "amount": 2.5,
                  "operation": "addition",
                  "slot": "head"
                }
              ]
            }
		  ]
		},
        {
          "type": "minecraft:item",
          "name": "minecraft:leather_helmet",
          "functions": [
            {
              "function": "set_nbt",
              "tag": "{display:{Name:'{\"text\":\"Dripstone Helmet\",\"color\":\"gold\",\"italic\":false}',Lore:['{\"text\":\" \"}','{\"text\":\"Ability:\",\"color\":\"green\",\"italic\":false}','{\"text\":\"Mining dripstone blocks increases \",\"color\":\"gray\",\"italic\":false}','{\"text\":\"hit speed by 1% for every 10 000\",\"color\":\"gray\",\"italic\":false}','{\"text\":\"blocks mined. Caps at 250 000.\",\"color\":\"gray\",\"italic\":false}'],color:8016693},HideFlags:64,RepairCost:99999,Unbreakable:1b,armor:dripstone_helmet,mt:armor}"
            },
            {
              "function": "minecraft:set_enchantments",
              "enchantments": {
                "minecraft:protection": {
                  "min": 2,
                  "max": 6
                },
                "minecraft:projectile_protection": {
                  "min": 1,
                  "max": 10
                },
                "minecraft:aqua_affinity": {
                  "min": 1,
                  "max": 1
                },
                "minecraft:respiration": {
                  "min": 1,
                  "max": 10
                }
              }
            },
            {
              "function": "minecraft:set_attributes",
              "modifiers": [
                {
                  "attribute": "minecraft:generic.armor",
                  "name": "minecraft:generic.armor",
                  "amount": 4,
                  "operation": "addition",
                  "slot": "head"
                },
                {
                  "attribute": "minecraft:generic.armor_toughness",
                  "name": "minecraft:generic.armor_toughness",
                  "amount": 2.5,
                  "operation": "addition",
                  "slot": "head"
                }
              ]
            }
		  ]
		},
        {
          "type": "minecraft:item",
          "name": "minecraft:leather_helmet",
          "functions": [
            {
              "function": "set_nbt",
              "tag": "{display:{Name:'{\"text\":\"Dripstone Helmet\",\"color\":\"gold\",\"italic\":false}',Lore:['{\"text\":\" \"}','{\"text\":\"Ability:\",\"color\":\"green\",\"italic\":false}','{\"text\":\"Mining dripstone blocks increases \",\"color\":\"gray\",\"italic\":false}','{\"text\":\"hit speed by 1% for every 10 000\",\"color\":\"gray\",\"italic\":false}','{\"text\":\"blocks mined. Caps at 250 000.\",\"color\":\"gray\",\"italic\":false}'],color:8016693},HideFlags:64,RepairCost:99999,Unbreakable:1b,armor:dripstone_helmet,mt:armor}"
            },
            {
              "function": "minecraft:set_enchantments",
              "enchantments": {
                "minecraft:protection": {
                  "min": 2,
                  "max": 6
                },
                "minecraft:projectile_protection": {
                  "min": 1,
                  "max": 10
                },
                "minecraft:aqua_affinity": {
                  "min": 1,
                  "max": 1
                },
                "minecraft:respiration": {
                  "min": 1,
                  "max": 10
                }
              }
            },
            {
              "function": "minecraft:set_attributes",
              "modifiers": [
                {
                  "attribute": "minecraft:generic.armor",
                  "name": "minecraft:generic.armor",
                  "amount": 4.5,
                  "operation": "addition",
                  "slot": "head"
                },
                {
                  "attribute": "minecraft:generic.armor_toughness",
                  "name": "minecraft:generic.armor_toughness",
                  "amount": 2.5,
                  "operation": "addition",
                  "slot": "head"
                }
              ]
            }
		  ]
		},
        {
          "type": "minecraft:item",
          "name": "minecraft:leather_helmet",
          "functions": [
            {
              "function": "set_nbt",
              "tag": "{display:{Name:'{\"text\":\"Dripstone Helmet\",\"color\":\"gold\",\"italic\":false}',Lore:['{\"text\":\" \"}','{\"text\":\"Ability:\",\"color\":\"green\",\"italic\":false}','{\"text\":\"Mining dripstone blocks increases \",\"color\":\"gray\",\"italic\":false}','{\"text\":\"hit speed by 1% for every 10 000\",\"color\":\"gray\",\"italic\":false}','{\"text\":\"blocks mined. Caps at 250 000.\",\"color\":\"gray\",\"italic\":false}'],color:8016693},HideFlags:64,RepairCost:99999,Unbreakable:1b,armor:dripstone_helmet,mt:armor}"
            },
            {
              "function": "minecraft:set_enchantments",
              "enchantments": {
                "minecraft:protection": {
                  "min": 2,
                  "max": 6
                },
                "minecraft:projectile_protection": {
                  "min": 1,
                  "max": 10
                },
                "minecraft:aqua_affinity": {
                  "min": 1,
                  "max": 1
                },
                "minecraft:respiration": {
                  "min": 1,
                  "max": 10
                }
              }
            },
            {
              "function": "minecraft:set_attributes",
              "modifiers": [
                {
                  "attribute": "minecraft:generic.armor",
                  "name": "minecraft:generic.armor",
                  "amount": 5,
                  "operation": "addition",
                  "slot": "head"
                },
                {
                  "attribute": "minecraft:generic.armor_toughness",
                  "name": "minecraft:generic.armor_toughness",
                  "amount": 2.5,
                  "operation": "addition",
                  "slot": "head"
                }
              ]
            }
		  ]
		},
        {
          "type": "minecraft:item",
          "name": "minecraft:leather_helmet",
          "functions": [
            {
              "function": "set_nbt",
              "tag": "{display:{Name:'{\"text\":\"Dripstone Helmet\",\"color\":\"gold\",\"italic\":false}',Lore:['{\"text\":\" \"}','{\"text\":\"Ability:\",\"color\":\"green\",\"italic\":false}','{\"text\":\"Mining dripstone blocks increases \",\"color\":\"gray\",\"italic\":false}','{\"text\":\"hit speed by 1% for every 10 000\",\"color\":\"gray\",\"italic\":false}','{\"text\":\"blocks mined. Caps at 250 000.\",\"color\":\"gray\",\"italic\":false}'],color:8016693},HideFlags:64,RepairCost:99999,Unbreakable:1b,armor:dripstone_helmet,mt:armor}"
            },
            {
              "function": "minecraft:set_enchantments",
              "enchantments": {
                "minecraft:protection": {
                  "min": 2,
                  "max": 6
                },
                "minecraft:projectile_protection": {
                  "min": 1,
                  "max": 10
                },
                "minecraft:aqua_affinity": {
                  "min": 1,
                  "max": 1
                },
                "minecraft:respiration": {
                  "min": 1,
                  "max": 10
                }
              }
            },
            {
              "function": "minecraft:set_attributes",
              "modifiers": [
                {
                  "attribute": "minecraft:generic.armor",
                  "name": "minecraft:generic.armor",
                  "amount": 3.5,
                  "operation": "addition",
                  "slot": "head"
                },
                {
                  "attribute": "minecraft:generic.armor_toughness",
                  "name": "minecraft:generic.armor_toughness",
                  "amount": 3,
                  "operation": "addition",
                  "slot": "head"
                }
              ]
            }
		  ]
		},
        {
          "type": "minecraft:item",
          "name": "minecraft:leather_helmet",
          "functions": [
            {
              "function": "set_nbt",
              "tag": "{display:{Name:'{\"text\":\"Dripstone Helmet\",\"color\":\"gold\",\"italic\":false}',Lore:['{\"text\":\" \"}','{\"text\":\"Ability:\",\"color\":\"green\",\"italic\":false}','{\"text\":\"Mining dripstone blocks increases \",\"color\":\"gray\",\"italic\":false}','{\"text\":\"hit speed by 1% for every 10 000\",\"color\":\"gray\",\"italic\":false}','{\"text\":\"blocks mined. Caps at 250 000.\",\"color\":\"gray\",\"italic\":false}'],color:8016693},HideFlags:64,RepairCost:99999,Unbreakable:1b,armor:dripstone_helmet,mt:armor}"
            },
            {
              "function": "minecraft:set_enchantments",
              "enchantments": {
                "minecraft:protection": {
                  "min": 2,
                  "max": 6
                },
                "minecraft:projectile_protection": {
                  "min": 1,
                  "max": 10
                },
                "minecraft:aqua_affinity": {
                  "min": 1,
                  "max": 1
                },
                "minecraft:respiration": {
                  "min": 1,
                  "max": 10
                }
              }
            },
            {
              "function": "minecraft:set_attributes",
              "modifiers": [
                {
                  "attribute": "minecraft:generic.armor",
                  "name": "minecraft:generic.armor",
                  "amount": 4,
                  "operation": "addition",
                  "slot": "head"
                },
                {
                  "attribute": "minecraft:generic.armor_toughness",
                  "name": "minecraft:generic.armor_toughness",
                  "amount": 3,
                  "operation": "addition",
                  "slot": "head"
                }
              ]
            }
		  ]
		},
        {
          "type": "minecraft:item",
          "name": "minecraft:leather_helmet",
          "functions": [
            {
              "function": "set_nbt",
              "tag": "{display:{Name:'{\"text\":\"Dripstone Helmet\",\"color\":\"gold\",\"italic\":false}',Lore:['{\"text\":\" \"}','{\"text\":\"Ability:\",\"color\":\"green\",\"italic\":false}','{\"text\":\"Mining dripstone blocks increases \",\"color\":\"gray\",\"italic\":false}','{\"text\":\"hit speed by 1% for every 10 000\",\"color\":\"gray\",\"italic\":false}','{\"text\":\"blocks mined. Caps at 250 000.\",\"color\":\"gray\",\"italic\":false}'],color:8016693},HideFlags:64,RepairCost:99999,Unbreakable:1b,armor:dripstone_helmet,mt:armor}"
            },
            {
              "function": "minecraft:set_enchantments",
              "enchantments": {
                "minecraft:protection": {
                  "min": 2,
                  "max": 6
                },
                "minecraft:projectile_protection": {
                  "min": 1,
                  "max": 10
                },
                "minecraft:aqua_affinity": {
                  "min": 1,
                  "max": 1
                },
                "minecraft:respiration": {
                  "min": 1,
                  "max": 10
                }
              }
            },
            {
              "function": "minecraft:set_attributes",
              "modifiers": [
                {
                  "attribute": "minecraft:generic.armor",
                  "name": "minecraft:generic.armor",
                  "amount": 4.5,
                  "operation": "addition",
                  "slot": "head"
                },
                {
                  "attribute": "minecraft:generic.armor_toughness",
                  "name": "minecraft:generic.armor_toughness",
                  "amount": 3,
                  "operation": "addition",
                  "slot": "head"
                }
              ]
            }
		  ]
		},
        {
          "type": "minecraft:item",
          "name": "minecraft:leather_helmet",
          "functions": [
            {
              "function": "set_nbt",
              "tag": "{display:{Name:'{\"text\":\"Dripstone Helmet\",\"color\":\"gold\",\"italic\":false}',Lore:['{\"text\":\" \"}','{\"text\":\"Ability:\",\"color\":\"green\",\"italic\":false}','{\"text\":\"Mining dripstone blocks increases \",\"color\":\"gray\",\"italic\":false}','{\"text\":\"hit speed by 1% for every 10 000\",\"color\":\"gray\",\"italic\":false}','{\"text\":\"blocks mined. Caps at 250 000.\",\"color\":\"gray\",\"italic\":false}'],color:8016693},HideFlags:64,RepairCost:99999,Unbreakable:1b,armor:dripstone_helmet,mt:armor}"
            },
            {
              "function": "minecraft:set_enchantments",
              "enchantments": {
                "minecraft:protection": {
                  "min": 2,
                  "max": 6
                },
                "minecraft:projectile_protection": {
                  "min": 1,
                  "max": 10
                },
                "minecraft:aqua_affinity": {
                  "min": 1,
                  "max": 1
                },
                "minecraft:respiration": {
                  "min": 1,
                  "max": 10
                }
              }
            },
            {
              "function": "minecraft:set_attributes",
              "modifiers": [
                {
                  "attribute": "minecraft:generic.armor",
                  "name": "minecraft:generic.armor",
                  "amount": 5,
                  "operation": "addition",
                  "slot": "head"
                },
                {
                  "attribute": "minecraft:generic.armor_toughness",
                  "name": "minecraft:generic.armor_toughness",
                  "amount": 3,
                  "operation": "addition",
                  "slot": "head"
                }
              ]
            }
		  ]
		},
        {
          "type": "minecraft:item",
          "name": "minecraft:leather_helmet",
          "functions": [
            {
              "function": "set_nbt",
              "tag": "{display:{Name:'{\"text\":\"Dripstone Helmet\",\"color\":\"gold\",\"italic\":false}',Lore:['{\"text\":\" \"}','{\"text\":\"Ability:\",\"color\":\"green\",\"italic\":false}','{\"text\":\"Mining dripstone blocks increases \",\"color\":\"gray\",\"italic\":false}','{\"text\":\"hit speed by 1% for every 10 000\",\"color\":\"gray\",\"italic\":false}','{\"text\":\"blocks mined. Caps at 250 000.\",\"color\":\"gray\",\"italic\":false}'],color:8016693},HideFlags:64,RepairCost:99999,Unbreakable:1b,armor:dripstone_helmet,mt:armor}"
            },
            {
              "function": "minecraft:set_enchantments",
              "enchantments": {
                "minecraft:protection": {
                  "min": 2,
                  "max": 6
                },
                "minecraft:projectile_protection": {
                  "min": 1,
                  "max": 10
                },
                "minecraft:aqua_affinity": {
                  "min": 1,
                  "max": 1
                },
                "minecraft:respiration": {
                  "min": 1,
                  "max": 10
                }
              }
            },
            {
              "function": "minecraft:set_attributes",
              "modifiers": [
                {
                  "attribute": "minecraft:generic.armor",
                  "name": "minecraft:generic.armor",
                  "amount": 3,
                  "operation": "addition",
                  "slot": "head"
                },
                {
                  "attribute": "minecraft:generic.armor_toughness",
                  "name": "minecraft:generic.armor_toughness",
                  "amount": 3.5,
                  "operation": "addition",
                  "slot": "head"
                }
              ]
            }
		  ]
		},
        {
          "type": "minecraft:item",
          "name": "minecraft:leather_helmet",
          "functions": [
            {
              "function": "set_nbt",
              "tag": "{display:{Name:'{\"text\":\"Dripstone Helmet\",\"color\":\"gold\",\"italic\":false}',Lore:['{\"text\":\" \"}','{\"text\":\"Ability:\",\"color\":\"green\",\"italic\":false}','{\"text\":\"Mining dripstone blocks increases \",\"color\":\"gray\",\"italic\":false}','{\"text\":\"hit speed by 1% for every 10 000\",\"color\":\"gray\",\"italic\":false}','{\"text\":\"blocks mined. Caps at 250 000.\",\"color\":\"gray\",\"italic\":false}'],color:8016693},HideFlags:64,RepairCost:99999,Unbreakable:1b,armor:dripstone_helmet,mt:armor}"
            },
            {
              "function": "minecraft:set_enchantments",
              "enchantments": {
                "minecraft:protection": {
                  "min": 2,
                  "max": 6
                },
                "minecraft:projectile_protection": {
                  "min": 1,
                  "max": 10
                },
                "minecraft:aqua_affinity": {
                  "min": 1,
                  "max": 1
                },
                "minecraft:respiration": {
                  "min": 1,
                  "max": 10
                }
              }
            },
            {
              "function": "minecraft:set_attributes",
              "modifiers": [
                {
                  "attribute": "minecraft:generic.armor",
                  "name": "minecraft:generic.armor",
                  "amount": 4,
                  "operation": "addition",
                  "slot": "head"
                },
                {
                  "attribute": "minecraft:generic.armor_toughness",
                  "name": "minecraft:generic.armor_toughness",
                  "amount": 3.5,
                  "operation": "addition",
                  "slot": "head"
                }
              ]
            }
		  ]
		},
        {
          "type": "minecraft:item",
          "name": "minecraft:leather_helmet",
          "functions": [
            {
              "function": "set_nbt",
              "tag": "{display:{Name:'{\"text\":\"Dripstone Helmet\",\"color\":\"gold\",\"italic\":false}',Lore:['{\"text\":\" \"}','{\"text\":\"Ability:\",\"color\":\"green\",\"italic\":false}','{\"text\":\"Mining dripstone blocks increases \",\"color\":\"gray\",\"italic\":false}','{\"text\":\"hit speed by 1% for every 10 000\",\"color\":\"gray\",\"italic\":false}','{\"text\":\"blocks mined. Caps at 250 000.\",\"color\":\"gray\",\"italic\":false}'],color:8016693},HideFlags:64,RepairCost:99999,Unbreakable:1b,armor:dripstone_helmet,mt:armor}"
            },
            {
              "function": "minecraft:set_enchantments",
              "enchantments": {
                "minecraft:protection": {
                  "min": 2,
                  "max": 6
                },
                "minecraft:projectile_protection": {
                  "min": 1,
                  "max": 10
                },
                "minecraft:aqua_affinity": {
                  "min": 1,
                  "max": 1
                },
                "minecraft:respiration": {
                  "min": 1,
                  "max": 10
                }
              }
            },
            {
              "function": "minecraft:set_attributes",
              "modifiers": [
                {
                  "attribute": "minecraft:generic.armor",
                  "name": "minecraft:generic.armor",
                  "amount": 4.5,
                  "operation": "addition",
                  "slot": "head"
                },
                {
                  "attribute": "minecraft:generic.armor_toughness",
                  "name": "minecraft:generic.armor_toughness",
                  "amount": 3.5,
                  "operation": "addition",
                  "slot": "head"
                }
              ]
            }
		  ]
		},
        {
          "type": "minecraft:item",
          "name": "minecraft:leather_helmet",
          "functions": [
            {
              "function": "set_nbt",
              "tag": "{display:{Name:'{\"text\":\"Dripstone Helmet\",\"color\":\"gold\",\"italic\":false}',Lore:['{\"text\":\" \"}','{\"text\":\"Ability:\",\"color\":\"green\",\"italic\":false}','{\"text\":\"Mining dripstone blocks increases \",\"color\":\"gray\",\"italic\":false}','{\"text\":\"hit speed by 1% for every 10 000\",\"color\":\"gray\",\"italic\":false}','{\"text\":\"blocks mined. Caps at 250 000.\",\"color\":\"gray\",\"italic\":false}'],color:8016693},HideFlags:64,RepairCost:99999,Unbreakable:1b,armor:dripstone_helmet,mt:armor}"
            },
            {
              "function": "minecraft:set_enchantments",
              "enchantments": {
                "minecraft:protection": {
                  "min": 2,
                  "max": 6
                },
                "minecraft:projectile_protection": {
                  "min": 1,
                  "max": 10
                },
                "minecraft:aqua_affinity": {
                  "min": 1,
                  "max": 1
                },
                "minecraft:respiration": {
                  "min": 1,
                  "max": 10
                }
              }
            },
            {
              "function": "minecraft:set_attributes",
              "modifiers": [
                {
                  "attribute": "minecraft:generic.armor",
                  "name": "minecraft:generic.armor",
                  "amount": 5,
                  "operation": "addition",
                  "slot": "head"
                },
                {
                  "attribute": "minecraft:generic.armor_toughness",
                  "name": "minecraft:generic.armor_toughness",
                  "amount": 3.5,
                  "operation": "addition",
                  "slot": "head"
                }
              ]
            }
		  ]
		},
        {
          "type": "minecraft:item",
          "name": "minecraft:leather_helmet",
          "functions": [
            {
              "function": "set_nbt",
              "tag": "{display:{Name:'{\"text\":\"Dripstone Helmet\",\"color\":\"gold\",\"italic\":false}',Lore:['{\"text\":\" \"}','{\"text\":\"Ability:\",\"color\":\"green\",\"italic\":false}','{\"text\":\"Mining dripstone blocks increases \",\"color\":\"gray\",\"italic\":false}','{\"text\":\"hit speed by 1% for every 10 000\",\"color\":\"gray\",\"italic\":false}','{\"text\":\"blocks mined. Caps at 250 000.\",\"color\":\"gray\",\"italic\":false}'],color:8016693},HideFlags:64,RepairCost:99999,Unbreakable:1b,armor:dripstone_helmet,mt:armor}"
            },
            {
              "function": "minecraft:set_enchantments",
              "enchantments": {
                "minecraft:protection": {
                  "min": 2,
                  "max": 6
                },
                "minecraft:projectile_protection": {
                  "min": 1,
                  "max": 10
                },
                "minecraft:aqua_affinity": {
                  "min": 1,
                  "max": 1
                },
                "minecraft:respiration": {
                  "min": 1,
                  "max": 10
                }
              }
            },
            {
              "function": "minecraft:set_attributes",
              "modifiers": [
                {
                  "attribute": "minecraft:generic.armor",
                  "name": "minecraft:generic.armor",
                  "amount": 3,
                  "operation": "addition",
                  "slot": "head"
                },
                {
                  "attribute": "minecraft:generic.armor_toughness",
                  "name": "minecraft:generic.armor_toughness",
                  "amount": 4,
                  "operation": "addition",
                  "slot": "head"
                }
              ]
            }
		  ]
		},
        {
          "type": "minecraft:item",
          "name": "minecraft:leather_helmet",
          "functions": [
            {
              "function": "set_nbt",
              "tag": "{display:{Name:'{\"text\":\"Dripstone Helmet\",\"color\":\"gold\",\"italic\":false}',Lore:['{\"text\":\" \"}','{\"text\":\"Ability:\",\"color\":\"green\",\"italic\":false}','{\"text\":\"Mining dripstone blocks increases \",\"color\":\"gray\",\"italic\":false}','{\"text\":\"hit speed by 1% for every 10 000\",\"color\":\"gray\",\"italic\":false}','{\"text\":\"blocks mined. Caps at 250 000.\",\"color\":\"gray\",\"italic\":false}'],color:8016693},HideFlags:64,RepairCost:99999,Unbreakable:1b,armor:dripstone_helmet,mt:armor}"
            },
            {
              "function": "minecraft:set_enchantments",
              "enchantments": {
                "minecraft:protection": {
                  "min": 2,
                  "max": 6
                },
                "minecraft:projectile_protection": {
                  "min": 1,
                  "max": 10
                },
                "minecraft:aqua_affinity": {
                  "min": 1,
                  "max": 1
                },
                "minecraft:respiration": {
                  "min": 1,
                  "max": 10
                }
              }
            },
            {
              "function": "minecraft:set_attributes",
              "modifiers": [
                {
                  "attribute": "minecraft:generic.armor",
                  "name": "minecraft:generic.armor",
                  "amount": 3.5,
                  "operation": "addition",
                  "slot": "head"
                },
                {
                  "attribute": "minecraft:generic.armor_toughness",
                  "name": "minecraft:generic.armor_toughness",
                  "amount": 4,
                  "operation": "addition",
                  "slot": "head"
                }
              ]
            }
		  ]
		},
        {
          "type": "minecraft:item",
          "name": "minecraft:leather_helmet",
          "functions": [
            {
              "function": "set_nbt",
              "tag": "{display:{Name:'{\"text\":\"Dripstone Helmet\",\"color\":\"gold\",\"italic\":false}',Lore:['{\"text\":\" \"}','{\"text\":\"Ability:\",\"color\":\"green\",\"italic\":false}','{\"text\":\"Mining dripstone blocks increases \",\"color\":\"gray\",\"italic\":false}','{\"text\":\"hit speed by 1% for every 10 000\",\"color\":\"gray\",\"italic\":false}','{\"text\":\"blocks mined. Caps at 250 000.\",\"color\":\"gray\",\"italic\":false}'],color:8016693},HideFlags:64,RepairCost:99999,Unbreakable:1b,armor:dripstone_helmet,mt:armor}"
            },
            {
              "function": "minecraft:set_enchantments",
              "enchantments": {
                "minecraft:protection": {
                  "min": 2,
                  "max": 6
                },
                "minecraft:projectile_protection": {
                  "min": 1,
                  "max": 10
                },
                "minecraft:aqua_affinity": {
                  "min": 1,
                  "max": 1
                },
                "minecraft:respiration": {
                  "min": 1,
                  "max": 10
                }
              }
            },
            {
              "function": "minecraft:set_attributes",
              "modifiers": [
                {
                  "attribute": "minecraft:generic.armor",
                  "name": "minecraft:generic.armor",
                  "amount": 4.5,
                  "operation": "addition",
                  "slot": "head"
                },
                {
                  "attribute": "minecraft:generic.armor_toughness",
                  "name": "minecraft:generic.armor_toughness",
                  "amount": 4,
                  "operation": "addition",
                  "slot": "head"
                }
              ]
            }
		  ]
		},
        {
          "type": "minecraft:item",
          "name": "minecraft:leather_helmet",
          "functions": [
            {
              "function": "set_nbt",
              "tag": "{display:{Name:'{\"text\":\"Dripstone Helmet\",\"color\":\"gold\",\"italic\":false}',Lore:['{\"text\":\" \"}','{\"text\":\"Ability:\",\"color\":\"green\",\"italic\":false}','{\"text\":\"Mining dripstone blocks increases \",\"color\":\"gray\",\"italic\":false}','{\"text\":\"hit speed by 1% for every 10 000\",\"color\":\"gray\",\"italic\":false}','{\"text\":\"blocks mined. Caps at 250 000.\",\"color\":\"gray\",\"italic\":false}'],color:8016693},HideFlags:64,RepairCost:99999,Unbreakable:1b,armor:dripstone_helmet,mt:armor}"
            },
            {
              "function": "minecraft:set_enchantments",
              "enchantments": {
                "minecraft:protection": {
                  "min": 2,
                  "max": 6
                },
                "minecraft:projectile_protection": {
                  "min": 1,
                  "max": 10
                },
                "minecraft:aqua_affinity": {
                  "min": 1,
                  "max": 1
                },
                "minecraft:respiration": {
                  "min": 1,
                  "max": 10
                }
              }
            },
            {
              "function": "minecraft:set_attributes",
              "modifiers": [
                {
                  "attribute": "minecraft:generic.armor",
                  "name": "minecraft:generic.armor",
                  "amount": 5,
                  "operation": "addition",
                  "slot": "head"
                },
                {
                  "attribute": "minecraft:generic.armor_toughness",
                  "name": "minecraft:generic.armor_toughness",
                  "amount": 4,
                  "operation": "addition",
                  "slot": "head"
                }
              ]
            }
		  ]
		},
        {
          "type": "minecraft:item",
          "name": "minecraft:leather_helmet",
          "functions": [
            {
              "function": "set_nbt",
              "tag": "{display:{Name:'{\"text\":\"Dripstone Helmet\",\"color\":\"gold\",\"italic\":false}',Lore:['{\"text\":\" \"}','{\"text\":\"Ability:\",\"color\":\"green\",\"italic\":false}','{\"text\":\"Mining dripstone blocks increases \",\"color\":\"gray\",\"italic\":false}','{\"text\":\"hit speed by 1% for every 10 000\",\"color\":\"gray\",\"italic\":false}','{\"text\":\"blocks mined. Caps at 250 000.\",\"color\":\"gray\",\"italic\":false}'],color:8016693},HideFlags:64,RepairCost:99999,Unbreakable:1b,armor:dripstone_helmet,mt:armor}"
            },
            {
              "function": "minecraft:set_enchantments",
              "enchantments": {
                "minecraft:protection": {
                  "min": 2,
                  "max": 6
                },
                "minecraft:projectile_protection": {
                  "min": 1,
                  "max": 10
                },
                "minecraft:aqua_affinity": {
                  "min": 1,
                  "max": 1
                },
                "minecraft:respiration": {
                  "min": 1,
                  "max": 10
                }
              }
            },
            {
              "function": "minecraft:set_attributes",
              "modifiers": [
                {
                  "attribute": "minecraft:generic.armor",
                  "name": "minecraft:generic.armor",
                  "amount": 3,
                  "operation": "addition",
                  "slot": "head"
                },
                {
                  "attribute": "minecraft:generic.armor_toughness",
                  "name": "minecraft:generic.armor_toughness",
                  "amount": 4.5,
                  "operation": "addition",
                  "slot": "head"
                }
              ]
            }
		  ]
		},
        {
          "type": "minecraft:item",
          "name": "minecraft:leather_helmet",
          "functions": [
            {
              "function": "set_nbt",
              "tag": "{display:{Name:'{\"text\":\"Dripstone Helmet\",\"color\":\"gold\",\"italic\":false}',Lore:['{\"text\":\" \"}','{\"text\":\"Ability:\",\"color\":\"green\",\"italic\":false}','{\"text\":\"Mining dripstone blocks increases \",\"color\":\"gray\",\"italic\":false}','{\"text\":\"hit speed by 1% for every 10 000\",\"color\":\"gray\",\"italic\":false}','{\"text\":\"blocks mined. Caps at 250 000.\",\"color\":\"gray\",\"italic\":false}'],color:8016693},HideFlags:64,RepairCost:99999,Unbreakable:1b,armor:dripstone_helmet,mt:armor}"
            },
            {
              "function": "minecraft:set_enchantments",
              "enchantments": {
                "minecraft:protection": {
                  "min": 2,
                  "max": 6
                },
                "minecraft:projectile_protection": {
                  "min": 1,
                  "max": 10
                },
                "minecraft:aqua_affinity": {
                  "min": 1,
                  "max": 1
                },
                "minecraft:respiration": {
                  "min": 1,
                  "max": 10
                }
              }
            },
            {
              "function": "minecraft:set_attributes",
              "modifiers": [
                {
                  "attribute": "minecraft:generic.armor",
                  "name": "minecraft:generic.armor",
                  "amount": 3.5,
                  "operation": "addition",
                  "slot": "head"
                },
                {
                  "attribute": "minecraft:generic.armor_toughness",
                  "name": "minecraft:generic.armor_toughness",
                  "amount": 4.5,
                  "operation": "addition",
                  "slot": "head"
                }
              ]
            }
		  ]
		},
        {
          "type": "minecraft:item",
          "name": "minecraft:leather_helmet",
          "functions": [
            {
              "function": "set_nbt",
              "tag": "{display:{Name:'{\"text\":\"Dripstone Helmet\",\"color\":\"gold\",\"italic\":false}',Lore:['{\"text\":\" \"}','{\"text\":\"Ability:\",\"color\":\"green\",\"italic\":false}','{\"text\":\"Mining dripstone blocks increases \",\"color\":\"gray\",\"italic\":false}','{\"text\":\"hit speed by 1% for every 10 000\",\"color\":\"gray\",\"italic\":false}','{\"text\":\"blocks mined. Caps at 250 000.\",\"color\":\"gray\",\"italic\":false}'],color:8016693},HideFlags:64,RepairCost:99999,Unbreakable:1b,armor:dripstone_helmet,mt:armor}"
            },
            {
              "function": "minecraft:set_enchantments",
              "enchantments": {
                "minecraft:protection": {
                  "min": 2,
                  "max": 6
                },
                "minecraft:projectile_protection": {
                  "min": 1,
                  "max": 10
                },
                "minecraft:aqua_affinity": {
                  "min": 1,
                  "max": 1
                },
                "minecraft:respiration": {
                  "min": 1,
                  "max": 10
                }
              }
            },
            {
              "function": "minecraft:set_attributes",
              "modifiers": [
                {
                  "attribute": "minecraft:generic.armor",
                  "name": "minecraft:generic.armor",
                  "amount": 4,
                  "operation": "addition",
                  "slot": "head"
                },
                {
                  "attribute": "minecraft:generic.armor_toughness",
                  "name": "minecraft:generic.armor_toughness",
                  "amount": 4.5,
                  "operation": "addition",
                  "slot": "head"
                }
              ]
            }
		  ]
		},
        {
          "type": "minecraft:item",
          "name": "minecraft:leather_helmet",
          "functions": [
            {
              "function": "set_nbt",
              "tag": "{display:{Name:'{\"text\":\"Dripstone Helmet\",\"color\":\"gold\",\"italic\":false}',Lore:['{\"text\":\" \"}','{\"text\":\"Ability:\",\"color\":\"green\",\"italic\":false}','{\"text\":\"Mining dripstone blocks increases \",\"color\":\"gray\",\"italic\":false}','{\"text\":\"hit speed by 1% for every 10 000\",\"color\":\"gray\",\"italic\":false}','{\"text\":\"blocks mined. Caps at 250 000.\",\"color\":\"gray\",\"italic\":false}'],color:8016693},HideFlags:64,RepairCost:99999,Unbreakable:1b,armor:dripstone_helmet,mt:armor}"
            },
            {
              "function": "minecraft:set_enchantments",
              "enchantments": {
                "minecraft:protection": {
                  "min": 2,
                  "max": 6
                },
                "minecraft:projectile_protection": {
                  "min": 1,
                  "max": 10
                },
                "minecraft:aqua_affinity": {
                  "min": 1,
                  "max": 1
                },
                "minecraft:respiration": {
                  "min": 1,
                  "max": 10
                }
              }
            },
            {
              "function": "minecraft:set_attributes",
              "modifiers": [
                {
                  "attribute": "minecraft:generic.armor",
                  "name": "minecraft:generic.armor",
                  "amount": 5,
                  "operation": "addition",
                  "slot": "head"
                },
                {
                  "attribute": "minecraft:generic.armor_toughness",
                  "name": "minecraft:generic.armor_toughness",
                  "amount": 4.5,
                  "operation": "addition",
                  "slot": "head"
                }
              ]
            }
		  ]
		},
        {
          "type": "minecraft:item",
          "name": "minecraft:leather_helmet",
          "functions": [
            {
              "function": "set_nbt",
              "tag": "{display:{Name:'{\"text\":\"Dripstone Helmet\",\"color\":\"gold\",\"italic\":false}',Lore:['{\"text\":\" \"}','{\"text\":\"Ability:\",\"color\":\"green\",\"italic\":false}','{\"text\":\"Mining dripstone blocks increases \",\"color\":\"gray\",\"italic\":false}','{\"text\":\"hit speed by 1% for every 10 000\",\"color\":\"gray\",\"italic\":false}','{\"text\":\"blocks mined. Caps at 250 000.\",\"color\":\"gray\",\"italic\":false}'],color:8016693},HideFlags:64,RepairCost:99999,Unbreakable:1b,armor:dripstone_helmet,mt:armor}"
            },
            {
              "function": "minecraft:set_enchantments",
              "enchantments": {
                "minecraft:protection": {
                  "min": 2,
                  "max": 6
                },
                "minecraft:projectile_protection": {
                  "min": 1,
                  "max": 10
                },
                "minecraft:aqua_affinity": {
                  "min": 1,
                  "max": 1
                },
                "minecraft:respiration": {
                  "min": 1,
                  "max": 10
                }
              }
            },
            {
              "function": "minecraft:set_attributes",
              "modifiers": [
                {
                  "attribute": "minecraft:generic.armor",
                  "name": "minecraft:generic.armor",
                  "amount": 3,
                  "operation": "addition",
                  "slot": "head"
                },
                {
                  "attribute": "minecraft:generic.armor_toughness",
                  "name": "minecraft:generic.armor_toughness",
                  "amount": 5,
                  "operation": "addition",
                  "slot": "head"
                }
              ]
            }
		  ]
		},
        {
          "type": "minecraft:item",
          "name": "minecraft:leather_helmet",
          "functions": [
            {
              "function": "set_nbt",
              "tag": "{display:{Name:'{\"text\":\"Dripstone Helmet\",\"color\":\"gold\",\"italic\":false}',Lore:['{\"text\":\" \"}','{\"text\":\"Ability:\",\"color\":\"green\",\"italic\":false}','{\"text\":\"Mining dripstone blocks increases \",\"color\":\"gray\",\"italic\":false}','{\"text\":\"hit speed by 1% for every 10 000\",\"color\":\"gray\",\"italic\":false}','{\"text\":\"blocks mined. Caps at 250 000.\",\"color\":\"gray\",\"italic\":false}'],color:8016693},HideFlags:64,RepairCost:99999,Unbreakable:1b,armor:dripstone_helmet,mt:armor}"
            },
            {
              "function": "minecraft:set_enchantments",
              "enchantments": {
                "minecraft:protection": {
                  "min": 2,
                  "max": 6
                },
                "minecraft:projectile_protection": {
                  "min": 1,
                  "max": 10
                },
                "minecraft:aqua_affinity": {
                  "min": 1,
                  "max": 1
                },
                "minecraft:respiration": {
                  "min": 1,
                  "max": 10
                }
              }
            },
            {
              "function": "minecraft:set_attributes",
              "modifiers": [
                {
                  "attribute": "minecraft:generic.armor",
                  "name": "minecraft:generic.armor",
                  "amount": 3.5,
                  "operation": "addition",
                  "slot": "head"
                },
                {
                  "attribute": "minecraft:generic.armor_toughness",
                  "name": "minecraft:generic.armor_toughness",
                  "amount": 5,
                  "operation": "addition",
                  "slot": "head"
                }
              ]
            }
		  ]
		},
        {
          "type": "minecraft:item",
          "name": "minecraft:leather_helmet",
          "functions": [
            {
              "function": "set_nbt",
              "tag": "{display:{Name:'{\"text\":\"Dripstone Helmet\",\"color\":\"gold\",\"italic\":false}',Lore:['{\"text\":\" \"}','{\"text\":\"Ability:\",\"color\":\"green\",\"italic\":false}','{\"text\":\"Mining dripstone blocks increases \",\"color\":\"gray\",\"italic\":false}','{\"text\":\"hit speed by 1% for every 10 000\",\"color\":\"gray\",\"italic\":false}','{\"text\":\"blocks mined. Caps at 250 000.\",\"color\":\"gray\",\"italic\":false}'],color:8016693},HideFlags:64,RepairCost:99999,Unbreakable:1b,armor:dripstone_helmet,mt:armor}"
            },
            {
              "function": "minecraft:set_enchantments",
              "enchantments": {
                "minecraft:protection": {
                  "min": 2,
                  "max": 6
                },
                "minecraft:projectile_protection": {
                  "min": 1,
                  "max": 10
                },
                "minecraft:aqua_affinity": {
                  "min": 1,
                  "max": 1
                },
                "minecraft:respiration": {
                  "min": 1,
                  "max": 10
                }
              }
            },
            {
              "function": "minecraft:set_attributes",
              "modifiers": [
                {
                  "attribute": "minecraft:generic.armor",
                  "name": "minecraft:generic.armor",
                  "amount": 4,
                  "operation": "addition",
                  "slot": "head"
                },
                {
                  "attribute": "minecraft:generic.armor_toughness",
                  "name": "minecraft:generic.armor_toughness",
                  "amount": 5,
                  "operation": "addition",
                  "slot": "head"
                }
              ]
            }
		  ]
		},
        {
          "type": "minecraft:item",
          "name": "minecraft:leather_helmet",
          "functions": [
            {
              "function": "set_nbt",
              "tag": "{display:{Name:'{\"text\":\"Dripstone Helmet\",\"color\":\"gold\",\"italic\":false}',Lore:['{\"text\":\" \"}','{\"text\":\"Ability:\",\"color\":\"green\",\"italic\":false}','{\"text\":\"Mining dripstone blocks increases \",\"color\":\"gray\",\"italic\":false}','{\"text\":\"hit speed by 1% for every 10 000\",\"color\":\"gray\",\"italic\":false}','{\"text\":\"blocks mined. Caps at 250 000.\",\"color\":\"gray\",\"italic\":false}'],color:8016693},HideFlags:64,RepairCost:99999,Unbreakable:1b,armor:dripstone_helmet,mt:armor}"
            },
            {
              "function": "minecraft:set_enchantments",
              "enchantments": {
                "minecraft:protection": {
                  "min": 2,
                  "max": 6
                },
                "minecraft:projectile_protection": {
                  "min": 1,
                  "max": 10
                },
                "minecraft:aqua_affinity": {
                  "min": 1,
                  "max": 1
                },
                "minecraft:respiration": {
                  "min": 1,
                  "max": 10
                }
              }
            },
            {
              "function": "minecraft:set_attributes",
              "modifiers": [
                {
                  "attribute": "minecraft:generic.armor",
                  "name": "minecraft:generic.armor",
                  "amount": 4.5,
                  "operation": "addition",
                  "slot": "head"
                },
                {
                  "attribute": "minecraft:generic.armor_toughness",
                  "name": "minecraft:generic.armor_toughness",
                  "amount": 5,
                  "operation": "addition",
                  "slot": "head"
                }
              ]
            }
		  ]
		},
        {
          "type": "minecraft:item",
          "name": "minecraft:leather_helmet",
          "functions": [
            {
              "function": "set_nbt",
              "tag": "{display:{Name:'{\"text\":\"Dripstone Helmet\",\"color\":\"gold\",\"italic\":false}',Lore:['{\"text\":\" \"}','{\"text\":\"Ability:\",\"color\":\"green\",\"italic\":false}','{\"text\":\"Mining dripstone blocks increases \",\"color\":\"gray\",\"italic\":false}','{\"text\":\"hit speed by 1% for every 10 000\",\"color\":\"gray\",\"italic\":false}','{\"text\":\"blocks mined. Caps at 250 000.\",\"color\":\"gray\",\"italic\":false}'],color:8016693},HideFlags:64,RepairCost:99999,Unbreakable:1b,armor:dripstone_helmet,mt:armor}"
            },
            {
              "function": "minecraft:set_enchantments",
              "enchantments": {
                "minecraft:protection": {
                  "min": 2,
                  "max": 6
                },
                "minecraft:projectile_protection": {
                  "min": 1,
                  "max": 10
                },
                "minecraft:aqua_affinity": {
                  "min": 1,
                  "max": 1
                },
                "minecraft:respiration": {
                  "min": 1,
                  "max": 10
                }
              }
            },
            {
              "function": "minecraft:set_attributes",
              "modifiers": [
                {
                  "attribute": "minecraft:generic.armor",
                  "name": "minecraft:generic.armor",
                  "amount": 2.5,
                  "operation": "addition",
                  "slot": "head"
                },
                {
                  "attribute": "minecraft:generic.armor_toughness",
                  "name": "minecraft:generic.armor_toughness",
                  "amount": 3,
                  "operation": "addition",
                  "slot": "head"
                }
              ]
            }
		  ]
		},
        {
          "type": "minecraft:item",
          "name": "minecraft:leather_helmet",
          "functions": [
            {
              "function": "set_nbt",
              "tag": "{display:{Name:'{\"text\":\"Dripstone Helmet\",\"color\":\"gold\",\"italic\":false}',Lore:['{\"text\":\" \"}','{\"text\":\"Ability:\",\"color\":\"green\",\"italic\":false}','{\"text\":\"Mining dripstone blocks increases \",\"color\":\"gray\",\"italic\":false}','{\"text\":\"hit speed by 1% for every 10 000\",\"color\":\"gray\",\"italic\":false}','{\"text\":\"blocks mined. Caps at 250 000.\",\"color\":\"gray\",\"italic\":false}'],color:8016693},HideFlags:64,RepairCost:99999,Unbreakable:1b,armor:dripstone_helmet,mt:armor}"
            },
            {
              "function": "minecraft:set_enchantments",
              "enchantments": {
                "minecraft:protection": {
                  "min": 2,
                  "max": 6
                },
                "minecraft:projectile_protection": {
                  "min": 1,
                  "max": 10
                },
                "minecraft:aqua_affinity": {
                  "min": 1,
                  "max": 1
                },
                "minecraft:respiration": {
                  "min": 1,
                  "max": 10
                }
              }
            },
            {
              "function": "minecraft:set_attributes",
              "modifiers": [
                {
                  "attribute": "minecraft:generic.armor",
                  "name": "minecraft:generic.armor",
                  "amount": 2.5,
                  "operation": "addition",
                  "slot": "head"
                },
                {
                  "attribute": "minecraft:generic.armor_toughness",
                  "name": "minecraft:generic.armor_toughness",
                  "amount": 3.5,
                  "operation": "addition",
                  "slot": "head"
                }
              ]
            }
		  ]
		},
        {
          "type": "minecraft:item",
          "name": "minecraft:leather_helmet",
          "functions": [
            {
              "function": "set_nbt",
              "tag": "{display:{Name:'{\"text\":\"Dripstone Helmet\",\"color\":\"gold\",\"italic\":false}',Lore:['{\"text\":\" \"}','{\"text\":\"Ability:\",\"color\":\"green\",\"italic\":false}','{\"text\":\"Mining dripstone blocks increases \",\"color\":\"gray\",\"italic\":false}','{\"text\":\"hit speed by 1% for every 10 000\",\"color\":\"gray\",\"italic\":false}','{\"text\":\"blocks mined. Caps at 250 000.\",\"color\":\"gray\",\"italic\":false}'],color:8016693},HideFlags:64,RepairCost:99999,Unbreakable:1b,armor:dripstone_helmet,mt:armor}"
            },
            {
              "function": "minecraft:set_enchantments",
              "enchantments": {
                "minecraft:protection": {
                  "min": 2,
                  "max": 6
                },
                "minecraft:projectile_protection": {
                  "min": 1,
                  "max": 10
                },
                "minecraft:aqua_affinity": {
                  "min": 1,
                  "max": 1
                },
                "minecraft:respiration": {
                  "min": 1,
                  "max": 10
                }
              }
            },
            {
              "function": "minecraft:set_attributes",
              "modifiers": [
                {
                  "attribute": "minecraft:generic.armor",
                  "name": "minecraft:generic.armor",
                  "amount": 2.5,
                  "operation": "addition",
                  "slot": "head"
                },
                {
                  "attribute": "minecraft:generic.armor_toughness",
                  "name": "minecraft:generic.armor_toughness",
                  "amount": 4,
                  "operation": "addition",
                  "slot": "head"
                }
              ]
            }
		  ]
		},
        {
          "type": "minecraft:item",
          "name": "minecraft:leather_helmet",
          "functions": [
            {
              "function": "set_nbt",
              "tag": "{display:{Name:'{\"text\":\"Dripstone Helmet\",\"color\":\"gold\",\"italic\":false}',Lore:['{\"text\":\" \"}','{\"text\":\"Ability:\",\"color\":\"green\",\"italic\":false}','{\"text\":\"Mining dripstone blocks increases \",\"color\":\"gray\",\"italic\":false}','{\"text\":\"hit speed by 1% for every 10 000\",\"color\":\"gray\",\"italic\":false}','{\"text\":\"blocks mined. Caps at 250 000.\",\"color\":\"gray\",\"italic\":false}'],color:8016693},HideFlags:64,RepairCost:99999,Unbreakable:1b,armor:dripstone_helmet,mt:armor}"
            },
            {
              "function": "minecraft:set_enchantments",
              "enchantments": {
                "minecraft:protection": {
                  "min": 2,
                  "max": 6
                },
                "minecraft:projectile_protection": {
                  "min": 1,
                  "max": 10
                },
                "minecraft:aqua_affinity": {
                  "min": 1,
                  "max": 1
                },
                "minecraft:respiration": {
                  "min": 1,
                  "max": 10
                }
              }
            },
            {
              "function": "minecraft:set_attributes",
              "modifiers": [
                {
                  "attribute": "minecraft:generic.armor",
                  "name": "minecraft:generic.armor",
                  "amount": 2.5,
                  "operation": "addition",
                  "slot": "head"
                },
                {
                  "attribute": "minecraft:generic.armor_toughness",
                  "name": "minecraft:generic.armor_toughness",
                  "amount": 4.5,
                  "operation": "addition",
                  "slot": "head"
                }
              ]
            }
		  ]
		},
        {
          "type": "minecraft:item",
          "name": "minecraft:leather_helmet",
          "functions": [
            {
              "function": "set_nbt",
              "tag": "{display:{Name:'{\"text\":\"Dripstone Helmet\",\"color\":\"gold\",\"italic\":false}',Lore:['{\"text\":\" \"}','{\"text\":\"Ability:\",\"color\":\"green\",\"italic\":false}','{\"text\":\"Mining dripstone blocks increases \",\"color\":\"gray\",\"italic\":false}','{\"text\":\"hit speed by 1% for every 10 000\",\"color\":\"gray\",\"italic\":false}','{\"text\":\"blocks mined. Caps at 250 000.\",\"color\":\"gray\",\"italic\":false}'],color:8016693},HideFlags:64,RepairCost:99999,Unbreakable:1b,armor:dripstone_helmet,mt:armor}"
            },
            {
              "function": "minecraft:set_enchantments",
              "enchantments": {
                "minecraft:protection": {
                  "min": 2,
                  "max": 6
                },
                "minecraft:projectile_protection": {
                  "min": 1,
                  "max": 10
                },
                "minecraft:aqua_affinity": {
                  "min": 1,
                  "max": 1
                },
                "minecraft:respiration": {
                  "min": 1,
                  "max": 10
                }
              }
            },
            {
              "function": "minecraft:set_attributes",
              "modifiers": [
                {
                  "attribute": "minecraft:generic.armor",
                  "name": "minecraft:generic.armor",
                  "amount": 2.5,
                  "operation": "addition",
                  "slot": "head"
                },
                {
                  "attribute": "minecraft:generic.armor_toughness",
                  "name": "minecraft:generic.armor_toughness",
                  "amount": 5,
                  "operation": "addition",
                  "slot": "head"
                }
              ]
            }
		  ]
		}
	  ]
	}
  ]
}