{
  "pools": [
    {
      "rolls": 1,
      "entries": [
        {
          "type": "minecraft:item",
          "name": "minecraft:netherite_chestplate",
          "functions": [
            {
              "function": "minecraft:set_nbt",
              "tag": "{display:{Name:'{\"text\":\"Refined Netherite Chestplate\",\"color\":\"gold\",\"italic\":false}',Lore:['{\"text\":\" \"}','{\"text\":\"Ability:\",\"color\":\"green\",\"italic\":false}','{\"text\":\"When a full set of Refined Netherite\",\"color\":\"gray\",\"italic\":false}','{\"text\":\"Armor is worn, the user gains permanent\",\"color\":\"gray\",\"italic\":false}','{\"text\":\"Resistance I and 25% more health.\",\"color\":\"gray\",\"italic\":false}']},armor:rn_chest}"
            },
            {
              "function": "minecraft:set_enchantments",
              "enchantments": {
                "minecraft:protection": {
                  "min": 1,
                  "max": 6
                },
                "minecraft:mending": {
                  "min": 0,
                  "max": 1
                },
                "minecraft:unbreaking": {
                  "min": 1,
                  "max": 10
                }
              }
            },
            {
              "function": "minecraft:set_attributes",
              "modifiers": [
                {
                  "attribute": "minecraft:generic.knockback_resistance",
                  "name": "minecraft:generic.knockback_resistance",
                  "amount": 0.1,
                  "operation": "addition",
                  "slot": "chest"
                },
                {
                  "attribute": "minecraft:generic.armor_toughness",
                  "name": "minecraft:generic.armor_toughness",
                  "amount": 2.5,
                  "operation": "addition",
                  "slot": "chest"
                },
                {
                  "attribute": "minecraft:generic.armor",
                  "name": "minecraft:generic.armor",
                  "amount": 7.5,
                  "operation": "addition",
                  "slot": "chest"
                },
                {
                  "attribute": "minecraft:generic.max_health",
                  "name": "minecraft:generic.max_health",
                  "amount": 5,
                  "operation": "addition",
                  "slot": "chest"
                }
              ]
            }
          ]
        },
        {
          "type": "minecraft:item",
          "name": "minecraft:netherite_chestplate",
          "functions": [
            {
              "function": "minecraft:set_nbt",
              "tag": "{display:{Name:'{\"text\":\"Refined Netherite Chestplate\",\"color\":\"gold\",\"italic\":false}',Lore:['{\"text\":\" \"}','{\"text\":\"Ability:\",\"color\":\"green\",\"italic\":false}','{\"text\":\"When a full set of Refined Netherite\",\"color\":\"gray\",\"italic\":false}','{\"text\":\"Armor is worn, the user gains permanent\",\"color\":\"gray\",\"italic\":false}','{\"text\":\"Resistance I and 25% more health.\",\"color\":\"gray\",\"italic\":false}']},armor:rn_chest}"
            },
            {
              "function": "minecraft:set_enchantments",
              "enchantments": {
                "minecraft:protection": {
                  "min": 1,
                  "max": 6
                },
                "minecraft:mending": {
                  "min": 0,
                  "max": 1
                },
                "minecraft:unbreaking": {
                  "min": 1,
                  "max": 10
                }
              }
            },
            {
              "function": "minecraft:set_attributes",
              "modifiers": [
                {
                  "attribute": "minecraft:generic.knockback_resistance",
                  "name": "minecraft:generic.knockback_resistance",
                  "amount": 0.1,
                  "operation": "addition",
                  "slot": "chest"
                },
                {
                  "attribute": "minecraft:generic.armor_toughness",
                  "name": "minecraft:generic.armor_toughness",
                  "amount": 3,
                  "operation": "addition",
                  "slot": "chest"
                },
                {
                  "attribute": "minecraft:generic.armor",
                  "name": "minecraft:generic.armor",
                  "amount": 8,
                  "operation": "addition",
                  "slot": "chest"
                },
                {
                  "attribute": "minecraft:generic.max_health",
                  "name": "minecraft:generic.max_health",
                  "amount": 5,
                  "operation": "addition",
                  "slot": "chest"
                }
              ]
            }
          ]
        },
        {
          "type": "minecraft:item",
          "name": "minecraft:netherite_chestplate",
          "functions": [
            {
              "function": "minecraft:set_nbt",
              "tag": "{display:{Name:'{\"text\":\"Refined Netherite Chestplate\",\"color\":\"gold\",\"italic\":false}',Lore:['{\"text\":\" \"}','{\"text\":\"Ability:\",\"color\":\"green\",\"italic\":false}','{\"text\":\"When a full set of Refined Netherite\",\"color\":\"gray\",\"italic\":false}','{\"text\":\"Armor is worn, the user gains permanent\",\"color\":\"gray\",\"italic\":false}','{\"text\":\"Resistance I and 25% more health.\",\"color\":\"gray\",\"italic\":false}']},armor:rn_chest}"
            },
            {
              "function": "minecraft:set_enchantments",
              "enchantments": {
                "minecraft:protection": {
                  "min": 1,
                  "max": 6
                },
                "minecraft:mending": {
                  "min": 0,
                  "max": 1
                },
                "minecraft:unbreaking": {
                  "min": 1,
                  "max": 10
                }
              }
            },
            {
              "function": "minecraft:set_attributes",
              "modifiers": [
                {
                  "attribute": "minecraft:generic.knockback_resistance",
                  "name": "minecraft:generic.knockback_resistance",
                  "amount": 0.1,
                  "operation": "addition",
                  "slot": "chest"
                },
                {
                  "attribute": "minecraft:generic.armor_toughness",
                  "name": "minecraft:generic.armor_toughness",
                  "amount": 3.5,
                  "operation": "addition",
                  "slot": "chest"
                },
                {
                  "attribute": "minecraft:generic.armor",
                  "name": "minecraft:generic.armor",
                  "amount": 8.5,
                  "operation": "addition",
                  "slot": "chest"
                },
                {
                  "attribute": "minecraft:generic.max_health",
                  "name": "minecraft:generic.max_health",
                  "amount": 5,
                  "operation": "addition",
                  "slot": "chest"
                }
              ]
            }
          ]
        },
        {
          "type": "minecraft:item",
          "name": "minecraft:netherite_chestplate",
          "functions": [
            {
              "function": "minecraft:set_nbt",
              "tag": "{display:{Name:'{\"text\":\"Refined Netherite Chestplate\",\"color\":\"gold\",\"italic\":false}',Lore:['{\"text\":\" \"}','{\"text\":\"Ability:\",\"color\":\"green\",\"italic\":false}','{\"text\":\"When a full set of Refined Netherite\",\"color\":\"gray\",\"italic\":false}','{\"text\":\"Armor is worn, the user gains permanent\",\"color\":\"gray\",\"italic\":false}','{\"text\":\"Resistance I and 25% more health.\",\"color\":\"gray\",\"italic\":false}']},armor:rn_chest}"
            },
            {
              "function": "minecraft:set_enchantments",
              "enchantments": {
                "minecraft:protection": {
                  "min": 1,
                  "max": 6
                },
                "minecraft:mending": {
                  "min": 0,
                  "max": 1
                },
                "minecraft:unbreaking": {
                  "min": 1,
                  "max": 10
                }
              }
            },
            {
              "function": "minecraft:set_attributes",
              "modifiers": [
                {
                  "attribute": "minecraft:generic.knockback_resistance",
                  "name": "minecraft:generic.knockback_resistance",
                  "amount": 0.1,
                  "operation": "addition",
                  "slot": "chest"
                },
                {
                  "attribute": "minecraft:generic.armor_toughness",
                  "name": "minecraft:generic.armor_toughness",
                  "amount": 4,
                  "operation": "addition",
                  "slot": "chest"
                },
                {
                  "attribute": "minecraft:generic.armor",
                  "name": "minecraft:generic.armor",
                  "amount": 9,
                  "operation": "addition",
                  "slot": "chest"
                },
                {
                  "attribute": "minecraft:generic.max_health",
                  "name": "minecraft:generic.max_health",
                  "amount": 5,
                  "operation": "addition",
                  "slot": "chest"
                }
              ]
            }
		  ]
		},
        {
          "type": "minecraft:item",
          "name": "minecraft:netherite_chestplate",
          "functions": [
            {
              "function": "minecraft:set_nbt",
              "tag": "{display:{Name:'{\"text\":\"Refined Netherite Chestplate\",\"color\":\"gold\",\"italic\":false}',Lore:['{\"text\":\" \"}','{\"text\":\"Ability:\",\"color\":\"green\",\"italic\":false}','{\"text\":\"When a full set of Refined Netherite\",\"color\":\"gray\",\"italic\":false}','{\"text\":\"Armor is worn, the user gains permanent\",\"color\":\"gray\",\"italic\":false}','{\"text\":\"Resistance I and 25% more health.\",\"color\":\"gray\",\"italic\":false}']},armor:rn_chest}"
            },
            {
              "function": "minecraft:set_enchantments",
              "enchantments": {
                "minecraft:protection": {
                  "min": 1,
                  "max": 6
                },
                "minecraft:mending": {
                  "min": 0,
                  "max": 1
                },
                "minecraft:unbreaking": {
                  "min": 1,
                  "max": 10
                }
              }
            },
            {
              "function": "minecraft:set_attributes",
              "modifiers": [
                {
                  "attribute": "minecraft:generic.knockback_resistance",
                  "name": "minecraft:generic.knockback_resistance",
                  "amount": 0.1,
                  "operation": "addition",
                  "slot": "chest"
                },
                {
                  "attribute": "minecraft:generic.armor_toughness",
                  "name": "minecraft:generic.armor_toughness",
                  "amount": 4.5,
                  "operation": "addition",
                  "slot": "chest"
                },
                {
                  "attribute": "minecraft:generic.armor",
                  "name": "minecraft:generic.armor",
                  "amount": 9.5,
                  "operation": "addition",
                  "slot": "chest"
                },
                {
                  "attribute": "minecraft:generic.max_health",
                  "name": "minecraft:generic.max_health",
                  "amount": 5,
                  "operation": "addition",
                  "slot": "chest"
                }
              ]
            }
		  ]
		},
        {
          "type": "minecraft:item",
          "name": "minecraft:netherite_chestplate",
          "functions": [
            {
              "function": "minecraft:set_nbt",
              "tag": "{display:{Name:'{\"text\":\"Refined Netherite Chestplate\",\"color\":\"gold\",\"italic\":false}',Lore:['{\"text\":\" \"}','{\"text\":\"Ability:\",\"color\":\"green\",\"italic\":false}','{\"text\":\"When a full set of Refined Netherite\",\"color\":\"gray\",\"italic\":false}','{\"text\":\"Armor is worn, the user gains permanent\",\"color\":\"gray\",\"italic\":false}','{\"text\":\"Resistance I and 25% more health.\",\"color\":\"gray\",\"italic\":false}']},armor:rn_chest}"
            },
            {
              "function": "minecraft:set_enchantments",
              "enchantments": {
                "minecraft:protection": {
                  "min": 1,
                  "max": 6
                },
                "minecraft:mending": {
                  "min": 0,
                  "max": 1
                },
                "minecraft:unbreaking": {
                  "min": 1,
                  "max": 10
                }
              }
            },
            {
              "function": "minecraft:set_attributes",
              "modifiers": [
                {
                  "attribute": "minecraft:generic.knockback_resistance",
                  "name": "minecraft:generic.knockback_resistance",
                  "amount": 0.1,
                  "operation": "addition",
                  "slot": "chest"
                },
                {
                  "attribute": "minecraft:generic.armor_toughness",
                  "name": "minecraft:generic.armor_toughness",
                  "amount": 3,
                  "operation": "addition",
                  "slot": "chest"
                },
                {
                  "attribute": "minecraft:generic.armor",
                  "name": "minecraft:generic.armor",
                  "amount": 7.5,
                  "operation": "addition",
                  "slot": "chest"
                },
                {
                  "attribute": "minecraft:generic.max_health",
                  "name": "minecraft:generic.max_health",
                  "amount": 5,
                  "operation": "addition",
                  "slot": "chest"
                }
              ]
            }
		  ]
		},
        {
          "type": "minecraft:item",
          "name": "minecraft:netherite_chestplate",
          "functions": [
            {
              "function": "minecraft:set_nbt",
              "tag": "{display:{Name:'{\"text\":\"Refined Netherite Chestplate\",\"color\":\"gold\",\"italic\":false}',Lore:['{\"text\":\" \"}','{\"text\":\"Ability:\",\"color\":\"green\",\"italic\":false}','{\"text\":\"When a full set of Refined Netherite\",\"color\":\"gray\",\"italic\":false}','{\"text\":\"Armor is worn, the user gains permanent\",\"color\":\"gray\",\"italic\":false}','{\"text\":\"Resistance I and 25% more health.\",\"color\":\"gray\",\"italic\":false}']},armor:rn_chest}"
            },
            {
              "function": "minecraft:set_enchantments",
              "enchantments": {
                "minecraft:protection": {
                  "min": 1,
                  "max": 6
                },
                "minecraft:mending": {
                  "min": 0,
                  "max": 1
                },
                "minecraft:unbreaking": {
                  "min": 1,
                  "max": 10
                }
              }
            },
            {
              "function": "minecraft:set_attributes",
              "modifiers": [
                {
                  "attribute": "minecraft:generic.knockback_resistance",
                  "name": "minecraft:generic.knockback_resistance",
                  "amount": 0.1,
                  "operation": "addition",
                  "slot": "chest"
                },
                {
                  "attribute": "minecraft:generic.armor_toughness",
                  "name": "minecraft:generic.armor_toughness",
                  "amount": 3.5,
                  "operation": "addition",
                  "slot": "chest"
                },
                {
                  "attribute": "minecraft:generic.armor",
                  "name": "minecraft:generic.armor",
                  "amount": 7.5,
                  "operation": "addition",
                  "slot": "chest"
                },
                {
                  "attribute": "minecraft:generic.max_health",
                  "name": "minecraft:generic.max_health",
                  "amount": 5,
                  "operation": "addition",
                  "slot": "chest"
                }
              ]
            }
		  ]
		},
        {
          "type": "minecraft:item",
          "name": "minecraft:netherite_chestplate",
          "functions": [
            {
              "function": "minecraft:set_nbt",
              "tag": "{display:{Name:'{\"text\":\"Refined Netherite Chestplate\",\"color\":\"gold\",\"italic\":false}',Lore:['{\"text\":\" \"}','{\"text\":\"Ability:\",\"color\":\"green\",\"italic\":false}','{\"text\":\"When a full set of Refined Netherite\",\"color\":\"gray\",\"italic\":false}','{\"text\":\"Armor is worn, the user gains permanent\",\"color\":\"gray\",\"italic\":false}','{\"text\":\"Resistance I and 25% more health.\",\"color\":\"gray\",\"italic\":false}']},armor:rn_chest}"
            },
            {
              "function": "minecraft:set_enchantments",
              "enchantments": {
                "minecraft:protection": {
                  "min": 1,
                  "max": 6
                },
                "minecraft:mending": {
                  "min": 0,
                  "max": 1
                },
                "minecraft:unbreaking": {
                  "min": 1,
                  "max": 10
                }
              }
            },
            {
              "function": "minecraft:set_attributes",
              "modifiers": [
                {
                  "attribute": "minecraft:generic.knockback_resistance",
                  "name": "minecraft:generic.knockback_resistance",
                  "amount": 0.1,
                  "operation": "addition",
                  "slot": "chest"
                },
                {
                  "attribute": "minecraft:generic.armor_toughness",
                  "name": "minecraft:generic.armor_toughness",
                  "amount": 4,
                  "operation": "addition",
                  "slot": "chest"
                },
                {
                  "attribute": "minecraft:generic.armor",
                  "name": "minecraft:generic.armor",
                  "amount": 7.5,
                  "operation": "addition",
                  "slot": "chest"
                },
                {
                  "attribute": "minecraft:generic.max_health",
                  "name": "minecraft:generic.max_health",
                  "amount": 5,
                  "operation": "addition",
                  "slot": "chest"
                }
              ]
            }
		  ]
		},
        {
          "type": "minecraft:item",
          "name": "minecraft:netherite_chestplate",
          "functions": [
            {
              "function": "minecraft:set_nbt",
              "tag": "{display:{Name:'{\"text\":\"Refined Netherite Chestplate\",\"color\":\"gold\",\"italic\":false}',Lore:['{\"text\":\" \"}','{\"text\":\"Ability:\",\"color\":\"green\",\"italic\":false}','{\"text\":\"When a full set of Refined Netherite\",\"color\":\"gray\",\"italic\":false}','{\"text\":\"Armor is worn, the user gains permanent\",\"color\":\"gray\",\"italic\":false}','{\"text\":\"Resistance I and 25% more health.\",\"color\":\"gray\",\"italic\":false}']},armor:rn_chest}"
            },
            {
              "function": "minecraft:set_enchantments",
              "enchantments": {
                "minecraft:protection": {
                  "min": 1,
                  "max": 6
                },
                "minecraft:mending": {
                  "min": 0,
                  "max": 1
                },
                "minecraft:unbreaking": {
                  "min": 1,
                  "max": 10
                }
              }
            },
            {
              "function": "minecraft:set_attributes",
              "modifiers": [
                {
                  "attribute": "minecraft:generic.knockback_resistance",
                  "name": "minecraft:generic.knockback_resistance",
                  "amount": 0.1,
                  "operation": "addition",
                  "slot": "chest"
                },
                {
                  "attribute": "minecraft:generic.armor_toughness",
                  "name": "minecraft:generic.armor_toughness",
                  "amount": 4.5,
                  "operation": "addition",
                  "slot": "chest"
                },
                {
                  "attribute": "minecraft:generic.armor",
                  "name": "minecraft:generic.armor",
                  "amount": 7.5,
                  "operation": "addition",
                  "slot": "chest"
                },
                {
                  "attribute": "minecraft:generic.max_health",
                  "name": "minecraft:generic.max_health",
                  "amount": 5,
                  "operation": "addition",
                  "slot": "chest"
                }
              ]
            }
		  ]
		},
        {
          "type": "minecraft:item",
          "name": "minecraft:netherite_chestplate",
          "functions": [
            {
              "function": "minecraft:set_nbt",
              "tag": "{display:{Name:'{\"text\":\"Refined Netherite Chestplate\",\"color\":\"gold\",\"italic\":false}',Lore:['{\"text\":\" \"}','{\"text\":\"Ability:\",\"color\":\"green\",\"italic\":false}','{\"text\":\"When a full set of Refined Netherite\",\"color\":\"gray\",\"italic\":false}','{\"text\":\"Armor is worn, the user gains permanent\",\"color\":\"gray\",\"italic\":false}','{\"text\":\"Resistance I and 25% more health.\",\"color\":\"gray\",\"italic\":false}']},armor:rn_chest}"
            },
            {
              "function": "minecraft:set_enchantments",
              "enchantments": {
                "minecraft:protection": {
                  "min": 1,
                  "max": 6
                },
                "minecraft:mending": {
                  "min": 0,
                  "max": 1
                },
                "minecraft:unbreaking": {
                  "min": 1,
                  "max": 10
                }
              }
            },
            {
              "function": "minecraft:set_attributes",
              "modifiers": [
                {
                  "attribute": "minecraft:generic.knockback_resistance",
                  "name": "minecraft:generic.knockback_resistance",
                  "amount": 0.1,
                  "operation": "addition",
                  "slot": "chest"
                },
                {
                  "attribute": "minecraft:generic.armor_toughness",
                  "name": "minecraft:generic.armor_toughness",
                  "amount": 2.5,
                  "operation": "addition",
                  "slot": "chest"
                },
                {
                  "attribute": "minecraft:generic.armor",
                  "name": "minecraft:generic.armor",
                  "amount": 8,
                  "operation": "addition",
                  "slot": "chest"
                },
                {
                  "attribute": "minecraft:generic.max_health",
                  "name": "minecraft:generic.max_health",
                  "amount": 5,
                  "operation": "addition",
                  "slot": "chest"
                }
              ]
            }
		  ]
		},
        {
          "type": "minecraft:item",
          "name": "minecraft:netherite_chestplate",
          "functions": [
            {
              "function": "minecraft:set_nbt",
              "tag": "{display:{Name:'{\"text\":\"Refined Netherite Chestplate\",\"color\":\"gold\",\"italic\":false}',Lore:['{\"text\":\" \"}','{\"text\":\"Ability:\",\"color\":\"green\",\"italic\":false}','{\"text\":\"When a full set of Refined Netherite\",\"color\":\"gray\",\"italic\":false}','{\"text\":\"Armor is worn, the user gains permanent\",\"color\":\"gray\",\"italic\":false}','{\"text\":\"Resistance I and 25% more health.\",\"color\":\"gray\",\"italic\":false}']},armor:rn_chest}"
            },
            {
              "function": "minecraft:set_enchantments",
              "enchantments": {
                "minecraft:protection": {
                  "min": 1,
                  "max": 6
                },
                "minecraft:mending": {
                  "min": 0,
                  "max": 1
                },
                "minecraft:unbreaking": {
                  "min": 1,
                  "max": 10
                }
              }
            },
            {
              "function": "minecraft:set_attributes",
              "modifiers": [
                {
                  "attribute": "minecraft:generic.knockback_resistance",
                  "name": "minecraft:generic.knockback_resistance",
                  "amount": 0.1,
                  "operation": "addition",
                  "slot": "chest"
                },
                {
                  "attribute": "minecraft:generic.armor_toughness",
                  "name": "minecraft:generic.armor_toughness",
                  "amount": 2.5,
                  "operation": "addition",
                  "slot": "chest"
                },
                {
                  "attribute": "minecraft:generic.armor",
                  "name": "minecraft:generic.armor",
                  "amount": 8.5,
                  "operation": "addition",
                  "slot": "chest"
                },
                {
                  "attribute": "minecraft:generic.max_health",
                  "name": "minecraft:generic.max_health",
                  "amount": 5,
                  "operation": "addition",
                  "slot": "chest"
                }
              ]
            }
		  ]
		},
        {
          "type": "minecraft:item",
          "name": "minecraft:netherite_chestplate",
          "functions": [
            {
              "function": "minecraft:set_nbt",
              "tag": "{display:{Name:'{\"text\":\"Refined Netherite Chestplate\",\"color\":\"gold\",\"italic\":false}',Lore:['{\"text\":\" \"}','{\"text\":\"Ability:\",\"color\":\"green\",\"italic\":false}','{\"text\":\"When a full set of Refined Netherite\",\"color\":\"gray\",\"italic\":false}','{\"text\":\"Armor is worn, the user gains permanent\",\"color\":\"gray\",\"italic\":false}','{\"text\":\"Resistance I and 25% more health.\",\"color\":\"gray\",\"italic\":false}']},armor:rn_chest}"
            },
            {
              "function": "minecraft:set_enchantments",
              "enchantments": {
                "minecraft:protection": {
                  "min": 1,
                  "max": 6
                },
                "minecraft:mending": {
                  "min": 0,
                  "max": 1
                },
                "minecraft:unbreaking": {
                  "min": 1,
                  "max": 10
                }
              }
            },
            {
              "function": "minecraft:set_attributes",
              "modifiers": [
                {
                  "attribute": "minecraft:generic.knockback_resistance",
                  "name": "minecraft:generic.knockback_resistance",
                  "amount": 0.1,
                  "operation": "addition",
                  "slot": "chest"
                },
                {
                  "attribute": "minecraft:generic.armor_toughness",
                  "name": "minecraft:generic.armor_toughness",
                  "amount": 2.5,
                  "operation": "addition",
                  "slot": "chest"
                },
                {
                  "attribute": "minecraft:generic.armor",
                  "name": "minecraft:generic.armor",
                  "amount": 9,
                  "operation": "addition",
                  "slot": "chest"
                },
                {
                  "attribute": "minecraft:generic.max_health",
                  "name": "minecraft:generic.max_health",
                  "amount": 5,
                  "operation": "addition",
                  "slot": "chest"
                }
              ]
            }
		  ]
		},
        {
          "type": "minecraft:item",
          "name": "minecraft:netherite_chestplate",
          "functions": [
            {
              "function": "minecraft:set_nbt",
              "tag": "{display:{Name:'{\"text\":\"Refined Netherite Chestplate\",\"color\":\"gold\",\"italic\":false}',Lore:['{\"text\":\" \"}','{\"text\":\"Ability:\",\"color\":\"green\",\"italic\":false}','{\"text\":\"When a full set of Refined Netherite\",\"color\":\"gray\",\"italic\":false}','{\"text\":\"Armor is worn, the user gains permanent\",\"color\":\"gray\",\"italic\":false}','{\"text\":\"Resistance I and 25% more health.\",\"color\":\"gray\",\"italic\":false}']},armor:rn_chest}"
            },
            {
              "function": "minecraft:set_enchantments",
              "enchantments": {
                "minecraft:protection": {
                  "min": 1,
                  "max": 6
                },
                "minecraft:mending": {
                  "min": 0,
                  "max": 1
                },
                "minecraft:unbreaking": {
                  "min": 1,
                  "max": 10
                }
              }
            },
            {
              "function": "minecraft:set_attributes",
              "modifiers": [
                {
                  "attribute": "minecraft:generic.knockback_resistance",
                  "name": "minecraft:generic.knockback_resistance",
                  "amount": 0.1,
                  "operation": "addition",
                  "slot": "chest"
                },
                {
                  "attribute": "minecraft:generic.armor_toughness",
                  "name": "minecraft:generic.armor_toughness",
                  "amount": 2.5,
                  "operation": "addition",
                  "slot": "chest"
                },
                {
                  "attribute": "minecraft:generic.armor",
                  "name": "minecraft:generic.armor",
                  "amount": 9.5,
                  "operation": "addition",
                  "slot": "chest"
                },
                {
                  "attribute": "minecraft:generic.max_health",
                  "name": "minecraft:generic.max_health",
                  "amount": 5,
                  "operation": "addition",
                  "slot": "chest"
                }
              ]
            }
		  ]
		}
      ]
    }
  ]
}