{
  "display": {
    "icon": {
      "item": "minecraft:diamond_block"
    },
    "title": "Stop Please...",
    "description": "Find 250 Rare Treasure!",
    "frame": "goal",
    "show_toast": true,
    "announce_to_chat": true,
    "hidden": true
  },
  "parent": "mt:treasure_advancements/100_rare_treasure",
  "criteria": {
    "obtainchest": {
      "trigger": "minecraft:tick",
      "conditions": {
        "player": [
          {
            "condition": "minecraft:entity_scores",
            "entity": "this",
            "scores": {
              "rareCount": {
                "min": 250
              }
            }
          }
        ]
      }
    }
  }
}