{
  "display": {
    "icon": {
      "item": "minecraft:water_bucket"
    },
    "title": "Even Better Drip",
    "description": "Find your first Rare Dripstone Treasure!",
    "frame": "task",
    "show_toast": true,
    "announce_to_chat": true,
    "hidden": false
  },
  "parent": "mt:treasure_advancements/first_common_dripstone_treasure",
  "criteria": {
    "obtainchest": {
      "trigger": "minecraft:player_generates_container_loot",
      "conditions": {
        "loot_table": "minecraft:chests/dripstone_treasure/dripstonerarechest"
      }
	}
  }
}