{
  "display": {
    "icon": {
      "item": "minecraft:totem_of_undying"
    },
    "title": "Welcome, New Pharaoh!",
    "description": "Find your first Legendary Desert Treasure!",
    "frame": "challenge",
    "show_toast": true,
    "announce_to_chat": true,
    "hidden": false
  },
  "parent": "mt:treasure_advancements/first_epic_desert_treasure",
  "criteria": {
    "obtainchest": {
      "trigger": "minecraft:player_generates_container_loot",
      "conditions": {
        "loot_table": "minecraft:chests/desert_treasure/desertlegendarychest"
      }
	}
  }
}