{
  "display": {
    "icon": {
      "item": "minecraft:gravel"
    },
    "title": "It Sure Feels Windy!",
    "description": "Find your first Common Wind Treasure!",
    "frame": "task",
    "show_toast": true,
    "announce_to_chat": true,
    "hidden": false
  },
  "parent": "mt:treasure_advancements/first_common_treasure",
  "criteria": {
    "obtainchest": {
      "trigger": "minecraft:player_generates_container_loot",
      "conditions": {
        "loot_table": "minecraft:chests/wind_treasure/windcommonchest"
      }
	}
  }
}