{
  "display": {
    "icon": {
      "item": "minecraft:potion"
    },
    "title": "What Are Ya Doing In My Swamp?",
    "description": "Find your first Legendary Swamp Treasure!",
    "frame": "challenge",
    "show_toast": true,
    "announce_to_chat": true,
    "hidden": false
  },
  "parent": "mt:treasure_advancements/first_epic_swamp_treasure",
  "criteria": {
    "obtainchest": {
      "trigger": "minecraft:player_generates_container_loot",
      "conditions": {
        "loot_table": "minecraft:chests/swamp_treasure/swamplegendarychest"
      }
	}
  }
}