{
  "display": {
    "icon": {
      "item": "minecraft:light_blue_concrete"
    },
    "title": "Underneath The Ocean",
    "description": "Find your first Common Ocean Treasure!",
    "frame": "task",
    "show_toast": true,
    "announce_to_chat": true,
    "hidden": false
  },
  "parent": "mt:treasure_advancements/first_common_treasure",
  "criteria": {
    "obtainchest": {
      "trigger": "minecraft:player_generates_container_loot",
      "conditions": {
        "loot_table": "minecraft:chests/ocean_treasure/oceancommonchest"
      }
	}
  }
}