{
  "display": {
    "icon": {
      "item": "minecraft:chiseled_sandstone"
    },
    "title": "Better Than A Desert Temple?",
    "description": "Find your first Epic Desert Treasure!",
    "frame": "goal",
    "show_toast": true,
    "announce_to_chat": true,
    "hidden": false
  },
  "parent": "mt:treasure_advancements/first_rare_desert_treasure",
  "criteria": {
    "obtainchest": {
      "trigger": "minecraft:player_generates_container_loot",
      "conditions": {
        "loot_table": "minecraft:chests/desert_treasure/desertepicchest"
      }
	}
  }
}