{
  "display": {
    "icon": {
      "item": "minecraft:poppy"
    },
    "title": "Flower Power!",
    "description": "Find your first Common Flower Treasure!",
    "frame": "task",
    "show_toast": true,
    "announce_to_chat": true,
    "hidden": false
  },
  "parent": "mt:treasure_advancements/first_common_treasure",
  "criteria": {
    "obtainchest": {
      "trigger": "minecraft:player_generates_container_loot",
      "conditions": {
        "loot_table": "minecraft:chests/flower_treasure/flowercommonchest"
      }
	}
  }
}