{
  "display": {
    "icon": {
      "item": "minecraft:cornflower"
    },
    "title": "Save The Planet!",
    "description": "Find your first Rare Flower Treasure!",
    "frame": "task",
    "show_toast": true,
    "announce_to_chat": true,
    "hidden": false
  },
  "parent": "mt:treasure_advancements/first_common_flower_treasure",
  "criteria": {
    "obtainchest": {
      "trigger": "minecraft:player_generates_container_loot",
      "conditions": {
        "loot_table": "minecraft:chests/flower_treasure/flowerrarechest"
      }
	}
  }
}