{
  "display": {
    "icon": {
      "item": "minecraft:apple"
    },
    "title": "On The Horse Back",
    "description": "Find your first Common Savanna Treasure!",
    "frame": "task",
    "show_toast": true,
    "announce_to_chat": true,
    "hidden": false
  },
  "parent": "mt:treasure_advancements/first_common_treasure",
  "criteria": {
    "obtainchest": {
      "trigger": "minecraft:player_generates_container_loot",
      "conditions": {
        "loot_table": "minecraft:chests/savanna_treasure/savannacommonchest"
      }
	}
  }
}