{
  "display": {
    "icon": {
      "item": "minecraft:dark_prismarine"
    },
    "title": "Finding Nemo Part III?",
    "description": "Find your first Epic Ocean Treasure!",
    "frame": "goal",
    "show_toast": true,
    "announce_to_chat": true,
    "hidden": false
  },
  "parent": "mt:treasure_advancements/first_rare_ocean_treasure",
  "criteria": {
    "obtainchest": {
      "trigger": "minecraft:player_generates_container_loot",
      "conditions": {
        "loot_table": "minecraft:chests/ocean_treasure/oceanepicchest"
      }
	}
  }
}