{
  "display": {
    "icon": {
      "item": "minecraft:mossy_cobblestone"
    },
    "title": "In The Jungle The Mighty Jungle",
    "description": "Find your first Legendary Jungle Treasure!",
    "frame": "challenge",
    "show_toast": true,
    "announce_to_chat": true,
    "hidden": false
  },
  "parent": "mt:treasure_advancements/first_epic_jungle_treasure",
  "criteria": {
    "obtainchest": {
      "trigger": "minecraft:player_generates_container_loot",
      "conditions": {
        "loot_table": "minecraft:chests/jungle_treasure/junglelegendarychest"
      }
	}
  }
}