{
  "display": {
    "icon": {
      "item": "minecraft:basalt"
    },
    "title": "Bruhsalt",
    "description": "Find your first Common Basalt Deltas Treasure!",
    "frame": "task",
    "show_toast": true,
    "announce_to_chat": true,
    "hidden": false
  },
  "parent": "mt:treasure_advancements/first_legendary_nether_treasure",
  "criteria": {
    "obtainchest": {
      "trigger": "minecraft:player_generates_container_loot",
      "conditions": {
        "loot_table": "minecraft:chests/basalt_treasure/basaltdeltascommonchest"
      }
	}
  }
}