{
  "display": {
    "icon": {
      "item": "minecraft:end_crystal"
    },
    "title": "You Poor Soul...",
    "description": "Find your first Epic Soul Valley Treasure!",
    "frame": "goal",
    "show_toast": true,
    "announce_to_chat": true,
    "hidden": false
  },
  "parent": "mt:treasure_advancements/first_rare_soulvalley_treasure",
  "criteria": {
    "obtainchest": {
      "trigger": "minecraft:player_generates_container_loot",
      "conditions": {
        "loot_table": "minecraft:chests/soul_valley_treasure/soulvalleyepicchest"
      }
	}
  }
}