{
  "display": {
    "icon": {
      "item": "minecraft:creeper_head"
    },
    "title": "Found By The Wendigo Yet?",
    "description": "Find your first Epic Taiga Treasure!",
    "frame": "goal",
    "show_toast": true,
    "announce_to_chat": true,
    "hidden": false
  },
  "parent": "mt:treasure_advancements/first_rare_taiga_treasure",
  "criteria": {
    "obtainchest": {
      "trigger": "minecraft:player_generates_container_loot",
      "conditions": {
        "loot_table": "minecraft:chests/taiga_treasure/taigaepicchest"
      }
	}
  }
}