{
  "display": {
    "icon": {
      "item": "minecraft:gold_block"
    },
    "title": "Almost There Now...",
    "description": "Find your first Epic Default Treasure!",
    "frame": "goal",
    "show_toast": true,
    "announce_to_chat": true,
    "hidden": false
  },
  "parent": "mt:treasure_advancements/first_rare_default_treasure",
  "criteria": {
    "obtainchest": {
      "trigger": "minecraft:player_generates_container_loot",
      "conditions": {
        "loot_table": "minecraft:chests/default_treasure/defaultepicchest"
      }
	}
  }
}