{
  "display": {
    "icon": {
      "item": "minecraft:magma_block"
    },
    "title": "Satan's Watching You",
    "description": "Find your first Epic Nether Treasure!",
    "frame": "goal",
    "show_toast": true,
    "announce_to_chat": true,
    "hidden": false
  },
  "parent": "mt:treasure_advancements/first_rare_nether_treasure",
  "criteria": {
    "obtainchest": {
      "trigger": "minecraft:player_generates_container_loot",
      "conditions": {
        "loot_table": "minecraft:chests/nether_treasure/netherdefaultepicchest"
      }
	}
  }
}