{
  "display": {
    "icon": {
      "item": "minecraft:bedrock"
    },
    "title": "Bruh, Why Bruhsalt Deltas?",
    "description": "Find your first Legendary Basalt Deltas Treasure!",
    "frame": "challenge",
    "show_toast": true,
    "announce_to_chat": true,
    "hidden": false
  },
  "parent": "mt:treasure_advancements/first_epic_basalt_treasure",
  "criteria": {
    "obtainchest": {
      "trigger": "minecraft:player_generates_container_loot",
      "conditions": {
        "loot_table": "minecraft:chests/basalt_treasure/basaltdeltaslegendarychest"
      }
	}
  }
}