{  "display": {    "icon": {      "item": "minecraft:light_blue_stained_glass"    },    "title": "Jesus, It's So Cold Down Here",    "description": "Find your first Common Ice Treasure!",    "frame": "task",    "show_toast": true,    "announce_to_chat": true,    "hidden": false  },  "parent": "mt:treasure_advancements/first_common_treasure",  "criteria": {    "obtainchest": {      "trigger": "minecraft:player_generates_container_loot",      "conditions": {        "loot_table": "minecraft:chests/ice_treasure/icecommonchest"      }	}  }}