{
  "display": {
    "icon": {
      "item": "minecraft:chest_minecart"
    },
    "title": "Portable Mineshaft Chest",
    "description": "Open Mineshaft loot from a Rare Chest",
    "frame": "task",
    "show_toast": true,
    "announce_to_chat": true,
    "hidden": false
  },
  "parent": "mt:treasure_advancements/first_rare_badlands_treasure",
  "criteria": {
    "obtainchest": {
      "trigger": "minecraft:player_generates_container_loot",
      "conditions": {
        "loot_table": "minecraft:chests/badlands_treasure/mineshaft"
      }
	}
  }
}