{
  "display": {
    "icon": {
      "item": "minecraft:green_shulker_box"
    },
    "title": "Woah, That's Alotta Rares",
    "description": "Open a Green Shulker Box From a Legendary Jungle Treasure",
    "frame": "task",
    "show_toast": true,
    "announce_to_chat": true,
    "hidden": false
  },
  "parent": "mt:treasure_advancements/first_legendary_jungle_treasure",
  "criteria": {
    "obtainchest": {
      "trigger": "minecraft:player_generates_container_loot",
      "conditions": {
        "loot_table": "minecraft:chests/jungle_treasure/rare"
      }
	}
  }
}