{
  "type": "minecraft:chest",
  "pools": [
    {
      "rolls": {
        "min": 8.0,
        "max": 12.0
      },
      "bonus_rolls": {
        "min": 1,
        "max": 6
      },
      "entries": [
        {
          "type": "minecraft:item",
          "name": "minecraft:honey_bottle",
          "weight": 2,
          "quality": 1,
          "functions": [
            {
              "function": "minecraft:set_count",
              "count": {
                "min": 2,
                "max": 4
              }
            }
		  ]
        },
        {
          "type": "minecraft:item",
          "name": "minecraft:honey_block",
          "weight": 3,
          "functions": [
            {
              "function": "minecraft:set_count",
              "count": {
                "min": 8,
                "max": 16
              }
            }
          ]
        },
        {
          "type": "minecraft:item",
          "name": "minecraft:suspicious_stew",
          "functions": [
            {
              "function": "minecraft:set_stew_effect",
              "effects": [
                {
                  "type": "minecraft:speed",
                  "duration": {
                    "min": 280,
                    "max": 280
                  }
                }
		      ]
			},
			{
              "function": "set_name",
              "name": [
                {
                  "text": "Sweet Glow Berry Soup",
                  "color": "aqua",
                  "italic": "false"
                }
			  ]
            }
          ]
        },
        {
          "type": "minecraft:item",
          "name": "minecraft:sweet_berries",
          "weight": 1,
          "quality": 1,
          "functions": [
            {
              "function": "minecraft:set_count",
              "count": {
                "min": 4,
                "max": 8
              }
            }
          ]
        },
        {
          "type": "minecraft:item",
          "name": "minecraft:experience_bottle",
          "weight": 2,
          "quality": 1,
          "functions": [
            {
              "function": "minecraft:limit_count",
              "limit": {
                "min": 6,
                "max": 12
              }
            }
          ]
        },
        {
          "type": "minecraft:item",
          "name": "minecraft:rose_bush",
          "weight": 2,
          "quality": 1,
          "functions": [
            {
              "function": "minecraft:limit_count",
              "limit": {
                "min": 4,
                "max": 8
              }
            }
          ]
        },
        {
          "type": "minecraft:item",
          "weight": 2,
          "name": "minecraft:tipped_arrow",
          "functions": [
            {
              "function": "minecraft:limit_count",
              "limit": {
                "min": 4,
                "max": 8
              }
			},
            {
              "function": "set_nbt",
              "tag": "{display:{Name:'{\"text\":\"Glowy Arrow\",\"color\":\"#F0B71A\",\"italic\":false}'},HideFlags:127,CustomPotionEffects:[{Id:17b,Amplifier:29b,Duration:100,ShowParticles:0b},{Id:24b,Amplifier:1b,Duration:100,ShowParticles:0b}],CustomPotionColor:15775514}"
            }
          ]
        },
        {
          "type": "minecraft:item",
          "name": "minecraft:tall_grass",
          "weight": 2,
          "quality": 1,
          "functions": [
            {
              "function": "minecraft:limit_count",
              "limit": {
                "min": 4,
                "max": 8
              }
            }
          ]
        },
        {
          "type": "minecraft:item",
          "name": "minecraft:small_dripleaf",
          "weight": 2,
          "quality": 1,
          "functions": [
            {
              "function": "minecraft:limit_count",
              "limit": {
                "min": 4,
                "max": 8
              }
            }
          ]
        },
        {
          "type": "minecraft:item",
          "name": "minecraft:vine",
          "weight": 3,
          "functions": [
            {
              "function": "minecraft:set_count",
              "count": {
                "min": 4,
                "max": 8
              }
            }
          ]
        }
      ]
    }
  ]
}
