{
  "pools": [
    {
      "rolls": 1,
      "entries": [
        {
          "type": "minecraft:item",
          "name": "minecraft:leather_chestplate",
          "functions": [
            {
              "function": "minecraft:set_enchantments",
              "enchantments": {
                "minecraft:protection": {
                  "min": 1,
                  "max": 6
                },
                "minecraft:projectile_protection": {
                  "min": 1,
                  "max": 3
                },
                "minecraft:fire_protection": {
                  "min": 0,
                  "max": 5
                },
                "minecraft:blast_protection": {
                  "min": 0,
                  "max": 5
                },
                "minecraft:respiration": {
                  "min": 0,
                  "max": 5
                },
                "minecraft:aqua_affinity": {
                  "min": 0,
                  "max": 1
                }
              }
            },
            {
              "function": "minecraft:set_attributes",
              "modifiers": [
                {
                  "attribute": "minecraft:generic.knockback_resistance",
                  "name": "minecraft:generic.knockback_resistance",
                  "amount": 0.05,
                  "operation": "addition",
                  "slot": "chest"
                },
                {
                  "attribute": "minecraft:generic.armor_toughness",
                  "name": "minecraft:generic.armor_toughness",
                  "amount": 3,
                  "operation": "addition",
                  "slot": "chest"
                },
                {
                  "attribute": "minecraft:generic.armor",
                  "name": "minecraft:generic.armor",
                  "amount": 7.5,
                  "operation": "addition",
                  "slot": "chest"
                },
                {
                  "attribute": "minecraft:generic.max_health",
                  "name": "minecraft:generic.max_health",
                  "amount": 5,
                  "operation": "addition",
                  "slot": "chest"
                }
              ]
            },
            {
              "function": "set_nbt",
              "tag": "{display:{Name:'{\"text\":\"Swamp Chestplate\",\"color\":\"gold\",\"italic\":false}',Lore:['{\"text\":\" \"}','{\"text\":\"Ability:\",\"color\":\"green\",\"italic\":false}','{\"text\":\"Has a 25% chance to lose garbage  \",\"color\":\"gray\",\"italic\":false}','{\"text\":\"upon being hit causing random debuffs \",\"color\":\"gray\",\"italic\":false}','{\"text\":\"to all enemies. Also granting the user\",\"color\":\"gray\",\"italic\":false}','{\"text\":\"immunity to most negative effects. \",\"color\":\"gray\",\"italic\":false}'],color:2055734},HideFlags:64,RepairCost:99999,Unbreakable:1b,armor:swamp_chestplate}"
            }
		  ]
		},
        {
          "type": "minecraft:item",
          "name": "minecraft:leather_chestplate",
          "functions": [
            {
              "function": "minecraft:set_enchantments",
              "enchantments": {
                "minecraft:protection": {
                  "min": 1,
                  "max": 6
                },
                "minecraft:projectile_protection": {
                  "min": 1,
                  "max": 3
                },
                "minecraft:fire_protection": {
                  "min": 0,
                  "max": 5
                },
                "minecraft:blast_protection": {
                  "min": 0,
                  "max": 5
                },
                "minecraft:respiration": {
                  "min": 0,
                  "max": 5
                },
                "minecraft:aqua_affinity": {
                  "min": 0,
                  "max": 1
                }
              }
            },
            {
              "function": "minecraft:set_attributes",
              "modifiers": [
                {
                  "attribute": "minecraft:generic.knockback_resistance",
                  "name": "minecraft:generic.knockback_resistance",
                  "amount": 0.05,
                  "operation": "addition",
                  "slot": "chest"
                },
                {
                  "attribute": "minecraft:generic.armor_toughness",
                  "name": "minecraft:generic.armor_toughness",
                  "amount": 3.5,
                  "operation": "addition",
                  "slot": "chest"
                },
                {
                  "attribute": "minecraft:generic.armor",
                  "name": "minecraft:generic.armor",
                  "amount": 8,
                  "operation": "addition",
                  "slot": "chest"
                },
                {
                  "attribute": "minecraft:generic.max_health",
                  "name": "minecraft:generic.max_health",
                  "amount": 5,
                  "operation": "addition",
                  "slot": "chest"
                }
              ]
            },
            {
              "function": "set_nbt",
              "tag": "{display:{Name:'{\"text\":\"Swamp Chestplate\",\"color\":\"gold\",\"italic\":false}',Lore:['{\"text\":\" \"}','{\"text\":\"Ability:\",\"color\":\"green\",\"italic\":false}','{\"text\":\"Has a 25% chance to lose garbage  \",\"color\":\"gray\",\"italic\":false}','{\"text\":\"upon being hit causing random debuffs \",\"color\":\"gray\",\"italic\":false}','{\"text\":\"to all enemies. Also granting the user\",\"color\":\"gray\",\"italic\":false}','{\"text\":\"immunity to most negative effects. \",\"color\":\"gray\",\"italic\":false}'],color:2055734},HideFlags:64,RepairCost:99999,Unbreakable:1b,armor:swamp_chestplate}"
            }
		  ]
		},
        {
          "type": "minecraft:item",
          "name": "minecraft:leather_chestplate",
          "functions": [
            {
              "function": "minecraft:set_enchantments",
              "enchantments": {
                "minecraft:protection": {
                  "min": 1,
                  "max": 6
                },
                "minecraft:projectile_protection": {
                  "min": 1,
                  "max": 3
                },
                "minecraft:fire_protection": {
                  "min": 0,
                  "max": 5
                },
                "minecraft:blast_protection": {
                  "min": 0,
                  "max": 5
                },
                "minecraft:respiration": {
                  "min": 0,
                  "max": 5
                },
                "minecraft:aqua_affinity": {
                  "min": 0,
                  "max": 1
                }
              }
            },
            {
              "function": "minecraft:set_attributes",
              "modifiers": [
                {
                  "attribute": "minecraft:generic.knockback_resistance",
                  "name": "minecraft:generic.knockback_resistance",
                  "amount": 0.05,
                  "operation": "addition",
                  "slot": "chest"
                },
                {
                  "attribute": "minecraft:generic.armor_toughness",
                  "name": "minecraft:generic.armor_toughness",
                  "amount": 4,
                  "operation": "addition",
                  "slot": "chest"
                },
                {
                  "attribute": "minecraft:generic.armor",
                  "name": "minecraft:generic.armor",
                  "amount": 8.5,
                  "operation": "addition",
                  "slot": "chest"
                },
                {
                  "attribute": "minecraft:generic.max_health",
                  "name": "minecraft:generic.max_health",
                  "amount": 5,
                  "operation": "addition",
                  "slot": "chest"
                }
              ]
            },
            {
              "function": "set_nbt",
              "tag": "{display:{Name:'{\"text\":\"Swamp Chestplate\",\"color\":\"gold\",\"italic\":false}',Lore:['{\"text\":\" \"}','{\"text\":\"Ability:\",\"color\":\"green\",\"italic\":false}','{\"text\":\"Has a 25% chance to lose garbage  \",\"color\":\"gray\",\"italic\":false}','{\"text\":\"upon being hit causing random debuffs \",\"color\":\"gray\",\"italic\":false}','{\"text\":\"to all enemies. Also granting the user\",\"color\":\"gray\",\"italic\":false}','{\"text\":\"immunity to most negative effects. \",\"color\":\"gray\",\"italic\":false}'],color:2055734},HideFlags:64,RepairCost:99999,Unbreakable:1b,armor:swamp_chestplate}"
            }
		  ]
		},
        {
          "type": "minecraft:item",
          "name": "minecraft:leather_chestplate",
          "functions": [
            {
              "function": "minecraft:set_enchantments",
              "enchantments": {
                "minecraft:protection": {
                  "min": 1,
                  "max": 6
                },
                "minecraft:projectile_protection": {
                  "min": 1,
                  "max": 3
                },
                "minecraft:fire_protection": {
                  "min": 0,
                  "max": 5
                },
                "minecraft:blast_protection": {
                  "min": 0,
                  "max": 5
                },
                "minecraft:respiration": {
                  "min": 0,
                  "max": 5
                },
                "minecraft:aqua_affinity": {
                  "min": 0,
                  "max": 1
                }
              }
            },
            {
              "function": "minecraft:set_attributes",
              "modifiers": [
                {
                  "attribute": "minecraft:generic.knockback_resistance",
                  "name": "minecraft:generic.knockback_resistance",
                  "amount": 0.05,
                  "operation": "addition",
                  "slot": "chest"
                },
                {
                  "attribute": "minecraft:generic.armor_toughness",
                  "name": "minecraft:generic.armor_toughness",
                  "amount": 4.5,
                  "operation": "addition",
                  "slot": "chest"
                },
                {
                  "attribute": "minecraft:generic.armor",
                  "name": "minecraft:generic.armor",
                  "amount": 9,
                  "operation": "addition",
                  "slot": "chest"
                },
                {
                  "attribute": "minecraft:generic.max_health",
                  "name": "minecraft:generic.max_health",
                  "amount": 5,
                  "operation": "addition",
                  "slot": "chest"
                }
              ]
            },
            {
              "function": "set_nbt",
              "tag": "{display:{Name:'{\"text\":\"Swamp Chestplate\",\"color\":\"gold\",\"italic\":false}',Lore:['{\"text\":\" \"}','{\"text\":\"Ability:\",\"color\":\"green\",\"italic\":false}','{\"text\":\"Has a 25% chance to lose garbage  \",\"color\":\"gray\",\"italic\":false}','{\"text\":\"upon being hit causing random debuffs \",\"color\":\"gray\",\"italic\":false}','{\"text\":\"to all enemies. Also granting the user\",\"color\":\"gray\",\"italic\":false}','{\"text\":\"immunity to most negative effects. \",\"color\":\"gray\",\"italic\":false}'],color:2055734},HideFlags:64,RepairCost:99999,Unbreakable:1b,armor:swamp_chestplate}"
            }
		  ]
		},
        {
          "type": "minecraft:item",
          "name": "minecraft:leather_chestplate",
          "functions": [
            {
              "function": "minecraft:set_enchantments",
              "enchantments": {
                "minecraft:protection": {
                  "min": 1,
                  "max": 6
                },
                "minecraft:projectile_protection": {
                  "min": 1,
                  "max": 3
                },
                "minecraft:fire_protection": {
                  "min": 0,
                  "max": 5
                },
                "minecraft:blast_protection": {
                  "min": 0,
                  "max": 5
                },
                "minecraft:respiration": {
                  "min": 0,
                  "max": 5
                },
                "minecraft:aqua_affinity": {
                  "min": 0,
                  "max": 1
                }
              }
            },
            {
              "function": "minecraft:set_attributes",
              "modifiers": [
                {
                  "attribute": "minecraft:generic.knockback_resistance",
                  "name": "minecraft:generic.knockback_resistance",
                  "amount": 0.05,
                  "operation": "addition",
                  "slot": "chest"
                },
                {
                  "attribute": "minecraft:generic.armor_toughness",
                  "name": "minecraft:generic.armor_toughness",
                  "amount": 5,
                  "operation": "addition",
                  "slot": "chest"
                },
                {
                  "attribute": "minecraft:generic.armor",
                  "name": "minecraft:generic.armor",
                  "amount": 9.5,
                  "operation": "addition",
                  "slot": "chest"
                },
                {
                  "attribute": "minecraft:generic.max_health",
                  "name": "minecraft:generic.max_health",
                  "amount": 5,
                  "operation": "addition",
                  "slot": "chest"
                }
              ]
            },
            {
              "function": "set_nbt",
              "tag": "{display:{Name:'{\"text\":\"Swamp Chestplate\",\"color\":\"gold\",\"italic\":false}',Lore:['{\"text\":\" \"}','{\"text\":\"Ability:\",\"color\":\"green\",\"italic\":false}','{\"text\":\"Has a 25% chance to lose garbage  \",\"color\":\"gray\",\"italic\":false}','{\"text\":\"upon being hit causing random debuffs \",\"color\":\"gray\",\"italic\":false}','{\"text\":\"to all enemies. Also granting the user\",\"color\":\"gray\",\"italic\":false}','{\"text\":\"immunity to most negative effects. \",\"color\":\"gray\",\"italic\":false}'],color:2055734},HideFlags:64,RepairCost:99999,Unbreakable:1b,armor:swamp_chestplate}"
            }
		  ]
		},
        {
          "type": "minecraft:item",
          "name": "minecraft:leather_chestplate",
          "functions": [
            {
              "function": "minecraft:set_enchantments",
              "enchantments": {
                "minecraft:protection": {
                  "min": 1,
                  "max": 6
                },
                "minecraft:projectile_protection": {
                  "min": 1,
                  "max": 3
                },
                "minecraft:fire_protection": {
                  "min": 0,
                  "max": 5
                },
                "minecraft:blast_protection": {
                  "min": 0,
                  "max": 5
                },
                "minecraft:respiration": {
                  "min": 0,
                  "max": 5
                },
                "minecraft:aqua_affinity": {
                  "min": 0,
                  "max": 1
                }
              }
            },
            {
              "function": "minecraft:set_attributes",
              "modifiers": [
                {
                  "attribute": "minecraft:generic.knockback_resistance",
                  "name": "minecraft:generic.knockback_resistance",
                  "amount": 0.05,
                  "operation": "addition",
                  "slot": "chest"
                },
                {
                  "attribute": "minecraft:generic.armor_toughness",
                  "name": "minecraft:generic.armor_toughness",
                  "amount": 5.5,
                  "operation": "addition",
                  "slot": "chest"
                },
                {
                  "attribute": "minecraft:generic.armor",
                  "name": "minecraft:generic.armor",
                  "amount": 10,
                  "operation": "addition",
                  "slot": "chest"
                },
                {
                  "attribute": "minecraft:generic.max_health",
                  "name": "minecraft:generic.max_health",
                  "amount": 5,
                  "operation": "addition",
                  "slot": "chest"
                }
              ]
            },
            {
              "function": "set_nbt",
              "tag": "{display:{Name:'{\"text\":\"Swamp Chestplate\",\"color\":\"gold\",\"italic\":false}',Lore:['{\"text\":\" \"}','{\"text\":\"Ability:\",\"color\":\"green\",\"italic\":false}','{\"text\":\"Has a 25% chance to lose garbage  \",\"color\":\"gray\",\"italic\":false}','{\"text\":\"upon being hit causing random debuffs \",\"color\":\"gray\",\"italic\":false}','{\"text\":\"to all enemies. Also granting the user\",\"color\":\"gray\",\"italic\":false}','{\"text\":\"immunity to most negative effects. \",\"color\":\"gray\",\"italic\":false}'],color:2055734},HideFlags:64,RepairCost:99999,Unbreakable:1b,armor:swamp_chestplate}"
            }
		  ]
		},
        {
          "type": "minecraft:item",
          "name": "minecraft:leather_chestplate",
          "functions": [
            {
              "function": "minecraft:set_enchantments",
              "enchantments": {
                "minecraft:protection": {
                  "min": 1,
                  "max": 6
                },
                "minecraft:projectile_protection": {
                  "min": 1,
                  "max": 3
                },
                "minecraft:fire_protection": {
                  "min": 0,
                  "max": 5
                },
                "minecraft:blast_protection": {
                  "min": 0,
                  "max": 5
                },
                "minecraft:respiration": {
                  "min": 0,
                  "max": 5
                },
                "minecraft:aqua_affinity": {
                  "min": 0,
                  "max": 1
                }
              }
            },
            {
              "function": "minecraft:set_attributes",
              "modifiers": [
                {
                  "attribute": "minecraft:generic.knockback_resistance",
                  "name": "minecraft:generic.knockback_resistance",
                  "amount": 0.05,
                  "operation": "addition",
                  "slot": "chest"
                },
                {
                  "attribute": "minecraft:generic.armor_toughness",
                  "name": "minecraft:generic.armor_toughness",
                  "amount": 3.5,
                  "operation": "addition",
                  "slot": "chest"
                },
                {
                  "attribute": "minecraft:generic.armor",
                  "name": "minecraft:generic.armor",
                  "amount": 7.5,
                  "operation": "addition",
                  "slot": "chest"
                },
                {
                  "attribute": "minecraft:generic.max_health",
                  "name": "minecraft:generic.max_health",
                  "amount": 5,
                  "operation": "addition",
                  "slot": "chest"
                }
              ]
            },
            {
              "function": "set_nbt",
              "tag": "{display:{Name:'{\"text\":\"Swamp Chestplate\",\"color\":\"gold\",\"italic\":false}',Lore:['{\"text\":\" \"}','{\"text\":\"Ability:\",\"color\":\"green\",\"italic\":false}','{\"text\":\"Has a 25% chance to lose garbage  \",\"color\":\"gray\",\"italic\":false}','{\"text\":\"upon being hit causing random debuffs \",\"color\":\"gray\",\"italic\":false}','{\"text\":\"to all enemies. Also granting the user\",\"color\":\"gray\",\"italic\":false}','{\"text\":\"immunity to most negative effects. \",\"color\":\"gray\",\"italic\":false}'],color:2055734},HideFlags:64,RepairCost:99999,Unbreakable:1b,armor:swamp_chestplate}"
            }
		  ]
		},
        {
          "type": "minecraft:item",
          "name": "minecraft:leather_chestplate",
          "functions": [
            {
              "function": "minecraft:set_enchantments",
              "enchantments": {
                "minecraft:protection": {
                  "min": 1,
                  "max": 6
                },
                "minecraft:projectile_protection": {
                  "min": 1,
                  "max": 3
                },
                "minecraft:fire_protection": {
                  "min": 0,
                  "max": 5
                },
                "minecraft:blast_protection": {
                  "min": 0,
                  "max": 5
                },
                "minecraft:respiration": {
                  "min": 0,
                  "max": 5
                },
                "minecraft:aqua_affinity": {
                  "min": 0,
                  "max": 1
                }
              }
            },
            {
              "function": "minecraft:set_attributes",
              "modifiers": [
                {
                  "attribute": "minecraft:generic.knockback_resistance",
                  "name": "minecraft:generic.knockback_resistance",
                  "amount": 0.05,
                  "operation": "addition",
                  "slot": "chest"
                },
                {
                  "attribute": "minecraft:generic.armor_toughness",
                  "name": "minecraft:generic.armor_toughness",
                  "amount": 4,
                  "operation": "addition",
                  "slot": "chest"
                },
                {
                  "attribute": "minecraft:generic.armor",
                  "name": "minecraft:generic.armor",
                  "amount": 7.5,
                  "operation": "addition",
                  "slot": "chest"
                },
                {
                  "attribute": "minecraft:generic.max_health",
                  "name": "minecraft:generic.max_health",
                  "amount": 5,
                  "operation": "addition",
                  "slot": "chest"
                }
              ]
            },
            {
              "function": "set_nbt",
              "tag": "{display:{Name:'{\"text\":\"Swamp Chestplate\",\"color\":\"gold\",\"italic\":false}',Lore:['{\"text\":\" \"}','{\"text\":\"Ability:\",\"color\":\"green\",\"italic\":false}','{\"text\":\"Has a 25% chance to lose garbage  \",\"color\":\"gray\",\"italic\":false}','{\"text\":\"upon being hit causing random debuffs \",\"color\":\"gray\",\"italic\":false}','{\"text\":\"to all enemies. Also granting the user\",\"color\":\"gray\",\"italic\":false}','{\"text\":\"immunity to most negative effects. \",\"color\":\"gray\",\"italic\":false}'],color:2055734},HideFlags:64,RepairCost:99999,Unbreakable:1b,armor:swamp_chestplate}"
            }
		  ]
		},
        {
          "type": "minecraft:item",
          "name": "minecraft:leather_chestplate",
          "functions": [
            {
              "function": "minecraft:set_enchantments",
              "enchantments": {
                "minecraft:protection": {
                  "min": 1,
                  "max": 6
                },
                "minecraft:projectile_protection": {
                  "min": 1,
                  "max": 3
                },
                "minecraft:fire_protection": {
                  "min": 0,
                  "max": 5
                },
                "minecraft:blast_protection": {
                  "min": 0,
                  "max": 5
                },
                "minecraft:respiration": {
                  "min": 0,
                  "max": 5
                },
                "minecraft:aqua_affinity": {
                  "min": 0,
                  "max": 1
                }
              }
            },
            {
              "function": "minecraft:set_attributes",
              "modifiers": [
                {
                  "attribute": "minecraft:generic.knockback_resistance",
                  "name": "minecraft:generic.knockback_resistance",
                  "amount": 0.05,
                  "operation": "addition",
                  "slot": "chest"
                },
                {
                  "attribute": "minecraft:generic.armor_toughness",
                  "name": "minecraft:generic.armor_toughness",
                  "amount": 4.5,
                  "operation": "addition",
                  "slot": "chest"
                },
                {
                  "attribute": "minecraft:generic.armor",
                  "name": "minecraft:generic.armor",
                  "amount": 7.5,
                  "operation": "addition",
                  "slot": "chest"
                },
                {
                  "attribute": "minecraft:generic.max_health",
                  "name": "minecraft:generic.max_health",
                  "amount": 5,
                  "operation": "addition",
                  "slot": "chest"
                }
              ]
            },
            {
              "function": "set_nbt",
              "tag": "{display:{Name:'{\"text\":\"Swamp Chestplate\",\"color\":\"gold\",\"italic\":false}',Lore:['{\"text\":\" \"}','{\"text\":\"Ability:\",\"color\":\"green\",\"italic\":false}','{\"text\":\"Has a 25% chance to lose garbage  \",\"color\":\"gray\",\"italic\":false}','{\"text\":\"upon being hit causing random debuffs \",\"color\":\"gray\",\"italic\":false}','{\"text\":\"to all enemies. Also granting the user\",\"color\":\"gray\",\"italic\":false}','{\"text\":\"immunity to most negative effects. \",\"color\":\"gray\",\"italic\":false}'],color:2055734},HideFlags:64,RepairCost:99999,Unbreakable:1b,armor:swamp_chestplate}"
            }
		  ]
		},
        {
          "type": "minecraft:item",
          "name": "minecraft:leather_chestplate",
          "functions": [
            {
              "function": "minecraft:set_enchantments",
              "enchantments": {
                "minecraft:protection": {
                  "min": 1,
                  "max": 6
                },
                "minecraft:projectile_protection": {
                  "min": 1,
                  "max": 3
                },
                "minecraft:fire_protection": {
                  "min": 0,
                  "max": 5
                },
                "minecraft:blast_protection": {
                  "min": 0,
                  "max": 5
                },
                "minecraft:respiration": {
                  "min": 0,
                  "max": 5
                },
                "minecraft:aqua_affinity": {
                  "min": 0,
                  "max": 1
                }
              }
            },
            {
              "function": "minecraft:set_attributes",
              "modifiers": [
                {
                  "attribute": "minecraft:generic.knockback_resistance",
                  "name": "minecraft:generic.knockback_resistance",
                  "amount": 0.05,
                  "operation": "addition",
                  "slot": "chest"
                },
                {
                  "attribute": "minecraft:generic.armor_toughness",
                  "name": "minecraft:generic.armor_toughness",
                  "amount": 5,
                  "operation": "addition",
                  "slot": "chest"
                },
                {
                  "attribute": "minecraft:generic.armor",
                  "name": "minecraft:generic.armor",
                  "amount": 7.5,
                  "operation": "addition",
                  "slot": "chest"
                },
                {
                  "attribute": "minecraft:generic.max_health",
                  "name": "minecraft:generic.max_health",
                  "amount": 5,
                  "operation": "addition",
                  "slot": "chest"
                }
              ]
            },
            {
              "function": "set_nbt",
              "tag": "{display:{Name:'{\"text\":\"Swamp Chestplate\",\"color\":\"gold\",\"italic\":false}',Lore:['{\"text\":\" \"}','{\"text\":\"Ability:\",\"color\":\"green\",\"italic\":false}','{\"text\":\"Has a 25% chance to lose garbage  \",\"color\":\"gray\",\"italic\":false}','{\"text\":\"upon being hit causing random debuffs \",\"color\":\"gray\",\"italic\":false}','{\"text\":\"to all enemies. Also granting the user\",\"color\":\"gray\",\"italic\":false}','{\"text\":\"immunity to most negative effects. \",\"color\":\"gray\",\"italic\":false}'],color:2055734},HideFlags:64,RepairCost:99999,Unbreakable:1b,armor:swamp_chestplate}"
            }
		  ]
		},
        {
          "type": "minecraft:item",
          "name": "minecraft:leather_chestplate",
          "functions": [
            {
              "function": "minecraft:set_enchantments",
              "enchantments": {
                "minecraft:protection": {
                  "min": 1,
                  "max": 6
                },
                "minecraft:projectile_protection": {
                  "min": 1,
                  "max": 3
                },
                "minecraft:fire_protection": {
                  "min": 0,
                  "max": 5
                },
                "minecraft:blast_protection": {
                  "min": 0,
                  "max": 5
                },
                "minecraft:respiration": {
                  "min": 0,
                  "max": 5
                },
                "minecraft:aqua_affinity": {
                  "min": 0,
                  "max": 1
                }
              }
            },
            {
              "function": "minecraft:set_attributes",
              "modifiers": [
                {
                  "attribute": "minecraft:generic.knockback_resistance",
                  "name": "minecraft:generic.knockback_resistance",
                  "amount": 0.05,
                  "operation": "addition",
                  "slot": "chest"
                },
                {
                  "attribute": "minecraft:generic.armor_toughness",
                  "name": "minecraft:generic.armor_toughness",
                  "amount": 5.5,
                  "operation": "addition",
                  "slot": "chest"
                },
                {
                  "attribute": "minecraft:generic.armor",
                  "name": "minecraft:generic.armor",
                  "amount": 7.5,
                  "operation": "addition",
                  "slot": "chest"
                },
                {
                  "attribute": "minecraft:generic.max_health",
                  "name": "minecraft:generic.max_health",
                  "amount": 5,
                  "operation": "addition",
                  "slot": "chest"
                }
              ]
            },
            {
              "function": "set_nbt",
              "tag": "{display:{Name:'{\"text\":\"Swamp Chestplate\",\"color\":\"gold\",\"italic\":false}',Lore:['{\"text\":\" \"}','{\"text\":\"Ability:\",\"color\":\"green\",\"italic\":false}','{\"text\":\"Has a 25% chance to lose garbage  \",\"color\":\"gray\",\"italic\":false}','{\"text\":\"upon being hit causing random debuffs \",\"color\":\"gray\",\"italic\":false}','{\"text\":\"to all enemies. Also granting the user\",\"color\":\"gray\",\"italic\":false}','{\"text\":\"immunity to most negative effects. \",\"color\":\"gray\",\"italic\":false}'],color:2055734},HideFlags:64,RepairCost:99999,Unbreakable:1b,armor:swamp_chestplate}"
            }
		  ]
		},
        {
          "type": "minecraft:item",
          "name": "minecraft:leather_chestplate",
          "functions": [
            {
              "function": "minecraft:set_enchantments",
              "enchantments": {
                "minecraft:protection": {
                  "min": 1,
                  "max": 6
                },
                "minecraft:projectile_protection": {
                  "min": 1,
                  "max": 3
                },
                "minecraft:fire_protection": {
                  "min": 0,
                  "max": 5
                },
                "minecraft:blast_protection": {
                  "min": 0,
                  "max": 5
                },
                "minecraft:respiration": {
                  "min": 0,
                  "max": 5
                },
                "minecraft:aqua_affinity": {
                  "min": 0,
                  "max": 1
                }
              }
            },
            {
              "function": "minecraft:set_attributes",
              "modifiers": [
                {
                  "attribute": "minecraft:generic.knockback_resistance",
                  "name": "minecraft:generic.knockback_resistance",
                  "amount": 0.05,
                  "operation": "addition",
                  "slot": "chest"
                },
                {
                  "attribute": "minecraft:generic.armor_toughness",
                  "name": "minecraft:generic.armor_toughness",
                  "amount": 3,
                  "operation": "addition",
                  "slot": "chest"
                },
                {
                  "attribute": "minecraft:generic.armor",
                  "name": "minecraft:generic.armor",
                  "amount": 8,
                  "operation": "addition",
                  "slot": "chest"
                },
                {
                  "attribute": "minecraft:generic.max_health",
                  "name": "minecraft:generic.max_health",
                  "amount": 5,
                  "operation": "addition",
                  "slot": "chest"
                }
              ]
            },
            {
              "function": "set_nbt",
              "tag": "{display:{Name:'{\"text\":\"Swamp Chestplate\",\"color\":\"gold\",\"italic\":false}',Lore:['{\"text\":\" \"}','{\"text\":\"Ability:\",\"color\":\"green\",\"italic\":false}','{\"text\":\"Has a 25% chance to lose garbage  \",\"color\":\"gray\",\"italic\":false}','{\"text\":\"upon being hit causing random debuffs \",\"color\":\"gray\",\"italic\":false}','{\"text\":\"to all enemies. Also granting the user\",\"color\":\"gray\",\"italic\":false}','{\"text\":\"immunity to most negative effects. \",\"color\":\"gray\",\"italic\":false}'],color:2055734},HideFlags:64,RepairCost:99999,Unbreakable:1b,armor:swamp_chestplate}"
            }
		  ]
		},
        {
          "type": "minecraft:item",
          "name": "minecraft:leather_chestplate",
          "functions": [
            {
              "function": "minecraft:set_enchantments",
              "enchantments": {
                "minecraft:protection": {
                  "min": 1,
                  "max": 6
                },
                "minecraft:projectile_protection": {
                  "min": 1,
                  "max": 3
                },
                "minecraft:fire_protection": {
                  "min": 0,
                  "max": 5
                },
                "minecraft:blast_protection": {
                  "min": 0,
                  "max": 5
                },
                "minecraft:respiration": {
                  "min": 0,
                  "max": 5
                },
                "minecraft:aqua_affinity": {
                  "min": 0,
                  "max": 1
                }
              }
            },
            {
              "function": "minecraft:set_attributes",
              "modifiers": [
                {
                  "attribute": "minecraft:generic.knockback_resistance",
                  "name": "minecraft:generic.knockback_resistance",
                  "amount": 0.05,
                  "operation": "addition",
                  "slot": "chest"
                },
                {
                  "attribute": "minecraft:generic.armor_toughness",
                  "name": "minecraft:generic.armor_toughness",
                  "amount": 3,
                  "operation": "addition",
                  "slot": "chest"
                },
                {
                  "attribute": "minecraft:generic.armor",
                  "name": "minecraft:generic.armor",
                  "amount": 8.5,
                  "operation": "addition",
                  "slot": "chest"
                },
                {
                  "attribute": "minecraft:generic.max_health",
                  "name": "minecraft:generic.max_health",
                  "amount": 5,
                  "operation": "addition",
                  "slot": "chest"
                }
              ]
            },
            {
              "function": "set_nbt",
              "tag": "{display:{Name:'{\"text\":\"Swamp Chestplate\",\"color\":\"gold\",\"italic\":false}',Lore:['{\"text\":\" \"}','{\"text\":\"Ability:\",\"color\":\"green\",\"italic\":false}','{\"text\":\"Has a 25% chance to lose garbage  \",\"color\":\"gray\",\"italic\":false}','{\"text\":\"upon being hit causing random debuffs \",\"color\":\"gray\",\"italic\":false}','{\"text\":\"to all enemies. Also granting the user\",\"color\":\"gray\",\"italic\":false}','{\"text\":\"immunity to most negative effects. \",\"color\":\"gray\",\"italic\":false}'],color:2055734},HideFlags:64,RepairCost:99999,Unbreakable:1b,armor:swamp_chestplate}"
            }
		  ]
		},
        {
          "type": "minecraft:item",
          "name": "minecraft:leather_chestplate",
          "functions": [
            {
              "function": "minecraft:set_enchantments",
              "enchantments": {
                "minecraft:protection": {
                  "min": 1,
                  "max": 6
                },
                "minecraft:projectile_protection": {
                  "min": 1,
                  "max": 3
                },
                "minecraft:fire_protection": {
                  "min": 0,
                  "max": 5
                },
                "minecraft:blast_protection": {
                  "min": 0,
                  "max": 5
                },
                "minecraft:respiration": {
                  "min": 0,
                  "max": 5
                },
                "minecraft:aqua_affinity": {
                  "min": 0,
                  "max": 1
                }
              }
            },
            {
              "function": "minecraft:set_attributes",
              "modifiers": [
                {
                  "attribute": "minecraft:generic.knockback_resistance",
                  "name": "minecraft:generic.knockback_resistance",
                  "amount": 0.05,
                  "operation": "addition",
                  "slot": "chest"
                },
                {
                  "attribute": "minecraft:generic.armor_toughness",
                  "name": "minecraft:generic.armor_toughness",
                  "amount": 3,
                  "operation": "addition",
                  "slot": "chest"
                },
                {
                  "attribute": "minecraft:generic.armor",
                  "name": "minecraft:generic.armor",
                  "amount": 9,
                  "operation": "addition",
                  "slot": "chest"
                },
                {
                  "attribute": "minecraft:generic.max_health",
                  "name": "minecraft:generic.max_health",
                  "amount": 5,
                  "operation": "addition",
                  "slot": "chest"
                }
              ]
            },
            {
              "function": "set_nbt",
              "tag": "{display:{Name:'{\"text\":\"Swamp Chestplate\",\"color\":\"gold\",\"italic\":false}',Lore:['{\"text\":\" \"}','{\"text\":\"Ability:\",\"color\":\"green\",\"italic\":false}','{\"text\":\"Has a 25% chance to lose garbage  \",\"color\":\"gray\",\"italic\":false}','{\"text\":\"upon being hit causing random debuffs \",\"color\":\"gray\",\"italic\":false}','{\"text\":\"to all enemies. Also granting the user\",\"color\":\"gray\",\"italic\":false}','{\"text\":\"immunity to most negative effects. \",\"color\":\"gray\",\"italic\":false}'],color:2055734},HideFlags:64,RepairCost:99999,Unbreakable:1b,armor:swamp_chestplate}"
            }
		  ]
		},
        {
          "type": "minecraft:item",
          "name": "minecraft:leather_chestplate",
          "functions": [
            {
              "function": "minecraft:set_enchantments",
              "enchantments": {
                "minecraft:protection": {
                  "min": 1,
                  "max": 6
                },
                "minecraft:projectile_protection": {
                  "min": 1,
                  "max": 3
                },
                "minecraft:fire_protection": {
                  "min": 0,
                  "max": 5
                },
                "minecraft:blast_protection": {
                  "min": 0,
                  "max": 5
                },
                "minecraft:respiration": {
                  "min": 0,
                  "max": 5
                },
                "minecraft:aqua_affinity": {
                  "min": 0,
                  "max": 1
                }
              }
            },
            {
              "function": "minecraft:set_attributes",
              "modifiers": [
                {
                  "attribute": "minecraft:generic.knockback_resistance",
                  "name": "minecraft:generic.knockback_resistance",
                  "amount": 0.05,
                  "operation": "addition",
                  "slot": "chest"
                },
                {
                  "attribute": "minecraft:generic.armor_toughness",
                  "name": "minecraft:generic.armor_toughness",
                  "amount": 3,
                  "operation": "addition",
                  "slot": "chest"
                },
                {
                  "attribute": "minecraft:generic.armor",
                  "name": "minecraft:generic.armor",
                  "amount": 9.5,
                  "operation": "addition",
                  "slot": "chest"
                },
                {
                  "attribute": "minecraft:generic.max_health",
                  "name": "minecraft:generic.max_health",
                  "amount": 5,
                  "operation": "addition",
                  "slot": "chest"
                }
              ]
            },
            {
              "function": "set_nbt",
              "tag": "{display:{Name:'{\"text\":\"Swamp Chestplate\",\"color\":\"gold\",\"italic\":false}',Lore:['{\"text\":\" \"}','{\"text\":\"Ability:\",\"color\":\"green\",\"italic\":false}','{\"text\":\"Has a 25% chance to lose garbage  \",\"color\":\"gray\",\"italic\":false}','{\"text\":\"upon being hit causing random debuffs \",\"color\":\"gray\",\"italic\":false}','{\"text\":\"to all enemies. Also granting the user\",\"color\":\"gray\",\"italic\":false}','{\"text\":\"immunity to most negative effects. \",\"color\":\"gray\",\"italic\":false}'],color:2055734},HideFlags:64,RepairCost:99999,Unbreakable:1b,armor:swamp_chestplate}"
            }
		  ]
		},
        {
          "type": "minecraft:item",
          "name": "minecraft:leather_chestplate",
          "functions": [
            {
              "function": "minecraft:set_enchantments",
              "enchantments": {
                "minecraft:protection": {
                  "min": 1,
                  "max": 6
                },
                "minecraft:projectile_protection": {
                  "min": 1,
                  "max": 3
                },
                "minecraft:fire_protection": {
                  "min": 0,
                  "max": 5
                },
                "minecraft:blast_protection": {
                  "min": 0,
                  "max": 5
                },
                "minecraft:respiration": {
                  "min": 0,
                  "max": 5
                },
                "minecraft:aqua_affinity": {
                  "min": 0,
                  "max": 1
                }
              }
            },
            {
              "function": "minecraft:set_attributes",
              "modifiers": [
                {
                  "attribute": "minecraft:generic.knockback_resistance",
                  "name": "minecraft:generic.knockback_resistance",
                  "amount": 0.05,
                  "operation": "addition",
                  "slot": "chest"
                },
                {
                  "attribute": "minecraft:generic.armor_toughness",
                  "name": "minecraft:generic.armor_toughness",
                  "amount": 3,
                  "operation": "addition",
                  "slot": "chest"
                },
                {
                  "attribute": "minecraft:generic.armor",
                  "name": "minecraft:generic.armor",
                  "amount": 10,
                  "operation": "addition",
                  "slot": "chest"
                },
                {
                  "attribute": "minecraft:generic.max_health",
                  "name": "minecraft:generic.max_health",
                  "amount": 5,
                  "operation": "addition",
                  "slot": "chest"
                }
              ]
            },
            {
              "function": "set_nbt",
              "tag": "{display:{Name:'{\"text\":\"Swamp Chestplate\",\"color\":\"gold\",\"italic\":false}',Lore:['{\"text\":\" \"}','{\"text\":\"Ability:\",\"color\":\"green\",\"italic\":false}','{\"text\":\"Has a 25% chance to lose garbage  \",\"color\":\"gray\",\"italic\":false}','{\"text\":\"upon being hit causing random debuffs \",\"color\":\"gray\",\"italic\":false}','{\"text\":\"to all enemies. Also granting the user\",\"color\":\"gray\",\"italic\":false}','{\"text\":\"immunity to most negative effects. \",\"color\":\"gray\",\"italic\":false}'],color:2055734},HideFlags:64,RepairCost:99999,Unbreakable:1b,armor:swamp_chestplate}"
            }
		  ]
		},
        {
          "type": "minecraft:item",
          "name": "minecraft:leather_chestplate",
          "functions": [
            {
              "function": "minecraft:set_enchantments",
              "enchantments": {
                "minecraft:protection": {
                  "min": 1,
                  "max": 6
                },
                "minecraft:projectile_protection": {
                  "min": 1,
                  "max": 3
                },
                "minecraft:fire_protection": {
                  "min": 0,
                  "max": 5
                },
                "minecraft:blast_protection": {
                  "min": 0,
                  "max": 5
                },
                "minecraft:respiration": {
                  "min": 0,
                  "max": 5
                },
                "minecraft:aqua_affinity": {
                  "min": 0,
                  "max": 1
                }
              }
            },
            {
              "function": "minecraft:set_attributes",
              "modifiers": [
                {
                  "attribute": "minecraft:generic.knockback_resistance",
                  "name": "minecraft:generic.knockback_resistance",
                  "amount": 0.05,
                  "operation": "addition",
                  "slot": "chest"
                },
                {
                  "attribute": "minecraft:generic.armor_toughness",
                  "name": "minecraft:generic.armor_toughness",
                  "amount": 3.5,
                  "operation": "addition",
                  "slot": "chest"
                },
                {
                  "attribute": "minecraft:generic.armor",
                  "name": "minecraft:generic.armor",
                  "amount": 8.5,
                  "operation": "addition",
                  "slot": "chest"
                },
                {
                  "attribute": "minecraft:generic.max_health",
                  "name": "minecraft:generic.max_health",
                  "amount": 5,
                  "operation": "addition",
                  "slot": "chest"
                }
              ]
            },
            {
              "function": "set_nbt",
              "tag": "{display:{Name:'{\"text\":\"Swamp Chestplate\",\"color\":\"gold\",\"italic\":false}',Lore:['{\"text\":\" \"}','{\"text\":\"Ability:\",\"color\":\"green\",\"italic\":false}','{\"text\":\"Has a 25% chance to lose garbage  \",\"color\":\"gray\",\"italic\":false}','{\"text\":\"upon being hit causing random debuffs \",\"color\":\"gray\",\"italic\":false}','{\"text\":\"to all enemies. Also granting the user\",\"color\":\"gray\",\"italic\":false}','{\"text\":\"immunity to most negative effects. \",\"color\":\"gray\",\"italic\":false}'],color:2055734},HideFlags:64,RepairCost:99999,Unbreakable:1b,armor:swamp_chestplate}"
            }
		  ]
		},
        {
          "type": "minecraft:item",
          "name": "minecraft:leather_chestplate",
          "functions": [
            {
              "function": "minecraft:set_enchantments",
              "enchantments": {
                "minecraft:protection": {
                  "min": 1,
                  "max": 6
                },
                "minecraft:projectile_protection": {
                  "min": 1,
                  "max": 3
                },
                "minecraft:fire_protection": {
                  "min": 0,
                  "max": 5
                },
                "minecraft:blast_protection": {
                  "min": 0,
                  "max": 5
                },
                "minecraft:respiration": {
                  "min": 0,
                  "max": 5
                },
                "minecraft:aqua_affinity": {
                  "min": 0,
                  "max": 1
                }
              }
            },
            {
              "function": "minecraft:set_attributes",
              "modifiers": [
                {
                  "attribute": "minecraft:generic.knockback_resistance",
                  "name": "minecraft:generic.knockback_resistance",
                  "amount": 0.05,
                  "operation": "addition",
                  "slot": "chest"
                },
                {
                  "attribute": "minecraft:generic.armor_toughness",
                  "name": "minecraft:generic.armor_toughness",
                  "amount": 3.5,
                  "operation": "addition",
                  "slot": "chest"
                },
                {
                  "attribute": "minecraft:generic.armor",
                  "name": "minecraft:generic.armor",
                  "amount": 9,
                  "operation": "addition",
                  "slot": "chest"
                },
                {
                  "attribute": "minecraft:generic.max_health",
                  "name": "minecraft:generic.max_health",
                  "amount": 5,
                  "operation": "addition",
                  "slot": "chest"
                }
              ]
            },
            {
              "function": "set_nbt",
              "tag": "{display:{Name:'{\"text\":\"Swamp Chestplate\",\"color\":\"gold\",\"italic\":false}',Lore:['{\"text\":\" \"}','{\"text\":\"Ability:\",\"color\":\"green\",\"italic\":false}','{\"text\":\"Has a 25% chance to lose garbage  \",\"color\":\"gray\",\"italic\":false}','{\"text\":\"upon being hit causing random debuffs \",\"color\":\"gray\",\"italic\":false}','{\"text\":\"to all enemies. Also granting the user\",\"color\":\"gray\",\"italic\":false}','{\"text\":\"immunity to most negative effects. \",\"color\":\"gray\",\"italic\":false}'],color:2055734},HideFlags:64,RepairCost:99999,Unbreakable:1b,armor:swamp_chestplate}"
            }
		  ]
		},
        {
          "type": "minecraft:item",
          "name": "minecraft:leather_chestplate",
          "functions": [
            {
              "function": "minecraft:set_enchantments",
              "enchantments": {
                "minecraft:protection": {
                  "min": 1,
                  "max": 6
                },
                "minecraft:projectile_protection": {
                  "min": 1,
                  "max": 3
                },
                "minecraft:fire_protection": {
                  "min": 0,
                  "max": 5
                },
                "minecraft:blast_protection": {
                  "min": 0,
                  "max": 5
                },
                "minecraft:respiration": {
                  "min": 0,
                  "max": 5
                },
                "minecraft:aqua_affinity": {
                  "min": 0,
                  "max": 1
                }
              }
            },
            {
              "function": "minecraft:set_attributes",
              "modifiers": [
                {
                  "attribute": "minecraft:generic.knockback_resistance",
                  "name": "minecraft:generic.knockback_resistance",
                  "amount": 0.05,
                  "operation": "addition",
                  "slot": "chest"
                },
                {
                  "attribute": "minecraft:generic.armor_toughness",
                  "name": "minecraft:generic.armor_toughness",
                  "amount": 3.5,
                  "operation": "addition",
                  "slot": "chest"
                },
                {
                  "attribute": "minecraft:generic.armor",
                  "name": "minecraft:generic.armor",
                  "amount": 9.5,
                  "operation": "addition",
                  "slot": "chest"
                },
                {
                  "attribute": "minecraft:generic.max_health",
                  "name": "minecraft:generic.max_health",
                  "amount": 5,
                  "operation": "addition",
                  "slot": "chest"
                }
              ]
            },
            {
              "function": "set_nbt",
              "tag": "{display:{Name:'{\"text\":\"Swamp Chestplate\",\"color\":\"gold\",\"italic\":false}',Lore:['{\"text\":\" \"}','{\"text\":\"Ability:\",\"color\":\"green\",\"italic\":false}','{\"text\":\"Has a 25% chance to lose garbage  \",\"color\":\"gray\",\"italic\":false}','{\"text\":\"upon being hit causing random debuffs \",\"color\":\"gray\",\"italic\":false}','{\"text\":\"to all enemies. Also granting the user\",\"color\":\"gray\",\"italic\":false}','{\"text\":\"immunity to most negative effects. \",\"color\":\"gray\",\"italic\":false}'],color:2055734},HideFlags:64,RepairCost:99999,Unbreakable:1b,armor:swamp_chestplate}"
            }
		  ]
		},
        {
          "type": "minecraft:item",
          "name": "minecraft:leather_chestplate",
          "functions": [
            {
              "function": "minecraft:set_enchantments",
              "enchantments": {
                "minecraft:protection": {
                  "min": 1,
                  "max": 6
                },
                "minecraft:projectile_protection": {
                  "min": 1,
                  "max": 3
                },
                "minecraft:fire_protection": {
                  "min": 0,
                  "max": 5
                },
                "minecraft:blast_protection": {
                  "min": 0,
                  "max": 5
                },
                "minecraft:respiration": {
                  "min": 0,
                  "max": 5
                },
                "minecraft:aqua_affinity": {
                  "min": 0,
                  "max": 1
                }
              }
            },
            {
              "function": "minecraft:set_attributes",
              "modifiers": [
                {
                  "attribute": "minecraft:generic.knockback_resistance",
                  "name": "minecraft:generic.knockback_resistance",
                  "amount": 0.05,
                  "operation": "addition",
                  "slot": "chest"
                },
                {
                  "attribute": "minecraft:generic.armor_toughness",
                  "name": "minecraft:generic.armor_toughness",
                  "amount": 3.5,
                  "operation": "addition",
                  "slot": "chest"
                },
                {
                  "attribute": "minecraft:generic.armor",
                  "name": "minecraft:generic.armor",
                  "amount": 10,
                  "operation": "addition",
                  "slot": "chest"
                },
                {
                  "attribute": "minecraft:generic.max_health",
                  "name": "minecraft:generic.max_health",
                  "amount": 5,
                  "operation": "addition",
                  "slot": "chest"
                }
              ]
            },
            {
              "function": "set_nbt",
              "tag": "{display:{Name:'{\"text\":\"Swamp Chestplate\",\"color\":\"gold\",\"italic\":false}',Lore:['{\"text\":\" \"}','{\"text\":\"Ability:\",\"color\":\"green\",\"italic\":false}','{\"text\":\"Has a 25% chance to lose garbage  \",\"color\":\"gray\",\"italic\":false}','{\"text\":\"upon being hit causing random debuffs \",\"color\":\"gray\",\"italic\":false}','{\"text\":\"to all enemies. Also granting the user\",\"color\":\"gray\",\"italic\":false}','{\"text\":\"immunity to most negative effects. \",\"color\":\"gray\",\"italic\":false}'],color:2055734},HideFlags:64,RepairCost:99999,Unbreakable:1b,armor:swamp_chestplate}"
            }
		  ]
		},
        {
          "type": "minecraft:item",
          "name": "minecraft:leather_chestplate",
          "functions": [
            {
              "function": "minecraft:set_enchantments",
              "enchantments": {
                "minecraft:protection": {
                  "min": 1,
                  "max": 6
                },
                "minecraft:projectile_protection": {
                  "min": 1,
                  "max": 3
                },
                "minecraft:fire_protection": {
                  "min": 0,
                  "max": 5
                },
                "minecraft:blast_protection": {
                  "min": 0,
                  "max": 5
                },
                "minecraft:respiration": {
                  "min": 0,
                  "max": 5
                },
                "minecraft:aqua_affinity": {
                  "min": 0,
                  "max": 1
                }
              }
            },
            {
              "function": "minecraft:set_attributes",
              "modifiers": [
                {
                  "attribute": "minecraft:generic.knockback_resistance",
                  "name": "minecraft:generic.knockback_resistance",
                  "amount": 0.05,
                  "operation": "addition",
                  "slot": "chest"
                },
                {
                  "attribute": "minecraft:generic.armor_toughness",
                  "name": "minecraft:generic.armor_toughness",
                  "amount": 4,
                  "operation": "addition",
                  "slot": "chest"
                },
                {
                  "attribute": "minecraft:generic.armor",
                  "name": "minecraft:generic.armor",
                  "amount": 7.5,
                  "operation": "addition",
                  "slot": "chest"
                },
                {
                  "attribute": "minecraft:generic.max_health",
                  "name": "minecraft:generic.max_health",
                  "amount": 5,
                  "operation": "addition",
                  "slot": "chest"
                }
              ]
            },
            {
              "function": "set_nbt",
              "tag": "{display:{Name:'{\"text\":\"Swamp Chestplate\",\"color\":\"gold\",\"italic\":false}',Lore:['{\"text\":\" \"}','{\"text\":\"Ability:\",\"color\":\"green\",\"italic\":false}','{\"text\":\"Has a 25% chance to lose garbage  \",\"color\":\"gray\",\"italic\":false}','{\"text\":\"upon being hit causing random debuffs \",\"color\":\"gray\",\"italic\":false}','{\"text\":\"to all enemies. Also granting the user\",\"color\":\"gray\",\"italic\":false}','{\"text\":\"immunity to most negative effects. \",\"color\":\"gray\",\"italic\":false}'],color:2055734},HideFlags:64,RepairCost:99999,Unbreakable:1b,armor:swamp_chestplate}"
            }
		  ]
		},
        {
          "type": "minecraft:item",
          "name": "minecraft:leather_chestplate",
          "functions": [
            {
              "function": "minecraft:set_enchantments",
              "enchantments": {
                "minecraft:protection": {
                  "min": 1,
                  "max": 6
                },
                "minecraft:projectile_protection": {
                  "min": 1,
                  "max": 3
                },
                "minecraft:fire_protection": {
                  "min": 0,
                  "max": 5
                },
                "minecraft:blast_protection": {
                  "min": 0,
                  "max": 5
                },
                "minecraft:respiration": {
                  "min": 0,
                  "max": 5
                },
                "minecraft:aqua_affinity": {
                  "min": 0,
                  "max": 1
                }
              }
            },
            {
              "function": "minecraft:set_attributes",
              "modifiers": [
                {
                  "attribute": "minecraft:generic.knockback_resistance",
                  "name": "minecraft:generic.knockback_resistance",
                  "amount": 0.05,
                  "operation": "addition",
                  "slot": "chest"
                },
                {
                  "attribute": "minecraft:generic.armor_toughness",
                  "name": "minecraft:generic.armor_toughness",
                  "amount": 4,
                  "operation": "addition",
                  "slot": "chest"
                },
                {
                  "attribute": "minecraft:generic.armor",
                  "name": "minecraft:generic.armor",
                  "amount": 8,
                  "operation": "addition",
                  "slot": "chest"
                },
                {
                  "attribute": "minecraft:generic.max_health",
                  "name": "minecraft:generic.max_health",
                  "amount": 5,
                  "operation": "addition",
                  "slot": "chest"
                }
              ]
            },
            {
              "function": "set_nbt",
              "tag": "{display:{Name:'{\"text\":\"Swamp Chestplate\",\"color\":\"gold\",\"italic\":false}',Lore:['{\"text\":\" \"}','{\"text\":\"Ability:\",\"color\":\"green\",\"italic\":false}','{\"text\":\"Has a 25% chance to lose garbage  \",\"color\":\"gray\",\"italic\":false}','{\"text\":\"upon being hit causing random debuffs \",\"color\":\"gray\",\"italic\":false}','{\"text\":\"to all enemies. Also granting the user\",\"color\":\"gray\",\"italic\":false}','{\"text\":\"immunity to most negative effects. \",\"color\":\"gray\",\"italic\":false}'],color:2055734},HideFlags:64,RepairCost:99999,Unbreakable:1b,armor:swamp_chestplate}"
            }
		  ]
		},
        {
          "type": "minecraft:item",
          "name": "minecraft:leather_chestplate",
          "functions": [
            {
              "function": "minecraft:set_enchantments",
              "enchantments": {
                "minecraft:protection": {
                  "min": 1,
                  "max": 6
                },
                "minecraft:projectile_protection": {
                  "min": 1,
                  "max": 3
                },
                "minecraft:fire_protection": {
                  "min": 0,
                  "max": 5
                },
                "minecraft:blast_protection": {
                  "min": 0,
                  "max": 5
                },
                "minecraft:respiration": {
                  "min": 0,
                  "max": 5
                },
                "minecraft:aqua_affinity": {
                  "min": 0,
                  "max": 1
                }
              }
            },
            {
              "function": "minecraft:set_attributes",
              "modifiers": [
                {
                  "attribute": "minecraft:generic.knockback_resistance",
                  "name": "minecraft:generic.knockback_resistance",
                  "amount": 0.05,
                  "operation": "addition",
                  "slot": "chest"
                },
                {
                  "attribute": "minecraft:generic.armor_toughness",
                  "name": "minecraft:generic.armor_toughness",
                  "amount": 4,
                  "operation": "addition",
                  "slot": "chest"
                },
                {
                  "attribute": "minecraft:generic.armor",
                  "name": "minecraft:generic.armor",
                  "amount": 9.5,
                  "operation": "addition",
                  "slot": "chest"
                },
                {
                  "attribute": "minecraft:generic.max_health",
                  "name": "minecraft:generic.max_health",
                  "amount": 5,
                  "operation": "addition",
                  "slot": "chest"
                }
              ]
            },
            {
              "function": "set_nbt",
              "tag": "{display:{Name:'{\"text\":\"Swamp Chestplate\",\"color\":\"gold\",\"italic\":false}',Lore:['{\"text\":\" \"}','{\"text\":\"Ability:\",\"color\":\"green\",\"italic\":false}','{\"text\":\"Has a 25% chance to lose garbage  \",\"color\":\"gray\",\"italic\":false}','{\"text\":\"upon being hit causing random debuffs \",\"color\":\"gray\",\"italic\":false}','{\"text\":\"to all enemies. Also granting the user\",\"color\":\"gray\",\"italic\":false}','{\"text\":\"immunity to most negative effects. \",\"color\":\"gray\",\"italic\":false}'],color:2055734},HideFlags:64,RepairCost:99999,Unbreakable:1b,armor:swamp_chestplate}"
            }
		  ]
		},
        {
          "type": "minecraft:item",
          "name": "minecraft:leather_chestplate",
          "functions": [
            {
              "function": "minecraft:set_enchantments",
              "enchantments": {
                "minecraft:protection": {
                  "min": 1,
                  "max": 6
                },
                "minecraft:projectile_protection": {
                  "min": 1,
                  "max": 3
                },
                "minecraft:fire_protection": {
                  "min": 0,
                  "max": 5
                },
                "minecraft:blast_protection": {
                  "min": 0,
                  "max": 5
                },
                "minecraft:respiration": {
                  "min": 0,
                  "max": 5
                },
                "minecraft:aqua_affinity": {
                  "min": 0,
                  "max": 1
                }
              }
            },
            {
              "function": "minecraft:set_attributes",
              "modifiers": [
                {
                  "attribute": "minecraft:generic.knockback_resistance",
                  "name": "minecraft:generic.knockback_resistance",
                  "amount": 0.05,
                  "operation": "addition",
                  "slot": "chest"
                },
                {
                  "attribute": "minecraft:generic.armor_toughness",
                  "name": "minecraft:generic.armor_toughness",
                  "amount": 4,
                  "operation": "addition",
                  "slot": "chest"
                },
                {
                  "attribute": "minecraft:generic.armor",
                  "name": "minecraft:generic.armor",
                  "amount": 10,
                  "operation": "addition",
                  "slot": "chest"
                },
                {
                  "attribute": "minecraft:generic.max_health",
                  "name": "minecraft:generic.max_health",
                  "amount": 5,
                  "operation": "addition",
                  "slot": "chest"
                }
              ]
            },
            {
              "function": "set_nbt",
              "tag": "{display:{Name:'{\"text\":\"Swamp Chestplate\",\"color\":\"gold\",\"italic\":false}',Lore:['{\"text\":\" \"}','{\"text\":\"Ability:\",\"color\":\"green\",\"italic\":false}','{\"text\":\"Has a 25% chance to lose garbage  \",\"color\":\"gray\",\"italic\":false}','{\"text\":\"upon being hit causing random debuffs \",\"color\":\"gray\",\"italic\":false}','{\"text\":\"to all enemies. Also granting the user\",\"color\":\"gray\",\"italic\":false}','{\"text\":\"immunity to most negative effects. \",\"color\":\"gray\",\"italic\":false}'],color:2055734},HideFlags:64,RepairCost:99999,Unbreakable:1b,armor:swamp_chestplate}"
            }
		  ]
		},
        {
          "type": "minecraft:item",
          "name": "minecraft:leather_chestplate",
          "functions": [
            {
              "function": "minecraft:set_enchantments",
              "enchantments": {
                "minecraft:protection": {
                  "min": 1,
                  "max": 6
                },
                "minecraft:projectile_protection": {
                  "min": 1,
                  "max": 3
                },
                "minecraft:fire_protection": {
                  "min": 0,
                  "max": 5
                },
                "minecraft:blast_protection": {
                  "min": 0,
                  "max": 5
                },
                "minecraft:respiration": {
                  "min": 0,
                  "max": 5
                },
                "minecraft:aqua_affinity": {
                  "min": 0,
                  "max": 1
                }
              }
            },
            {
              "function": "minecraft:set_attributes",
              "modifiers": [
                {
                  "attribute": "minecraft:generic.knockback_resistance",
                  "name": "minecraft:generic.knockback_resistance",
                  "amount": 0.05,
                  "operation": "addition",
                  "slot": "chest"
                },
                {
                  "attribute": "minecraft:generic.armor_toughness",
                  "name": "minecraft:generic.armor_toughness",
                  "amount": 4.5,
                  "operation": "addition",
                  "slot": "chest"
                },
                {
                  "attribute": "minecraft:generic.armor",
                  "name": "minecraft:generic.armor",
                  "amount": 8,
                  "operation": "addition",
                  "slot": "chest"
                },
                {
                  "attribute": "minecraft:generic.max_health",
                  "name": "minecraft:generic.max_health",
                  "amount": 5,
                  "operation": "addition",
                  "slot": "chest"
                }
              ]
            },
            {
              "function": "set_nbt",
              "tag": "{display:{Name:'{\"text\":\"Swamp Chestplate\",\"color\":\"gold\",\"italic\":false}',Lore:['{\"text\":\" \"}','{\"text\":\"Ability:\",\"color\":\"green\",\"italic\":false}','{\"text\":\"Has a 25% chance to lose garbage  \",\"color\":\"gray\",\"italic\":false}','{\"text\":\"upon being hit causing random debuffs \",\"color\":\"gray\",\"italic\":false}','{\"text\":\"to all enemies. Also granting the user\",\"color\":\"gray\",\"italic\":false}','{\"text\":\"immunity to most negative effects. \",\"color\":\"gray\",\"italic\":false}'],color:2055734},HideFlags:64,RepairCost:99999,Unbreakable:1b,armor:swamp_chestplate}"
            }
		  ]
		},
        {
          "type": "minecraft:item",
          "name": "minecraft:leather_chestplate",
          "functions": [
            {
              "function": "minecraft:set_enchantments",
              "enchantments": {
                "minecraft:protection": {
                  "min": 1,
                  "max": 6
                },
                "minecraft:projectile_protection": {
                  "min": 1,
                  "max": 3
                },
                "minecraft:fire_protection": {
                  "min": 0,
                  "max": 5
                },
                "minecraft:blast_protection": {
                  "min": 0,
                  "max": 5
                },
                "minecraft:respiration": {
                  "min": 0,
                  "max": 5
                },
                "minecraft:aqua_affinity": {
                  "min": 0,
                  "max": 1
                }
              }
            },
            {
              "function": "minecraft:set_attributes",
              "modifiers": [
                {
                  "attribute": "minecraft:generic.knockback_resistance",
                  "name": "minecraft:generic.knockback_resistance",
                  "amount": 0.05,
                  "operation": "addition",
                  "slot": "chest"
                },
                {
                  "attribute": "minecraft:generic.armor_toughness",
                  "name": "minecraft:generic.armor_toughness",
                  "amount": 4.5,
                  "operation": "addition",
                  "slot": "chest"
                },
                {
                  "attribute": "minecraft:generic.armor",
                  "name": "minecraft:generic.armor",
                  "amount": 8.5,
                  "operation": "addition",
                  "slot": "chest"
                },
                {
                  "attribute": "minecraft:generic.max_health",
                  "name": "minecraft:generic.max_health",
                  "amount": 5,
                  "operation": "addition",
                  "slot": "chest"
                }
              ]
            },
            {
              "function": "set_nbt",
              "tag": "{display:{Name:'{\"text\":\"Swamp Chestplate\",\"color\":\"gold\",\"italic\":false}',Lore:['{\"text\":\" \"}','{\"text\":\"Ability:\",\"color\":\"green\",\"italic\":false}','{\"text\":\"Has a 25% chance to lose garbage  \",\"color\":\"gray\",\"italic\":false}','{\"text\":\"upon being hit causing random debuffs \",\"color\":\"gray\",\"italic\":false}','{\"text\":\"to all enemies. Also granting the user\",\"color\":\"gray\",\"italic\":false}','{\"text\":\"immunity to most negative effects. \",\"color\":\"gray\",\"italic\":false}'],color:2055734},HideFlags:64,RepairCost:99999,Unbreakable:1b,armor:swamp_chestplate}"
            }
		  ]
		},
        {
          "type": "minecraft:item",
          "name": "minecraft:leather_chestplate",
          "functions": [
            {
              "function": "minecraft:set_enchantments",
              "enchantments": {
                "minecraft:protection": {
                  "min": 1,
                  "max": 6
                },
                "minecraft:projectile_protection": {
                  "min": 1,
                  "max": 3
                },
                "minecraft:fire_protection": {
                  "min": 0,
                  "max": 5
                },
                "minecraft:blast_protection": {
                  "min": 0,
                  "max": 5
                },
                "minecraft:respiration": {
                  "min": 0,
                  "max": 5
                },
                "minecraft:aqua_affinity": {
                  "min": 0,
                  "max": 1
                }
              }
            },
            {
              "function": "minecraft:set_attributes",
              "modifiers": [
                {
                  "attribute": "minecraft:generic.knockback_resistance",
                  "name": "minecraft:generic.knockback_resistance",
                  "amount": 0.05,
                  "operation": "addition",
                  "slot": "chest"
                },
                {
                  "attribute": "minecraft:generic.armor_toughness",
                  "name": "minecraft:generic.armor_toughness",
                  "amount": 4.5,
                  "operation": "addition",
                  "slot": "chest"
                },
                {
                  "attribute": "minecraft:generic.armor",
                  "name": "minecraft:generic.armor",
                  "amount": 9,
                  "operation": "addition",
                  "slot": "chest"
                },
                {
                  "attribute": "minecraft:generic.max_health",
                  "name": "minecraft:generic.max_health",
                  "amount": 5,
                  "operation": "addition",
                  "slot": "chest"
                }
              ]
            },
            {
              "function": "set_nbt",
              "tag": "{display:{Name:'{\"text\":\"Swamp Chestplate\",\"color\":\"gold\",\"italic\":false}',Lore:['{\"text\":\" \"}','{\"text\":\"Ability:\",\"color\":\"green\",\"italic\":false}','{\"text\":\"Has a 25% chance to lose garbage  \",\"color\":\"gray\",\"italic\":false}','{\"text\":\"upon being hit causing random debuffs \",\"color\":\"gray\",\"italic\":false}','{\"text\":\"to all enemies. Also granting the user\",\"color\":\"gray\",\"italic\":false}','{\"text\":\"immunity to most negative effects. \",\"color\":\"gray\",\"italic\":false}'],color:2055734},HideFlags:64,RepairCost:99999,Unbreakable:1b,armor:swamp_chestplate}"
            }
		  ]
		},
        {
          "type": "minecraft:item",
          "name": "minecraft:leather_chestplate",
          "functions": [
            {
              "function": "minecraft:set_enchantments",
              "enchantments": {
                "minecraft:protection": {
                  "min": 1,
                  "max": 6
                },
                "minecraft:projectile_protection": {
                  "min": 1,
                  "max": 3
                },
                "minecraft:fire_protection": {
                  "min": 0,
                  "max": 5
                },
                "minecraft:blast_protection": {
                  "min": 0,
                  "max": 5
                },
                "minecraft:respiration": {
                  "min": 0,
                  "max": 5
                },
                "minecraft:aqua_affinity": {
                  "min": 0,
                  "max": 1
                }
              }
            },
            {
              "function": "minecraft:set_attributes",
              "modifiers": [
                {
                  "attribute": "minecraft:generic.knockback_resistance",
                  "name": "minecraft:generic.knockback_resistance",
                  "amount": 0.05,
                  "operation": "addition",
                  "slot": "chest"
                },
                {
                  "attribute": "minecraft:generic.armor_toughness",
                  "name": "minecraft:generic.armor_toughness",
                  "amount": 4.5,
                  "operation": "addition",
                  "slot": "chest"
                },
                {
                  "attribute": "minecraft:generic.armor",
                  "name": "minecraft:generic.armor",
                  "amount": 10,
                  "operation": "addition",
                  "slot": "chest"
                },
                {
                  "attribute": "minecraft:generic.max_health",
                  "name": "minecraft:generic.max_health",
                  "amount": 5,
                  "operation": "addition",
                  "slot": "chest"
                }
              ]
            },
            {
              "function": "set_nbt",
              "tag": "{display:{Name:'{\"text\":\"Swamp Chestplate\",\"color\":\"gold\",\"italic\":false}',Lore:['{\"text\":\" \"}','{\"text\":\"Ability:\",\"color\":\"green\",\"italic\":false}','{\"text\":\"Has a 25% chance to lose garbage  \",\"color\":\"gray\",\"italic\":false}','{\"text\":\"upon being hit causing random debuffs \",\"color\":\"gray\",\"italic\":false}','{\"text\":\"to all enemies. Also granting the user\",\"color\":\"gray\",\"italic\":false}','{\"text\":\"immunity to most negative effects. \",\"color\":\"gray\",\"italic\":false}'],color:2055734},HideFlags:64,RepairCost:99999,Unbreakable:1b,armor:swamp_chestplate}"
            }
		  ]
		},
        {
          "type": "minecraft:item",
          "name": "minecraft:leather_chestplate",
          "functions": [
            {
              "function": "minecraft:set_enchantments",
              "enchantments": {
                "minecraft:protection": {
                  "min": 1,
                  "max": 6
                },
                "minecraft:projectile_protection": {
                  "min": 1,
                  "max": 3
                },
                "minecraft:fire_protection": {
                  "min": 0,
                  "max": 5
                },
                "minecraft:blast_protection": {
                  "min": 0,
                  "max": 5
                },
                "minecraft:respiration": {
                  "min": 0,
                  "max": 5
                },
                "minecraft:aqua_affinity": {
                  "min": 0,
                  "max": 1
                }
              }
            },
            {
              "function": "minecraft:set_attributes",
              "modifiers": [
                {
                  "attribute": "minecraft:generic.knockback_resistance",
                  "name": "minecraft:generic.knockback_resistance",
                  "amount": 0.05,
                  "operation": "addition",
                  "slot": "chest"
                },
                {
                  "attribute": "minecraft:generic.armor_toughness",
                  "name": "minecraft:generic.armor_toughness",
                  "amount": 3.5,
                  "operation": "addition",
                  "slot": "chest"
                },
                {
                  "attribute": "minecraft:generic.armor",
                  "name": "minecraft:generic.armor",
                  "amount": 9,
                  "operation": "addition",
                  "slot": "chest"
                },
                {
                  "attribute": "minecraft:generic.max_health",
                  "name": "minecraft:generic.max_health",
                  "amount": 5,
                  "operation": "addition",
                  "slot": "chest"
                }
              ]
            },
            {
              "function": "set_nbt",
              "tag": "{display:{Name:'{\"text\":\"Swamp Chestplate\",\"color\":\"gold\",\"italic\":false}',Lore:['{\"text\":\" \"}','{\"text\":\"Ability:\",\"color\":\"green\",\"italic\":false}','{\"text\":\"Has a 25% chance to lose garbage  \",\"color\":\"gray\",\"italic\":false}','{\"text\":\"upon being hit causing random debuffs \",\"color\":\"gray\",\"italic\":false}','{\"text\":\"to all enemies. Also granting the user\",\"color\":\"gray\",\"italic\":false}','{\"text\":\"immunity to most negative effects. \",\"color\":\"gray\",\"italic\":false}'],color:2055734},HideFlags:64,RepairCost:99999,Unbreakable:1b,armor:swamp_chestplate}"
            }
		  ]
		},
        {
          "type": "minecraft:item",
          "name": "minecraft:leather_chestplate",
          "functions": [
            {
              "function": "minecraft:set_enchantments",
              "enchantments": {
                "minecraft:protection": {
                  "min": 1,
                  "max": 6
                },
                "minecraft:projectile_protection": {
                  "min": 1,
                  "max": 3
                },
                "minecraft:fire_protection": {
                  "min": 0,
                  "max": 5
                },
                "minecraft:blast_protection": {
                  "min": 0,
                  "max": 5
                },
                "minecraft:respiration": {
                  "min": 0,
                  "max": 5
                },
                "minecraft:aqua_affinity": {
                  "min": 0,
                  "max": 1
                }
              }
            },
            {
              "function": "minecraft:set_attributes",
              "modifiers": [
                {
                  "attribute": "minecraft:generic.knockback_resistance",
                  "name": "minecraft:generic.knockback_resistance",
                  "amount": 0.05,
                  "operation": "addition",
                  "slot": "chest"
                },
                {
                  "attribute": "minecraft:generic.armor_toughness",
                  "name": "minecraft:generic.armor_toughness",
                  "amount": 3.5,
                  "operation": "addition",
                  "slot": "chest"
                },
                {
                  "attribute": "minecraft:generic.armor",
                  "name": "minecraft:generic.armor",
                  "amount": 9.5,
                  "operation": "addition",
                  "slot": "chest"
                },
                {
                  "attribute": "minecraft:generic.max_health",
                  "name": "minecraft:generic.max_health",
                  "amount": 5,
                  "operation": "addition",
                  "slot": "chest"
                }
              ]
            },
            {
              "function": "set_nbt",
              "tag": "{display:{Name:'{\"text\":\"Swamp Chestplate\",\"color\":\"gold\",\"italic\":false}',Lore:['{\"text\":\" \"}','{\"text\":\"Ability:\",\"color\":\"green\",\"italic\":false}','{\"text\":\"Has a 25% chance to lose garbage  \",\"color\":\"gray\",\"italic\":false}','{\"text\":\"upon being hit causing random debuffs \",\"color\":\"gray\",\"italic\":false}','{\"text\":\"to all enemies. Also granting the user\",\"color\":\"gray\",\"italic\":false}','{\"text\":\"immunity to most negative effects. \",\"color\":\"gray\",\"italic\":false}'],color:2055734},HideFlags:64,RepairCost:99999,Unbreakable:1b,armor:swamp_chestplate}"
            }
		  ]
		},
        {
          "type": "minecraft:item",
          "name": "minecraft:leather_chestplate",
          "functions": [
            {
              "function": "minecraft:set_enchantments",
              "enchantments": {
                "minecraft:protection": {
                  "min": 1,
                  "max": 6
                },
                "minecraft:projectile_protection": {
                  "min": 1,
                  "max": 3
                },
                "minecraft:fire_protection": {
                  "min": 0,
                  "max": 5
                },
                "minecraft:blast_protection": {
                  "min": 0,
                  "max": 5
                },
                "minecraft:respiration": {
                  "min": 0,
                  "max": 5
                },
                "minecraft:aqua_affinity": {
                  "min": 0,
                  "max": 1
                }
              }
            },
            {
              "function": "minecraft:set_attributes",
              "modifiers": [
                {
                  "attribute": "minecraft:generic.knockback_resistance",
                  "name": "minecraft:generic.knockback_resistance",
                  "amount": 0.05,
                  "operation": "addition",
                  "slot": "chest"
                },
                {
                  "attribute": "minecraft:generic.armor_toughness",
                  "name": "minecraft:generic.armor_toughness",
                  "amount": 3.5,
                  "operation": "addition",
                  "slot": "chest"
                },
                {
                  "attribute": "minecraft:generic.armor",
                  "name": "minecraft:generic.armor",
                  "amount": 10,
                  "operation": "addition",
                  "slot": "chest"
                },
                {
                  "attribute": "minecraft:generic.max_health",
                  "name": "minecraft:generic.max_health",
                  "amount": 5,
                  "operation": "addition",
                  "slot": "chest"
                }
              ]
            },
            {
              "function": "set_nbt",
              "tag": "{display:{Name:'{\"text\":\"Swamp Chestplate\",\"color\":\"gold\",\"italic\":false}',Lore:['{\"text\":\" \"}','{\"text\":\"Ability:\",\"color\":\"green\",\"italic\":false}','{\"text\":\"Has a 25% chance to lose garbage  \",\"color\":\"gray\",\"italic\":false}','{\"text\":\"upon being hit causing random debuffs \",\"color\":\"gray\",\"italic\":false}','{\"text\":\"to all enemies. Also granting the user\",\"color\":\"gray\",\"italic\":false}','{\"text\":\"immunity to most negative effects. \",\"color\":\"gray\",\"italic\":false}'],color:2055734},HideFlags:64,RepairCost:99999,Unbreakable:1b,armor:swamp_chestplate}"
            }
		  ]
		},
        {
          "type": "minecraft:item",
          "name": "minecraft:leather_chestplate",
          "functions": [
            {
              "function": "minecraft:set_enchantments",
              "enchantments": {
                "minecraft:protection": {
                  "min": 1,
                  "max": 6
                },
                "minecraft:projectile_protection": {
                  "min": 1,
                  "max": 3
                },
                "minecraft:fire_protection": {
                  "min": 0,
                  "max": 5
                },
                "minecraft:blast_protection": {
                  "min": 0,
                  "max": 5
                },
                "minecraft:respiration": {
                  "min": 0,
                  "max": 5
                },
                "minecraft:aqua_affinity": {
                  "min": 0,
                  "max": 1
                }
              }
            },
            {
              "function": "minecraft:set_attributes",
              "modifiers": [
                {
                  "attribute": "minecraft:generic.knockback_resistance",
                  "name": "minecraft:generic.knockback_resistance",
                  "amount": 0.05,
                  "operation": "addition",
                  "slot": "chest"
                },
                {
                  "attribute": "minecraft:generic.armor_toughness",
                  "name": "minecraft:generic.armor_toughness",
                  "amount": 4.5,
                  "operation": "addition",
                  "slot": "chest"
                },
                {
                  "attribute": "minecraft:generic.armor",
                  "name": "minecraft:generic.armor",
                  "amount": 9.5,
                  "operation": "addition",
                  "slot": "chest"
                },
                {
                  "attribute": "minecraft:generic.max_health",
                  "name": "minecraft:generic.max_health",
                  "amount": 5,
                  "operation": "addition",
                  "slot": "chest"
                }
              ]
            },
            {
              "function": "set_nbt",
              "tag": "{display:{Name:'{\"text\":\"Swamp Chestplate\",\"color\":\"gold\",\"italic\":false}',Lore:['{\"text\":\" \"}','{\"text\":\"Ability:\",\"color\":\"green\",\"italic\":false}','{\"text\":\"Has a 25% chance to lose garbage  \",\"color\":\"gray\",\"italic\":false}','{\"text\":\"upon being hit causing random debuffs \",\"color\":\"gray\",\"italic\":false}','{\"text\":\"to all enemies. Also granting the user\",\"color\":\"gray\",\"italic\":false}','{\"text\":\"immunity to most negative effects. \",\"color\":\"gray\",\"italic\":false}'],color:2055734},HideFlags:64,RepairCost:99999,Unbreakable:1b,armor:swamp_chestplate}"
            }
		  ]
		}
	  ]
	}
  ]
}