{
  "pools": [
    {
      "rolls": 1,
      "entries": [
        {
          "type": "minecraft:item",
          "name": "minecraft:golden_axe",
          "functions": [
            {
              "function": "minecraft:set_nbt",
              "tag": "{display:{Name:'{\"text\":\"Barbaric Axe\",\"color\":\"gold\",\"italic\":false}',Lore:['{\"text\":\" \"}','{\"text\":\"Ability:\",\"color\":\"green\",\"italic\":false}','{\"text\":\"When hitting an enemy there is a\",\"color\":\"gray\",\"italic\":false}','{\"text\":\"25% chance to create an explosion\",\"color\":\"gray\",\"italic\":false}','{\"text\":\"dealing AoE damage.\",\"color\":\"gray\",\"italic\":false}']},RepairCost:99999,Unbreakable:1b,weapon:barbaric_axe}"
            },
            {
              "function": "minecraft:set_enchantments",
              "enchantments": {
                "minecraft:sharpness": {
                  "min": 1,
                  "max": 10
                },
                "minecraft:bane_of_arthropods": {
                  "min": 1,
                  "max": 3
                },
                "minecraft:smite": {
                  "min": 1,
                  "max": 3
                },
                "minecraft:knockback": {
                  "min": 1,
                  "max": 2
                }
              }
            },
            {
              "function": "minecraft:set_attributes",
              "modifiers": [
                {
                  "attribute": "minecraft:generic.attack_speed",
                  "name": "minecraft:generic.attack_speed",
                  "amount": -4,
                  "operation": "addition",
                  "slot": "mainhand"
                },
                {
                  "attribute": "minecraft:generic.attack_speed",
                  "name": "minecraft:generic.attack_speed",
                  "amount": 0.75,
                  "operation": "addition",
                  "slot": "mainhand"
                },
                {
                  "attribute": "minecraft:generic.attack_damage",
                  "name": "minecraft:generic.attack_damage",
                  "amount": 31,
                  "operation": "addition",
                  "slot": "mainhand"
                }
              ]
            },
            {
              "function": "minecraft:set_nbt",
              "tag": "{HideFlags:2}"
            },
			{
              "function": "minecraft:set_lore",
              "lore": [
                {
                  "text": "  "
                },
                {
                  "text": "When in Main Hand:",
                  "color": "gray",
                  "italic": false
                },
                {
                  "text": " 32 Attack Damage",
                  "color": "dark_green",
                  "italic": false
                },
                {
                  "text": " 0.75 Attack Speed",
                  "color": "dark_green",
                  "italic": false
                }
              ]
            }
          ]
        },
        {
          "type": "minecraft:item",
          "name": "minecraft:golden_axe",
          "functions": [
            {
              "function": "minecraft:set_nbt",
              "tag": "{display:{Name:'{\"text\":\"Barbaric Axe\",\"color\":\"gold\",\"italic\":false}',Lore:['{\"text\":\" \"}','{\"text\":\"Ability:\",\"color\":\"green\",\"italic\":false}','{\"text\":\"When hitting an enemy there is a\",\"color\":\"gray\",\"italic\":false}','{\"text\":\"25% chance to create an explosion\",\"color\":\"gray\",\"italic\":false}','{\"text\":\"dealing AoE damage.\",\"color\":\"gray\",\"italic\":false}']},RepairCost:99999,Unbreakable:1b,weapon:barbaric_axe}"
            },
            {
              "function": "minecraft:set_enchantments",
              "enchantments": {
                "minecraft:sharpness": {
                  "min": 1,
                  "max": 10
                },
                "minecraft:bane_of_arthropods": {
                  "min": 1,
                  "max": 3
                },
                "minecraft:smite": {
                  "min": 1,
                  "max": 3
                },
                "minecraft:knockback": {
                  "min": 1,
                  "max": 2
                }
              }
            },
            {
              "function": "minecraft:set_attributes",
              "modifiers": [
                {
                  "attribute": "minecraft:generic.attack_speed",
                  "name": "minecraft:generic.attack_speed",
                  "amount": -4,
                  "operation": "addition",
                  "slot": "mainhand"
                },
                {
                  "attribute": "minecraft:generic.attack_speed",
                  "name": "minecraft:generic.attack_speed",
                  "amount": 0.75,
                  "operation": "addition",
                  "slot": "mainhand"
                },
                {
                  "attribute": "minecraft:generic.attack_damage",
                  "name": "minecraft:generic.attack_damage",
                  "amount": 33,
                  "operation": "addition",
                  "slot": "mainhand"
                }
              ]
            },
            {
              "function": "minecraft:set_nbt",
              "tag": "{HideFlags:2}"
            },
			{
              "function": "minecraft:set_lore",
              "lore": [
                {
                  "text": "  "
                },
                {
                  "text": "When in Main Hand:",
                  "color": "gray",
                  "italic": false
                },
                {
                  "text": " 34 Attack Damage",
                  "color": "dark_green",
                  "italic": false
                },
                {
                  "text": " 0.75 Attack Speed",
                  "color": "dark_green",
                  "italic": false
                }
              ]
            }
          ]
        },
        {
          "type": "minecraft:item",
          "name": "minecraft:golden_axe",
          "functions": [
            {
              "function": "minecraft:set_nbt",
              "tag": "{display:{Name:'{\"text\":\"Barbaric Axe\",\"color\":\"gold\",\"italic\":false}',Lore:['{\"text\":\" \"}','{\"text\":\"Ability:\",\"color\":\"green\",\"italic\":false}','{\"text\":\"When hitting an enemy there is a\",\"color\":\"gray\",\"italic\":false}','{\"text\":\"25% chance to create an explosion\",\"color\":\"gray\",\"italic\":false}','{\"text\":\"dealing AoE damage.\",\"color\":\"gray\",\"italic\":false}']},RepairCost:99999,Unbreakable:1b,weapon:barbaric_axe}"
            },
            {
              "function": "minecraft:set_enchantments",
              "enchantments": {
                "minecraft:sharpness": {
                  "min": 1,
                  "max": 10
                },
                "minecraft:bane_of_arthropods": {
                  "min": 1,
                  "max": 3
                },
                "minecraft:smite": {
                  "min": 1,
                  "max": 3
                },
                "minecraft:knockback": {
                  "min": 1,
                  "max": 2
                }
              }
            },
            {
              "function": "minecraft:set_attributes",
              "modifiers": [
                {
                  "attribute": "minecraft:generic.attack_speed",
                  "name": "minecraft:generic.attack_speed",
                  "amount": -4,
                  "operation": "addition",
                  "slot": "mainhand"
                },
                {
                  "attribute": "minecraft:generic.attack_speed",
                  "name": "minecraft:generic.attack_speed",
                  "amount": 0.75,
                  "operation": "addition",
                  "slot": "mainhand"
                },
                {
                  "attribute": "minecraft:generic.attack_damage",
                  "name": "minecraft:generic.attack_damage",
                  "amount": 35,
                  "operation": "addition",
                  "slot": "mainhand"
                }
              ]
            },
            {
              "function": "minecraft:set_nbt",
              "tag": "{HideFlags:2}"
            },
			{
              "function": "minecraft:set_lore",
              "lore": [
                {
                  "text": "  "
                },
                {
                  "text": "When in Main Hand:",
                  "color": "gray",
                  "italic": false
                },
                {
                  "text": " 36 Attack Damage",
                  "color": "dark_green",
                  "italic": false
                },
                {
                  "text": " 0.75 Attack Speed",
                  "color": "dark_green",
                  "italic": false
                }
              ]
            }
          ]
        },
        {
          "type": "minecraft:item",
          "name": "minecraft:golden_axe",
          "functions": [
            {
              "function": "minecraft:set_nbt",
              "tag": "{display:{Name:'{\"text\":\"Barbaric Axe\",\"color\":\"gold\",\"italic\":false}',Lore:['{\"text\":\" \"}','{\"text\":\"Ability:\",\"color\":\"green\",\"italic\":false}','{\"text\":\"When hitting an enemy there is a\",\"color\":\"gray\",\"italic\":false}','{\"text\":\"25% chance to create an explosion\",\"color\":\"gray\",\"italic\":false}','{\"text\":\"dealing AoE damage.\",\"color\":\"gray\",\"italic\":false}']},RepairCost:99999,Unbreakable:1b,weapon:barbaric_axe}"
            },
            {
              "function": "minecraft:set_enchantments",
              "enchantments": {
                "minecraft:sharpness": {
                  "min": 1,
                  "max": 10
                },
                "minecraft:bane_of_arthropods": {
                  "min": 1,
                  "max": 3
                },
                "minecraft:smite": {
                  "min": 1,
                  "max": 3
                },
                "minecraft:knockback": {
                  "min": 1,
                  "max": 2
                }
              }
            },
            {
              "function": "minecraft:set_attributes",
              "modifiers": [
                {
                  "attribute": "minecraft:generic.attack_speed",
                  "name": "minecraft:generic.attack_speed",
                  "amount": -4,
                  "operation": "addition",
                  "slot": "mainhand"
                },
                {
                  "attribute": "minecraft:generic.attack_speed",
                  "name": "minecraft:generic.attack_speed",
                  "amount": 0.75,
                  "operation": "addition",
                  "slot": "mainhand"
                },
                {
                  "attribute": "minecraft:generic.attack_damage",
                  "name": "minecraft:generic.attack_damage",
                  "amount": 37,
                  "operation": "addition",
                  "slot": "mainhand"
                }
              ]
            },
            {
              "function": "minecraft:set_nbt",
              "tag": "{HideFlags:2}"
            },
			{
              "function": "minecraft:set_lore",
              "lore": [
                {
                  "text": "  "
                },
                {
                  "text": "When in Main Hand:",
                  "color": "gray",
                  "italic": false
                },
                {
                  "text": " 38 Attack Damage",
                  "color": "dark_green",
                  "italic": false
                },
                {
                  "text": " 0.75 Attack Speed",
                  "color": "dark_green",
                  "italic": false
                }
              ]
            }
          ]
        },
        {
          "type": "minecraft:item",
          "name": "minecraft:golden_axe",
          "functions": [
            {
              "function": "minecraft:set_nbt",
              "tag": "{display:{Name:'{\"text\":\"Barbaric Axe\",\"color\":\"gold\",\"italic\":false}',Lore:['{\"text\":\" \"}','{\"text\":\"Ability:\",\"color\":\"green\",\"italic\":false}','{\"text\":\"When hitting an enemy there is a\",\"color\":\"gray\",\"italic\":false}','{\"text\":\"25% chance to create an explosion\",\"color\":\"gray\",\"italic\":false}','{\"text\":\"dealing AoE damage.\",\"color\":\"gray\",\"italic\":false}']},RepairCost:99999,Unbreakable:1b,weapon:barbaric_axe}"
            },
            {
              "function": "minecraft:set_enchantments",
              "enchantments": {
                "minecraft:sharpness": {
                  "min": 1,
                  "max": 10
                },
                "minecraft:bane_of_arthropods": {
                  "min": 1,
                  "max": 3
                },
                "minecraft:smite": {
                  "min": 1,
                  "max": 3
                },
                "minecraft:knockback": {
                  "min": 1,
                  "max": 2
                }
              }
            },
            {
              "function": "minecraft:set_attributes",
              "modifiers": [
                {
                  "attribute": "minecraft:generic.attack_speed",
                  "name": "minecraft:generic.attack_speed",
                  "amount": -4,
                  "operation": "addition",
                  "slot": "mainhand"
                },
                {
                  "attribute": "minecraft:generic.attack_speed",
                  "name": "minecraft:generic.attack_speed",
                  "amount": 0.9,
                  "operation": "addition",
                  "slot": "mainhand"
                },
                {
                  "attribute": "minecraft:generic.attack_damage",
                  "name": "minecraft:generic.attack_damage",
                  "amount": 29,
                  "operation": "addition",
                  "slot": "mainhand"
                }
              ]
            },
            {
              "function": "minecraft:set_nbt",
              "tag": "{HideFlags:2}"
            },
			{
              "function": "minecraft:set_lore",
              "lore": [
                {
                  "text": "  "
                },
                {
                  "text": "When in Main Hand:",
                  "color": "gray",
                  "italic": false
                },
                {
                  "text": " 30 Attack Damage",
                  "color": "dark_green",
                  "italic": false
                },
                {
                  "text": " 0.9 Attack Speed",
                  "color": "dark_green",
                  "italic": false
                }
              ]
            }
          ]
        },
        {
          "type": "minecraft:item",
          "name": "minecraft:golden_axe",
          "functions": [
            {
              "function": "minecraft:set_nbt",
              "tag": "{display:{Name:'{\"text\":\"Barbaric Axe\",\"color\":\"gold\",\"italic\":false}',Lore:['{\"text\":\" \"}','{\"text\":\"Ability:\",\"color\":\"green\",\"italic\":false}','{\"text\":\"When hitting an enemy there is a\",\"color\":\"gray\",\"italic\":false}','{\"text\":\"25% chance to create an explosion\",\"color\":\"gray\",\"italic\":false}','{\"text\":\"dealing AoE damage.\",\"color\":\"gray\",\"italic\":false}']},RepairCost:99999,Unbreakable:1b,weapon:barbaric_axe}"
            },
            {
              "function": "minecraft:set_enchantments",
              "enchantments": {
                "minecraft:sharpness": {
                  "min": 1,
                  "max": 10
                },
                "minecraft:bane_of_arthropods": {
                  "min": 1,
                  "max": 3
                },
                "minecraft:smite": {
                  "min": 1,
                  "max": 3
                },
                "minecraft:knockback": {
                  "min": 1,
                  "max": 2
                }
              }
            },
            {
              "function": "minecraft:set_attributes",
              "modifiers": [
                {
                  "attribute": "minecraft:generic.attack_speed",
                  "name": "minecraft:generic.attack_speed",
                  "amount": -4,
                  "operation": "addition",
                  "slot": "mainhand"
                },
                {
                  "attribute": "minecraft:generic.attack_speed",
                  "name": "minecraft:generic.attack_speed",
                  "amount": 0.9,
                  "operation": "addition",
                  "slot": "mainhand"
                },
                {
                  "attribute": "minecraft:generic.attack_damage",
                  "name": "minecraft:generic.attack_damage",
                  "amount": 31,
                  "operation": "addition",
                  "slot": "mainhand"
                }
              ]
            },
            {
              "function": "minecraft:set_nbt",
              "tag": "{HideFlags:2}"
            },
			{
              "function": "minecraft:set_lore",
              "lore": [
                {
                  "text": "  "
                },
                {
                  "text": "When in Main Hand:",
                  "color": "gray",
                  "italic": false
                },
                {
                  "text": " 32 Attack Damage",
                  "color": "dark_green",
                  "italic": false
                },
                {
                  "text": " 0.9 Attack Speed",
                  "color": "dark_green",
                  "italic": false
                }
              ]
            }
          ]
        },
        {
          "type": "minecraft:item",
          "name": "minecraft:golden_axe",
          "functions": [
            {
              "function": "minecraft:set_nbt",
              "tag": "{display:{Name:'{\"text\":\"Barbaric Axe\",\"color\":\"gold\",\"italic\":false}',Lore:['{\"text\":\" \"}','{\"text\":\"Ability:\",\"color\":\"green\",\"italic\":false}','{\"text\":\"When hitting an enemy there is a\",\"color\":\"gray\",\"italic\":false}','{\"text\":\"25% chance to create an explosion\",\"color\":\"gray\",\"italic\":false}','{\"text\":\"dealing AoE damage.\",\"color\":\"gray\",\"italic\":false}']},RepairCost:99999,Unbreakable:1b,weapon:barbaric_axe}"
            },
            {
              "function": "minecraft:set_enchantments",
              "enchantments": {
                "minecraft:sharpness": {
                  "min": 1,
                  "max": 10
                },
                "minecraft:bane_of_arthropods": {
                  "min": 1,
                  "max": 3
                },
                "minecraft:smite": {
                  "min": 1,
                  "max": 3
                },
                "minecraft:knockback": {
                  "min": 1,
                  "max": 2
                }
              }
            },
            {
              "function": "minecraft:set_attributes",
              "modifiers": [
                {
                  "attribute": "minecraft:generic.attack_speed",
                  "name": "minecraft:generic.attack_speed",
                  "amount": -4,
                  "operation": "addition",
                  "slot": "mainhand"
                },
                {
                  "attribute": "minecraft:generic.attack_speed",
                  "name": "minecraft:generic.attack_speed",
                  "amount": 0.9,
                  "operation": "addition",
                  "slot": "mainhand"
                },
                {
                  "attribute": "minecraft:generic.attack_damage",
                  "name": "minecraft:generic.attack_damage",
                  "amount": 33,
                  "operation": "addition",
                  "slot": "mainhand"
                }
              ]
            },
            {
              "function": "minecraft:set_nbt",
              "tag": "{HideFlags:2}"
            },
			{
              "function": "minecraft:set_lore",
              "lore": [
                {
                  "text": "  "
                },
                {
                  "text": "When in Main Hand:",
                  "color": "gray",
                  "italic": false
                },
                {
                  "text": " 34 Attack Damage",
                  "color": "dark_green",
                  "italic": false
                },
                {
                  "text": " 0.9 Attack Speed",
                  "color": "dark_green",
                  "italic": false
                }
              ]
            }
          ]
        },
        {
          "type": "minecraft:item",
          "name": "minecraft:golden_axe",
          "functions": [
            {
              "function": "minecraft:set_nbt",
              "tag": "{display:{Name:'{\"text\":\"Barbaric Axe\",\"color\":\"gold\",\"italic\":false}',Lore:['{\"text\":\" \"}','{\"text\":\"Ability:\",\"color\":\"green\",\"italic\":false}','{\"text\":\"When hitting an enemy there is a\",\"color\":\"gray\",\"italic\":false}','{\"text\":\"25% chance to create an explosion\",\"color\":\"gray\",\"italic\":false}','{\"text\":\"dealing AoE damage.\",\"color\":\"gray\",\"italic\":false}']},RepairCost:99999,Unbreakable:1b,weapon:barbaric_axe}"
            },
            {
              "function": "minecraft:set_enchantments",
              "enchantments": {
                "minecraft:sharpness": {
                  "min": 1,
                  "max": 10
                },
                "minecraft:bane_of_arthropods": {
                  "min": 1,
                  "max": 3
                },
                "minecraft:smite": {
                  "min": 1,
                  "max": 3
                },
                "minecraft:knockback": {
                  "min": 1,
                  "max": 2
                }
              }
            },
            {
              "function": "minecraft:set_attributes",
              "modifiers": [
                {
                  "attribute": "minecraft:generic.attack_speed",
                  "name": "minecraft:generic.attack_speed",
                  "amount": -4,
                  "operation": "addition",
                  "slot": "mainhand"
                },
                {
                  "attribute": "minecraft:generic.attack_speed",
                  "name": "minecraft:generic.attack_speed",
                  "amount": 0.9,
                  "operation": "addition",
                  "slot": "mainhand"
                },
                {
                  "attribute": "minecraft:generic.attack_damage",
                  "name": "minecraft:generic.attack_damage",
                  "amount": 35,
                  "operation": "addition",
                  "slot": "mainhand"
                }
              ]
            },
            {
              "function": "minecraft:set_nbt",
              "tag": "{HideFlags:2}"
            },
			{
              "function": "minecraft:set_lore",
              "lore": [
                {
                  "text": "  "
                },
                {
                  "text": "When in Main Hand:",
                  "color": "gray",
                  "italic": false
                },
                {
                  "text": " 36 Attack Damage",
                  "color": "dark_green",
                  "italic": false
                },
                {
                  "text": " 0.9 Attack Speed",
                  "color": "dark_green",
                  "italic": false
                }
              ]
            }
          ]
        },
        {
          "type": "minecraft:item",
          "name": "minecraft:golden_axe",
          "functions": [
            {
              "function": "minecraft:set_nbt",
              "tag": "{display:{Name:'{\"text\":\"Barbaric Axe\",\"color\":\"gold\",\"italic\":false}',Lore:['{\"text\":\" \"}','{\"text\":\"Ability:\",\"color\":\"green\",\"italic\":false}','{\"text\":\"When hitting an enemy there is a\",\"color\":\"gray\",\"italic\":false}','{\"text\":\"25% chance to create an explosion\",\"color\":\"gray\",\"italic\":false}','{\"text\":\"dealing AoE damage.\",\"color\":\"gray\",\"italic\":false}']},RepairCost:99999,Unbreakable:1b,weapon:barbaric_axe}"
            },
            {
              "function": "minecraft:set_enchantments",
              "enchantments": {
                "minecraft:sharpness": {
                  "min": 1,
                  "max": 10
                },
                "minecraft:bane_of_arthropods": {
                  "min": 1,
                  "max": 3
                },
                "minecraft:smite": {
                  "min": 1,
                  "max": 3
                },
                "minecraft:knockback": {
                  "min": 1,
                  "max": 2
                }
              }
            },
            {
              "function": "minecraft:set_attributes",
              "modifiers": [
                {
                  "attribute": "minecraft:generic.attack_speed",
                  "name": "minecraft:generic.attack_speed",
                  "amount": -4,
                  "operation": "addition",
                  "slot": "mainhand"
                },
                {
                  "attribute": "minecraft:generic.attack_speed",
                  "name": "minecraft:generic.attack_speed",
                  "amount": 0.9,
                  "operation": "addition",
                  "slot": "mainhand"
                },
                {
                  "attribute": "minecraft:generic.attack_damage",
                  "name": "minecraft:generic.attack_damage",
                  "amount": 37,
                  "operation": "addition",
                  "slot": "mainhand"
                }
              ]
            },
            {
              "function": "minecraft:set_nbt",
              "tag": "{HideFlags:2}"
            },
			{
              "function": "minecraft:set_lore",
              "lore": [
                {
                  "text": "  "
                },
                {
                  "text": "When in Main Hand:",
                  "color": "gray",
                  "italic": false
                },
                {
                  "text": " 38 Attack Damage",
                  "color": "dark_green",
                  "italic": false
                },
                {
                  "text": " 0.9 Attack Speed",
                  "color": "dark_green",
                  "italic": false
                }
              ]
            }
          ]
        },
        {
          "type": "minecraft:item",
          "name": "minecraft:golden_axe",
          "functions": [
            {
              "function": "minecraft:set_nbt",
              "tag": "{display:{Name:'{\"text\":\"Barbaric Axe\",\"color\":\"gold\",\"italic\":false}',Lore:['{\"text\":\" \"}','{\"text\":\"Ability:\",\"color\":\"green\",\"italic\":false}','{\"text\":\"When hitting an enemy there is a\",\"color\":\"gray\",\"italic\":false}','{\"text\":\"25% chance to create an explosion\",\"color\":\"gray\",\"italic\":false}','{\"text\":\"dealing AoE damage.\",\"color\":\"gray\",\"italic\":false}']},RepairCost:99999,Unbreakable:1b,weapon:barbaric_axe}"
            },
            {
              "function": "minecraft:set_enchantments",
              "enchantments": {
                "minecraft:sharpness": {
                  "min": 1,
                  "max": 10
                },
                "minecraft:bane_of_arthropods": {
                  "min": 1,
                  "max": 3
                },
                "minecraft:smite": {
                  "min": 1,
                  "max": 3
                },
                "minecraft:knockback": {
                  "min": 1,
                  "max": 2
                }
              }
            },
            {
              "function": "minecraft:set_attributes",
              "modifiers": [
                {
                  "attribute": "minecraft:generic.attack_speed",
                  "name": "minecraft:generic.attack_speed",
                  "amount": -4,
                  "operation": "addition",
                  "slot": "mainhand"
                },
                {
                  "attribute": "minecraft:generic.attack_speed",
                  "name": "minecraft:generic.attack_speed",
                  "amount": 1.05,
                  "operation": "addition",
                  "slot": "mainhand"
                },
                {
                  "attribute": "minecraft:generic.attack_damage",
                  "name": "minecraft:generic.attack_damage",
                  "amount": 29,
                  "operation": "addition",
                  "slot": "mainhand"
                }
              ]
            },
            {
              "function": "minecraft:set_nbt",
              "tag": "{HideFlags:2}"
            },
			{
              "function": "minecraft:set_lore",
              "lore": [
                {
                  "text": "  "
                },
                {
                  "text": "When in Main Hand:",
                  "color": "gray",
                  "italic": false
                },
                {
                  "text": " 30 Attack Damage",
                  "color": "dark_green",
                  "italic": false
                },
                {
                  "text": " 1.05 Attack Speed",
                  "color": "dark_green",
                  "italic": false
                }
              ]
            }
          ]
        },
        {
          "type": "minecraft:item",
          "name": "minecraft:golden_axe",
          "functions": [
            {
              "function": "minecraft:set_nbt",
              "tag": "{display:{Name:'{\"text\":\"Barbaric Axe\",\"color\":\"gold\",\"italic\":false}',Lore:['{\"text\":\" \"}','{\"text\":\"Ability:\",\"color\":\"green\",\"italic\":false}','{\"text\":\"When hitting an enemy there is a\",\"color\":\"gray\",\"italic\":false}','{\"text\":\"25% chance to create an explosion\",\"color\":\"gray\",\"italic\":false}','{\"text\":\"dealing AoE damage.\",\"color\":\"gray\",\"italic\":false}']},RepairCost:99999,Unbreakable:1b,weapon:barbaric_axe}"
            },
            {
              "function": "minecraft:set_enchantments",
              "enchantments": {
                "minecraft:sharpness": {
                  "min": 1,
                  "max": 10
                },
                "minecraft:bane_of_arthropods": {
                  "min": 1,
                  "max": 3
                },
                "minecraft:smite": {
                  "min": 1,
                  "max": 3
                },
                "minecraft:knockback": {
                  "min": 1,
                  "max": 2
                }
              }
            },
            {
              "function": "minecraft:set_attributes",
              "modifiers": [
                {
                  "attribute": "minecraft:generic.attack_speed",
                  "name": "minecraft:generic.attack_speed",
                  "amount": -4,
                  "operation": "addition",
                  "slot": "mainhand"
                },
                {
                  "attribute": "minecraft:generic.attack_speed",
                  "name": "minecraft:generic.attack_speed",
                  "amount": 1.05,
                  "operation": "addition",
                  "slot": "mainhand"
                },
                {
                  "attribute": "minecraft:generic.attack_damage",
                  "name": "minecraft:generic.attack_damage",
                  "amount": 31,
                  "operation": "addition",
                  "slot": "mainhand"
                }
              ]
            },
            {
              "function": "minecraft:set_nbt",
              "tag": "{HideFlags:2}"
            },
			{
              "function": "minecraft:set_lore",
              "lore": [
                {
                  "text": "  "
                },
                {
                  "text": "When in Main Hand:",
                  "color": "gray",
                  "italic": false
                },
                {
                  "text": " 32 Attack Damage",
                  "color": "dark_green",
                  "italic": false
                },
                {
                  "text": " 1.05 Attack Speed",
                  "color": "dark_green",
                  "italic": false
                }
              ]
            }
          ]
        },
        {
          "type": "minecraft:item",
          "name": "minecraft:golden_axe",
          "functions": [
            {
              "function": "minecraft:set_nbt",
              "tag": "{display:{Name:'{\"text\":\"Barbaric Axe\",\"color\":\"gold\",\"italic\":false}',Lore:['{\"text\":\" \"}','{\"text\":\"Ability:\",\"color\":\"green\",\"italic\":false}','{\"text\":\"When hitting an enemy there is a\",\"color\":\"gray\",\"italic\":false}','{\"text\":\"25% chance to create an explosion\",\"color\":\"gray\",\"italic\":false}','{\"text\":\"dealing AoE damage.\",\"color\":\"gray\",\"italic\":false}']},RepairCost:99999,Unbreakable:1b,weapon:barbaric_axe}"
            },
            {
              "function": "minecraft:set_enchantments",
              "enchantments": {
                "minecraft:sharpness": {
                  "min": 1,
                  "max": 10
                },
                "minecraft:bane_of_arthropods": {
                  "min": 1,
                  "max": 3
                },
                "minecraft:smite": {
                  "min": 1,
                  "max": 3
                },
                "minecraft:knockback": {
                  "min": 1,
                  "max": 2
                }
              }
            },
            {
              "function": "minecraft:set_attributes",
              "modifiers": [
                {
                  "attribute": "minecraft:generic.attack_speed",
                  "name": "minecraft:generic.attack_speed",
                  "amount": -4,
                  "operation": "addition",
                  "slot": "mainhand"
                },
                {
                  "attribute": "minecraft:generic.attack_speed",
                  "name": "minecraft:generic.attack_speed",
                  "amount": 1.05,
                  "operation": "addition",
                  "slot": "mainhand"
                },
                {
                  "attribute": "minecraft:generic.attack_damage",
                  "name": "minecraft:generic.attack_damage",
                  "amount": 33,
                  "operation": "addition",
                  "slot": "mainhand"
                }
              ]
            },
            {
              "function": "minecraft:set_nbt",
              "tag": "{HideFlags:2}"
            },
			{
              "function": "minecraft:set_lore",
              "lore": [
                {
                  "text": "  "
                },
                {
                  "text": "When in Main Hand:",
                  "color": "gray",
                  "italic": false
                },
                {
                  "text": " 34 Attack Damage",
                  "color": "dark_green",
                  "italic": false
                },
                {
                  "text": " 1.05 Attack Speed",
                  "color": "dark_green",
                  "italic": false
                }
              ]
            }
          ]
        },
        {
          "type": "minecraft:item",
          "name": "minecraft:golden_axe",
          "functions": [
            {
              "function": "minecraft:set_nbt",
              "tag": "{display:{Name:'{\"text\":\"Barbaric Axe\",\"color\":\"gold\",\"italic\":false}',Lore:['{\"text\":\" \"}','{\"text\":\"Ability:\",\"color\":\"green\",\"italic\":false}','{\"text\":\"When hitting an enemy there is a\",\"color\":\"gray\",\"italic\":false}','{\"text\":\"25% chance to create an explosion\",\"color\":\"gray\",\"italic\":false}','{\"text\":\"dealing AoE damage.\",\"color\":\"gray\",\"italic\":false}']},RepairCost:99999,Unbreakable:1b,weapon:barbaric_axe}"
            },
            {
              "function": "minecraft:set_enchantments",
              "enchantments": {
                "minecraft:sharpness": {
                  "min": 1,
                  "max": 10
                },
                "minecraft:bane_of_arthropods": {
                  "min": 1,
                  "max": 3
                },
                "minecraft:smite": {
                  "min": 1,
                  "max": 3
                },
                "minecraft:knockback": {
                  "min": 1,
                  "max": 2
                }
              }
            },
            {
              "function": "minecraft:set_attributes",
              "modifiers": [
                {
                  "attribute": "minecraft:generic.attack_speed",
                  "name": "minecraft:generic.attack_speed",
                  "amount": -4,
                  "operation": "addition",
                  "slot": "mainhand"
                },
                {
                  "attribute": "minecraft:generic.attack_speed",
                  "name": "minecraft:generic.attack_speed",
                  "amount": 1.05,
                  "operation": "addition",
                  "slot": "mainhand"
                },
                {
                  "attribute": "minecraft:generic.attack_damage",
                  "name": "minecraft:generic.attack_damage",
                  "amount": 35,
                  "operation": "addition",
                  "slot": "mainhand"
                }
              ]
            },
            {
              "function": "minecraft:set_nbt",
              "tag": "{HideFlags:2}"
            },
			{
              "function": "minecraft:set_lore",
              "lore": [
                {
                  "text": "  "
                },
                {
                  "text": "When in Main Hand:",
                  "color": "gray",
                  "italic": false
                },
                {
                  "text": " 36 Attack Damage",
                  "color": "dark_green",
                  "italic": false
                },
                {
                  "text": " 1.05 Attack Speed",
                  "color": "dark_green",
                  "italic": false
                }
              ]
            }
          ]
        },
        {
          "type": "minecraft:item",
          "name": "minecraft:golden_axe",
          "functions": [
            {
              "function": "minecraft:set_nbt",
              "tag": "{display:{Name:'{\"text\":\"Barbaric Axe\",\"color\":\"gold\",\"italic\":false}',Lore:['{\"text\":\" \"}','{\"text\":\"Ability:\",\"color\":\"green\",\"italic\":false}','{\"text\":\"When hitting an enemy there is a\",\"color\":\"gray\",\"italic\":false}','{\"text\":\"25% chance to create an explosion\",\"color\":\"gray\",\"italic\":false}','{\"text\":\"dealing AoE damage.\",\"color\":\"gray\",\"italic\":false}']},RepairCost:99999,Unbreakable:1b,weapon:barbaric_axe}"
            },
            {
              "function": "minecraft:set_enchantments",
              "enchantments": {
                "minecraft:sharpness": {
                  "min": 1,
                  "max": 10
                },
                "minecraft:bane_of_arthropods": {
                  "min": 1,
                  "max": 3
                },
                "minecraft:smite": {
                  "min": 1,
                  "max": 3
                },
                "minecraft:knockback": {
                  "min": 1,
                  "max": 2
                }
              }
            },
            {
              "function": "minecraft:set_attributes",
              "modifiers": [
                {
                  "attribute": "minecraft:generic.attack_speed",
                  "name": "minecraft:generic.attack_speed",
                  "amount": -4,
                  "operation": "addition",
                  "slot": "mainhand"
                },
                {
                  "attribute": "minecraft:generic.attack_speed",
                  "name": "minecraft:generic.attack_speed",
                  "amount": 1.05,
                  "operation": "addition",
                  "slot": "mainhand"
                },
                {
                  "attribute": "minecraft:generic.attack_damage",
                  "name": "minecraft:generic.attack_damage",
                  "amount": 37,
                  "operation": "addition",
                  "slot": "mainhand"
                }
              ]
            },
            {
              "function": "minecraft:set_nbt",
              "tag": "{HideFlags:2}"
            },
			{
              "function": "minecraft:set_lore",
              "lore": [
                {
                  "text": "  "
                },
                {
                  "text": "When in Main Hand:",
                  "color": "gray",
                  "italic": false
                },
                {
                  "text": " 38 Attack Damage",
                  "color": "dark_green",
                  "italic": false
                },
                {
                  "text": " 1.05 Attack Speed",
                  "color": "dark_green",
                  "italic": false
                }
              ]
            }
          ]
        },
        {
          "type": "minecraft:item",
          "name": "minecraft:golden_axe",
          "functions": [
            {
              "function": "minecraft:set_nbt",
              "tag": "{display:{Name:'{\"text\":\"Barbaric Axe\",\"color\":\"gold\",\"italic\":false}',Lore:['{\"text\":\" \"}','{\"text\":\"Ability:\",\"color\":\"green\",\"italic\":false}','{\"text\":\"When hitting an enemy there is a\",\"color\":\"gray\",\"italic\":false}','{\"text\":\"25% chance to create an explosion\",\"color\":\"gray\",\"italic\":false}','{\"text\":\"dealing AoE damage.\",\"color\":\"gray\",\"italic\":false}']},RepairCost:99999,Unbreakable:1b,weapon:barbaric_axe}"
            },
            {
              "function": "minecraft:set_enchantments",
              "enchantments": {
                "minecraft:sharpness": {
                  "min": 1,
                  "max": 10
                },
                "minecraft:bane_of_arthropods": {
                  "min": 1,
                  "max": 3
                },
                "minecraft:smite": {
                  "min": 1,
                  "max": 3
                },
                "minecraft:knockback": {
                  "min": 1,
                  "max": 2
                }
              }
            },
            {
              "function": "minecraft:set_attributes",
              "modifiers": [
                {
                  "attribute": "minecraft:generic.attack_speed",
                  "name": "minecraft:generic.attack_speed",
                  "amount": -4,
                  "operation": "addition",
                  "slot": "mainhand"
                },
                {
                  "attribute": "minecraft:generic.attack_speed",
                  "name": "minecraft:generic.attack_speed",
                  "amount": 1.2,
                  "operation": "addition",
                  "slot": "mainhand"
                },
                {
                  "attribute": "minecraft:generic.attack_damage",
                  "name": "minecraft:generic.attack_damage",
                  "amount": 29,
                  "operation": "addition",
                  "slot": "mainhand"
                }
              ]
            },
            {
              "function": "minecraft:set_nbt",
              "tag": "{HideFlags:2}"
            },
			{
              "function": "minecraft:set_lore",
              "lore": [
                {
                  "text": "  "
                },
                {
                  "text": "When in Main Hand:",
                  "color": "gray",
                  "italic": false
                },
                {
                  "text": " 30 Attack Damage",
                  "color": "dark_green",
                  "italic": false
                },
                {
                  "text": " 1.2 Attack Speed",
                  "color": "dark_green",
                  "italic": false
                }
              ]
            }
          ]
        },
        {
          "type": "minecraft:item",
          "name": "minecraft:golden_axe",
          "functions": [
            {
              "function": "minecraft:set_nbt",
              "tag": "{display:{Name:'{\"text\":\"Barbaric Axe\",\"color\":\"gold\",\"italic\":false}',Lore:['{\"text\":\" \"}','{\"text\":\"Ability:\",\"color\":\"green\",\"italic\":false}','{\"text\":\"When hitting an enemy there is a\",\"color\":\"gray\",\"italic\":false}','{\"text\":\"25% chance to create an explosion\",\"color\":\"gray\",\"italic\":false}','{\"text\":\"dealing AoE damage.\",\"color\":\"gray\",\"italic\":false}']},RepairCost:99999,Unbreakable:1b,weapon:barbaric_axe}"
            },
            {
              "function": "minecraft:set_enchantments",
              "enchantments": {
                "minecraft:sharpness": {
                  "min": 1,
                  "max": 10
                },
                "minecraft:bane_of_arthropods": {
                  "min": 1,
                  "max": 3
                },
                "minecraft:smite": {
                  "min": 1,
                  "max": 3
                },
                "minecraft:knockback": {
                  "min": 1,
                  "max": 2
                }
              }
            },
            {
              "function": "minecraft:set_attributes",
              "modifiers": [
                {
                  "attribute": "minecraft:generic.attack_speed",
                  "name": "minecraft:generic.attack_speed",
                  "amount": -4,
                  "operation": "addition",
                  "slot": "mainhand"
                },
                {
                  "attribute": "minecraft:generic.attack_speed",
                  "name": "minecraft:generic.attack_speed",
                  "amount": 1.2,
                  "operation": "addition",
                  "slot": "mainhand"
                },
                {
                  "attribute": "minecraft:generic.attack_damage",
                  "name": "minecraft:generic.attack_damage",
                  "amount": 31,
                  "operation": "addition",
                  "slot": "mainhand"
                }
              ]
            },
            {
              "function": "minecraft:set_nbt",
              "tag": "{HideFlags:2}"
            },
			{
              "function": "minecraft:set_lore",
              "lore": [
                {
                  "text": "  "
                },
                {
                  "text": "When in Main Hand:",
                  "color": "gray",
                  "italic": false
                },
                {
                  "text": " 32 Attack Damage",
                  "color": "dark_green",
                  "italic": false
                },
                {
                  "text": " 1.2 Attack Speed",
                  "color": "dark_green",
                  "italic": false
                }
              ]
            }
          ]
        },
        {
          "type": "minecraft:item",
          "name": "minecraft:golden_axe",
          "functions": [
            {
              "function": "minecraft:set_nbt",
              "tag": "{display:{Name:'{\"text\":\"Barbaric Axe\",\"color\":\"gold\",\"italic\":false}',Lore:['{\"text\":\" \"}','{\"text\":\"Ability:\",\"color\":\"green\",\"italic\":false}','{\"text\":\"When hitting an enemy there is a\",\"color\":\"gray\",\"italic\":false}','{\"text\":\"25% chance to create an explosion\",\"color\":\"gray\",\"italic\":false}','{\"text\":\"dealing AoE damage.\",\"color\":\"gray\",\"italic\":false}']},RepairCost:99999,Unbreakable:1b,weapon:barbaric_axe}"
            },
            {
              "function": "minecraft:set_enchantments",
              "enchantments": {
                "minecraft:sharpness": {
                  "min": 1,
                  "max": 10
                },
                "minecraft:bane_of_arthropods": {
                  "min": 1,
                  "max": 3
                },
                "minecraft:smite": {
                  "min": 1,
                  "max": 3
                },
                "minecraft:knockback": {
                  "min": 1,
                  "max": 2
                }
              }
            },
            {
              "function": "minecraft:set_attributes",
              "modifiers": [
                {
                  "attribute": "minecraft:generic.attack_speed",
                  "name": "minecraft:generic.attack_speed",
                  "amount": -4,
                  "operation": "addition",
                  "slot": "mainhand"
                },
                {
                  "attribute": "minecraft:generic.attack_speed",
                  "name": "minecraft:generic.attack_speed",
                  "amount": 1.2,
                  "operation": "addition",
                  "slot": "mainhand"
                },
                {
                  "attribute": "minecraft:generic.attack_damage",
                  "name": "minecraft:generic.attack_damage",
                  "amount": 33,
                  "operation": "addition",
                  "slot": "mainhand"
                }
              ]
            },
            {
              "function": "minecraft:set_nbt",
              "tag": "{HideFlags:2}"
            },
			{
              "function": "minecraft:set_lore",
              "lore": [
                {
                  "text": "  "
                },
                {
                  "text": "When in Main Hand:",
                  "color": "gray",
                  "italic": false
                },
                {
                  "text": " 34 Attack Damage",
                  "color": "dark_green",
                  "italic": false
                },
                {
                  "text": " 1.2 Attack Speed",
                  "color": "dark_green",
                  "italic": false
                }
              ]
            }
          ]
        },
        {
          "type": "minecraft:item",
          "name": "minecraft:golden_axe",
          "functions": [
            {
              "function": "minecraft:set_nbt",
              "tag": "{display:{Name:'{\"text\":\"Barbaric Axe\",\"color\":\"gold\",\"italic\":false}',Lore:['{\"text\":\" \"}','{\"text\":\"Ability:\",\"color\":\"green\",\"italic\":false}','{\"text\":\"When hitting an enemy there is a\",\"color\":\"gray\",\"italic\":false}','{\"text\":\"25% chance to create an explosion\",\"color\":\"gray\",\"italic\":false}','{\"text\":\"dealing AoE damage.\",\"color\":\"gray\",\"italic\":false}']},RepairCost:99999,Unbreakable:1b,weapon:barbaric_axe}"
            },
            {
              "function": "minecraft:set_enchantments",
              "enchantments": {
                "minecraft:sharpness": {
                  "min": 1,
                  "max": 10
                },
                "minecraft:bane_of_arthropods": {
                  "min": 1,
                  "max": 3
                },
                "minecraft:smite": {
                  "min": 1,
                  "max": 3
                },
                "minecraft:knockback": {
                  "min": 1,
                  "max": 2
                }
              }
            },
            {
              "function": "minecraft:set_attributes",
              "modifiers": [
                {
                  "attribute": "minecraft:generic.attack_speed",
                  "name": "minecraft:generic.attack_speed",
                  "amount": -4,
                  "operation": "addition",
                  "slot": "mainhand"
                },
                {
                  "attribute": "minecraft:generic.attack_speed",
                  "name": "minecraft:generic.attack_speed",
                  "amount": 1.2,
                  "operation": "addition",
                  "slot": "mainhand"
                },
                {
                  "attribute": "minecraft:generic.attack_damage",
                  "name": "minecraft:generic.attack_damage",
                  "amount": 35,
                  "operation": "addition",
                  "slot": "mainhand"
                }
              ]
            },
            {
              "function": "minecraft:set_nbt",
              "tag": "{HideFlags:2}"
            },
			{
              "function": "minecraft:set_lore",
              "lore": [
                {
                  "text": "  "
                },
                {
                  "text": "When in Main Hand:",
                  "color": "gray",
                  "italic": false
                },
                {
                  "text": " 36 Attack Damage",
                  "color": "dark_green",
                  "italic": false
                },
                {
                  "text": " 1.2 Attack Speed",
                  "color": "dark_green",
                  "italic": false
                }
              ]
            }
          ]
        },
        {
          "type": "minecraft:item",
          "name": "minecraft:golden_axe",
          "functions": [
            {
              "function": "minecraft:set_nbt",
              "tag": "{display:{Name:'{\"text\":\"Barbaric Axe\",\"color\":\"gold\",\"italic\":false}',Lore:['{\"text\":\" \"}','{\"text\":\"Ability:\",\"color\":\"green\",\"italic\":false}','{\"text\":\"When hitting an enemy there is a\",\"color\":\"gray\",\"italic\":false}','{\"text\":\"25% chance to create an explosion\",\"color\":\"gray\",\"italic\":false}','{\"text\":\"dealing AoE damage.\",\"color\":\"gray\",\"italic\":false}']},RepairCost:99999,Unbreakable:1b,weapon:barbaric_axe}"
            },
            {
              "function": "minecraft:set_enchantments",
              "enchantments": {
                "minecraft:sharpness": {
                  "min": 1,
                  "max": 10
                },
                "minecraft:bane_of_arthropods": {
                  "min": 1,
                  "max": 3
                },
                "minecraft:smite": {
                  "min": 1,
                  "max": 3
                },
                "minecraft:knockback": {
                  "min": 1,
                  "max": 2
                }
              }
            },
            {
              "function": "minecraft:set_attributes",
              "modifiers": [
                {
                  "attribute": "minecraft:generic.attack_speed",
                  "name": "minecraft:generic.attack_speed",
                  "amount": -4,
                  "operation": "addition",
                  "slot": "mainhand"
                },
                {
                  "attribute": "minecraft:generic.attack_speed",
                  "name": "minecraft:generic.attack_speed",
                  "amount": 1.2,
                  "operation": "addition",
                  "slot": "mainhand"
                },
                {
                  "attribute": "minecraft:generic.attack_damage",
                  "name": "minecraft:generic.attack_damage",
                  "amount": 37,
                  "operation": "addition",
                  "slot": "mainhand"
                }
              ]
            },
            {
              "function": "minecraft:set_nbt",
              "tag": "{HideFlags:2}"
            },
			{
              "function": "minecraft:set_lore",
              "lore": [
                {
                  "text": "  "
                },
                {
                  "text": "When in Main Hand:",
                  "color": "gray",
                  "italic": false
                },
                {
                  "text": " 38 Attack Damage",
                  "color": "dark_green",
                  "italic": false
                },
                {
                  "text": " 1.2 Attack Speed",
                  "color": "dark_green",
                  "italic": false
                }
              ]
            }
          ]
        },
        {
          "type": "minecraft:item",
          "name": "minecraft:golden_axe",
          "functions": [
            {
              "function": "minecraft:set_nbt",
              "tag": "{display:{Name:'{\"text\":\"Barbaric Axe\",\"color\":\"gold\",\"italic\":false}',Lore:['{\"text\":\" \"}','{\"text\":\"Ability:\",\"color\":\"green\",\"italic\":false}','{\"text\":\"When hitting an enemy there is a\",\"color\":\"gray\",\"italic\":false}','{\"text\":\"25% chance to create an explosion\",\"color\":\"gray\",\"italic\":false}','{\"text\":\"dealing AoE damage.\",\"color\":\"gray\",\"italic\":false}']},RepairCost:99999,Unbreakable:1b,weapon:barbaric_axe}"
            },
            {
              "function": "minecraft:set_enchantments",
              "enchantments": {
                "minecraft:sharpness": {
                  "min": 1,
                  "max": 10
                },
                "minecraft:bane_of_arthropods": {
                  "min": 1,
                  "max": 3
                },
                "minecraft:smite": {
                  "min": 1,
                  "max": 3
                },
                "minecraft:knockback": {
                  "min": 1,
                  "max": 2
                }
              }
            },
            {
              "function": "minecraft:set_attributes",
              "modifiers": [
                {
                  "attribute": "minecraft:generic.attack_speed",
                  "name": "minecraft:generic.attack_speed",
                  "amount": -4,
                  "operation": "addition",
                  "slot": "mainhand"
                },
                {
                  "attribute": "minecraft:generic.attack_speed",
                  "name": "minecraft:generic.attack_speed",
                  "amount": 0.9,
                  "operation": "addition",
                  "slot": "mainhand"
                },
                {
                  "attribute": "minecraft:generic.attack_damage",
                  "name": "minecraft:generic.attack_damage",
                  "amount": 31,
                  "operation": "addition",
                  "slot": "mainhand"
                }
              ]
            },
            {
              "function": "minecraft:set_nbt",
              "tag": "{HideFlags:2}"
            },
			{
              "function": "minecraft:set_lore",
              "lore": [
                {
                  "text": "  "
                },
                {
                  "text": "When in Main Hand:",
                  "color": "gray",
                  "italic": false
                },
                {
                  "text": " 32 Attack Damage",
                  "color": "dark_green",
                  "italic": false
                },
                {
                  "text": " 0.9 Attack Speed",
                  "color": "dark_green",
                  "italic": false
                }
              ]
            }
          ]
        },
        {
          "type": "minecraft:item",
          "name": "minecraft:golden_axe",
          "functions": [
            {
              "function": "minecraft:set_nbt",
              "tag": "{display:{Name:'{\"text\":\"Barbaric Axe\",\"color\":\"gold\",\"italic\":false}',Lore:['{\"text\":\" \"}','{\"text\":\"Ability:\",\"color\":\"green\",\"italic\":false}','{\"text\":\"When hitting an enemy there is a\",\"color\":\"gray\",\"italic\":false}','{\"text\":\"25% chance to create an explosion\",\"color\":\"gray\",\"italic\":false}','{\"text\":\"dealing AoE damage.\",\"color\":\"gray\",\"italic\":false}']},RepairCost:99999,Unbreakable:1b,weapon:barbaric_axe}"
            },
            {
              "function": "minecraft:set_enchantments",
              "enchantments": {
                "minecraft:sharpness": {
                  "min": 1,
                  "max": 10
                },
                "minecraft:bane_of_arthropods": {
                  "min": 1,
                  "max": 3
                },
                "minecraft:smite": {
                  "min": 1,
                  "max": 3
                },
                "minecraft:knockback": {
                  "min": 1,
                  "max": 2
                }
              }
            },
            {
              "function": "minecraft:set_attributes",
              "modifiers": [
                {
                  "attribute": "minecraft:generic.attack_speed",
                  "name": "minecraft:generic.attack_speed",
                  "amount": -4,
                  "operation": "addition",
                  "slot": "mainhand"
                },
                {
                  "attribute": "minecraft:generic.attack_speed",
                  "name": "minecraft:generic.attack_speed",
                  "amount": 0.9,
                  "operation": "addition",
                  "slot": "mainhand"
                },
                {
                  "attribute": "minecraft:generic.attack_damage",
                  "name": "minecraft:generic.attack_damage",
                  "amount": 33,
                  "operation": "addition",
                  "slot": "mainhand"
                }
              ]
            },
            {
              "function": "minecraft:set_nbt",
              "tag": "{HideFlags:2}"
            },
			{
              "function": "minecraft:set_lore",
              "lore": [
                {
                  "text": "  "
                },
                {
                  "text": "When in Main Hand:",
                  "color": "gray",
                  "italic": false
                },
                {
                  "text": " 34 Attack Damage",
                  "color": "dark_green",
                  "italic": false
                },
                {
                  "text": " 0.9 Attack Speed",
                  "color": "dark_green",
                  "italic": false
                }
              ]
            }
          ]
        },
        {
          "type": "minecraft:item",
          "name": "minecraft:golden_axe",
          "functions": [
            {
              "function": "minecraft:set_nbt",
              "tag": "{display:{Name:'{\"text\":\"Barbaric Axe\",\"color\":\"gold\",\"italic\":false}',Lore:['{\"text\":\" \"}','{\"text\":\"Ability:\",\"color\":\"green\",\"italic\":false}','{\"text\":\"When hitting an enemy there is a\",\"color\":\"gray\",\"italic\":false}','{\"text\":\"25% chance to create an explosion\",\"color\":\"gray\",\"italic\":false}','{\"text\":\"dealing AoE damage.\",\"color\":\"gray\",\"italic\":false}']},RepairCost:99999,Unbreakable:1b,weapon:barbaric_axe}"
            },
            {
              "function": "minecraft:set_enchantments",
              "enchantments": {
                "minecraft:sharpness": {
                  "min": 1,
                  "max": 10
                },
                "minecraft:bane_of_arthropods": {
                  "min": 1,
                  "max": 3
                },
                "minecraft:smite": {
                  "min": 1,
                  "max": 3
                },
                "minecraft:knockback": {
                  "min": 1,
                  "max": 2
                }
              }
            },
            {
              "function": "minecraft:set_attributes",
              "modifiers": [
                {
                  "attribute": "minecraft:generic.attack_speed",
                  "name": "minecraft:generic.attack_speed",
                  "amount": -4,
                  "operation": "addition",
                  "slot": "mainhand"
                },
                {
                  "attribute": "minecraft:generic.attack_speed",
                  "name": "minecraft:generic.attack_speed",
                  "amount": 0.9,
                  "operation": "addition",
                  "slot": "mainhand"
                },
                {
                  "attribute": "minecraft:generic.attack_damage",
                  "name": "minecraft:generic.attack_damage",
                  "amount": 35,
                  "operation": "addition",
                  "slot": "mainhand"
                }
              ]
            },
            {
              "function": "minecraft:set_nbt",
              "tag": "{HideFlags:2}"
            },
			{
              "function": "minecraft:set_lore",
              "lore": [
                {
                  "text": "  "
                },
                {
                  "text": "When in Main Hand:",
                  "color": "gray",
                  "italic": false
                },
                {
                  "text": " 36 Attack Damage",
                  "color": "dark_green",
                  "italic": false
                },
                {
                  "text": " 0.9 Attack Speed",
                  "color": "dark_green",
                  "italic": false
                }
              ]
            }
          ]
        },
        {
          "type": "minecraft:item",
          "name": "minecraft:golden_axe",
          "functions": [
            {
              "function": "minecraft:set_nbt",
              "tag": "{display:{Name:'{\"text\":\"Barbaric Axe\",\"color\":\"gold\",\"italic\":false}',Lore:['{\"text\":\" \"}','{\"text\":\"Ability:\",\"color\":\"green\",\"italic\":false}','{\"text\":\"When hitting an enemy there is a\",\"color\":\"gray\",\"italic\":false}','{\"text\":\"25% chance to create an explosion\",\"color\":\"gray\",\"italic\":false}','{\"text\":\"dealing AoE damage.\",\"color\":\"gray\",\"italic\":false}']},RepairCost:99999,Unbreakable:1b,weapon:barbaric_axe}"
            },
            {
              "function": "minecraft:set_enchantments",
              "enchantments": {
                "minecraft:sharpness": {
                  "min": 1,
                  "max": 10
                },
                "minecraft:bane_of_arthropods": {
                  "min": 1,
                  "max": 3
                },
                "minecraft:smite": {
                  "min": 1,
                  "max": 3
                },
                "minecraft:knockback": {
                  "min": 1,
                  "max": 2
                }
              }
            },
            {
              "function": "minecraft:set_attributes",
              "modifiers": [
                {
                  "attribute": "minecraft:generic.attack_speed",
                  "name": "minecraft:generic.attack_speed",
                  "amount": -4,
                  "operation": "addition",
                  "slot": "mainhand"
                },
                {
                  "attribute": "minecraft:generic.attack_speed",
                  "name": "minecraft:generic.attack_speed",
                  "amount": 0.9,
                  "operation": "addition",
                  "slot": "mainhand"
                },
                {
                  "attribute": "minecraft:generic.attack_damage",
                  "name": "minecraft:generic.attack_damage",
                  "amount": 37,
                  "operation": "addition",
                  "slot": "mainhand"
                }
              ]
            },
            {
              "function": "minecraft:set_nbt",
              "tag": "{HideFlags:2}"
            },
			{
              "function": "minecraft:set_lore",
              "lore": [
                {
                  "text": "  "
                },
                {
                  "text": "When in Main Hand:",
                  "color": "gray",
                  "italic": false
                },
                {
                  "text": " 38 Attack Damage",
                  "color": "dark_green",
                  "italic": false
                },
                {
                  "text": " 0.9 Attack Speed",
                  "color": "dark_green",
                  "italic": false
                }
              ]
            }
          ]
        }
      ]
    }
  ]
}