{
  "pools": [
    {
      "rolls": 8,
      "bonus_rolls": {
        "min": 1,
        "max": 6
      },
      "entries": [
        {
          "type": "item",
          "weight": 3,
          "name": "minecraft:potion",
          "functions": [
            {
              "function": "set_count",
              "count": 1
            },
            {
              "function": "set_nbt",
              "tag": "{display:{Name:'{\"text\":\"Level IV Raid Potion\",\"color\":\"light_purple\",\"italic\":false}',Lore:['{\"text\":\"Drink in a Village\",\"color\":\"gray\",\"italic\":false}']},CustomPotionEffects:[{Id:31b,Amplifier:3b,Duration:20,ShowParticles:1b}],CustomPotionColor:7565403}"
            },
            {
              "function": "set_nbt",
              "tag": "{item:raid}"
            }
          ],
          "conditions": [
            {
              "condition": "minecraft:random_chance",
              "chance": 0.4
            }
          ]
        },
        {
          "type": "item",
          "weight": 3,
          "name": "minecraft:potion",
          "functions": [
            {
              "function": "set_count",
              "count": 1
            },
            {
              "function": "set_nbt",
              "tag": "{display:{Name:'{\"text\":\"Level III Raid Potion\",\"color\":\"light_purple\",\"italic\":false}',Lore:['{\"text\":\"Drink in a Village\",\"color\":\"gray\",\"italic\":false}']},CustomPotionEffects:[{Id:31b,Amplifier:2b,Duration:20,ShowParticles:1b}],CustomPotionColor:7565403}"
            },
            {
              "function": "set_nbt",
              "tag": "{item:raid}"
            }
          ],
          "conditions": [
            {
              "condition": "minecraft:random_chance",
              "chance": 0.75
            }
          ]
        },
        {
          "type": "minecraft:item",
          "name": "minecraft:gold_block",
          "weight": 2,
          "functions": [
            {
              "function": "minecraft:set_count",
              "count": {
                "min": 2,
                "max": 4
              }
            }
          ]
        },
        {
          "type": "minecraft:item",
          "name": "minecraft:ender_pearl",
          "weight": 3,
          "functions": [
            {
              "function": "minecraft:set_count",
              "count": {
                "min": 3,
                "max": 6
              }
            }
          ]
        },
        {
          "type": "minecraft:item",
          "name": "minecraft:iron_block",
          "weight": 2,
          "functions": [
            {
              "function": "minecraft:set_count",
              "count": {
                "min": 2,
                "max": 4
              }
            }
          ]
        },
        {
          "type": "minecraft:item",
          "name": "minecraft:golden_carrot",
          "weight": 3,
          "functions": [
            {
              "function": "minecraft:set_count",
              "count": {
                "min": 4,
                "max": 8
              }
            }
          ]
        },
        {
          "type": "minecraft:item",
          "name": "minecraft:emerald_block",
          "weight": 3,
          "functions": [
            {
              "function": "minecraft:set_count",
              "count": {
                "min": 7,
                "max": 14
              }
            }
          ]
		},
        {
          "type": "item",
          "weight": 1,
          "name": "minecraft:totem_of_undying",
          "functions": [
            {
              "function": "set_count",
              "count": 1
            }
          ]
        }
	  ]
    }
  ]
}