[
  {
    "condition": "minecraft:alternative",
    "terms": [
    {
      "condition": "minecraft:location_check",
      "predicate": {
        "biome": "minecraft:jagged_peaks"
      }
    },
    {
      "condition": "minecraft:location_check",
      "predicate": {
        "biome": "minecraft:frozen_peaks"
      }
    },
    {
      "condition": "minecraft:location_check",
      "predicate": {
        "biome": "minecraft:stony_peaks"
      }
    },
    {
      "condition": "minecraft:location_check",
      "predicate": {
        "biome": "minecraft:grove"
      }
    },
    {
      "condition": "minecraft:location_check",
      "predicate": {
        "biome": "minecraft:snowy_slopes"
        }
      }
    ]
  }
]