[
  {
    "condition": "minecraft:alternative",
    "terms": [
    {
      "condition": "minecraft:location_check",
      "predicate": {
        "biome": "minecraft:windswept_gravelly_hills"
      }
    },
    {
      "condition": "minecraft:location_check",
      "predicate": {
        "biome": "minecraft:windswept_hills"
      }
    },
    {
      "condition": "minecraft:location_check",
      "predicate": {
        "biome": "minecraft:windswept_forest"
        }
      }
    ]
  }
]