[
  {
    "condition": "minecraft:alternative",
    "terms": [
    {
      "condition": "minecraft:location_check",
      "predicate": {
        "biome": "minecraft:snowy_beach"
      }
    },
    {
      "condition": "minecraft:location_check",
      "predicate": {
        "biome": "minecraft:snowy_slopes"
      }
    },
    {
      "condition": "minecraft:location_check",
      "predicate": {
        "biome": "minecraft:grove"
      }
    },
    {
      "condition": "minecraft:location_check",
      "predicate": {
        "biome": "minecraft:snowy_plains"
      }
    },
    {
      "condition": "minecraft:location_check",
      "predicate": {
      "biome": "minecraft:ice_spikes"
      }
    },
    {
      "condition": "minecraft:location_check",
      "predicate": {
      "biome": "minecraft:frozen_river"
        }
      }
    ]
  }
]