[
  {
    "condition": "minecraft:alternative",
    "terms": [
    {
      "condition": "minecraft:location_check",
      "predicate": {
        "biome": "minecraft:jagged_peaks"
      }
    },
    {
      "condition": "minecraft:location_check",
      "predicate": {
        "biome": "minecraft:frozen_peaks"
      }
    },
    {
      "condition": "minecraft:location_check",
      "predicate": {
        "biome": "minecraft:stony_peaks"
      }
    },
    {
      "condition": "minecraft:location_check",
      "predicate": {
        "biome": "terralith:blooming_plateau"
      }
    },
    {
      "condition": "minecraft:location_check",
      "predicate": {
        "biome": "terralith:stony_spires"
      }
    },
    {
      "condition": "minecraft:location_check",
      "predicate": {
        "biome": "terralith:volcanic_peaks"
      }
    },
    {
      "condition": "minecraft:location_check",
      "predicate": {
        "biome": "terralith:volcanic_crater"
      }
    },
    {
      "condition": "minecraft:location_check",
      "predicate": {
        "biome": "terralith:scarlet_mountains"
      }
    },
    {
      "condition": "minecraft:location_check",
      "predicate": {
        "biome": "terralith:rocky_mountains"
      }
    },
    {
      "condition": "minecraft:location_check",
      "predicate": {
        "biome": "terralith:caldera"
      }
    },
    {
      "condition": "minecraft:location_check",
      "predicate": {
        "biome": "terralith:emerald_peaks"
      }
    },
    {
      "condition": "minecraft:location_check",
      "predicate": {
        "biome": "terralith:painted_mountains"
      }
    },
    {
      "condition": "minecraft:location_check",
      "predicate": {
        "biome": "terralith:alpine_grove"
        }
      }
    ]
  }
]