{
  "pools": [
    {
      "rolls": 8,
      "bonus_rolls": {
        "min": 1,
        "max": 6
      },
      "entries": [
        {
          "type": "minecraft:item",
          "name": "minecraft:wither_rose",
          "weight": 3,
          "functions": [
            {
              "function": "minecraft:set_count",
              "count": {
                "min": 4,
                "max": 8
              }
            }
          ]
        },
        {
          "type": "minecraft:item",
          "name": "minecraft:chorus_flower",
          "weight": 3,
          "functions": [
            {
              "function": "minecraft:set_count",
              "count": {
                "min": 3,
                "max": 6
              }
            }
          ]
        },
        {
          "type": "item",
          "weight": 3,
          "name": "minecraft:pumpkin_pie",
          "functions": [
            {
              "function": "minecraft:set_count",
              "count": {
                "min": 4,
                "max": 8
              }
            },
            {
              "function": "set_nbt",
              "tag": "{display:{Name:'{\"text\":\"Flower Pie\",\"color\":\"aqua\",\"italic\":false}'},food:flowerpie,Enchantments:[{}]}"
            }
          ]
        },
        {
          "type": "minecraft:item",
          "name": "minecraft:experience_bottle",
          "weight": 3,
          "functions": [
            {
              "function": "minecraft:set_count",
              "count": {
                "min": 16,
                "max": 32
              }
            }
          ]
        },
        {
          "type": "minecraft:item",
          "name": "minecraft:chorus_fruit",
          "weight": 3,
          "functions": [
            {
              "function": "minecraft:set_count",
              "count": {
                "min": 4,
                "max": 8
              }
            }
          ]
        },
        {
          "type": "minecraft:item",
          "name": "minecraft:golden_apple",
          "weight": 3,
          "functions": [
            {
              "function": "minecraft:set_count",
              "count": {
                "min": 4,
                "max": 8
              }
            }
          ]
        },
        {
          "type": "minecraft:item",
          "name": "minecraft:iron_axe",
          "weight": 1,
          "functions": [
            {
              "function": "minecraft:set_attributes",
              "modifiers": [
                {
                  "attribute": "minecraft:generic.attack_speed",
                  "name": "minecraft:generic.attack_speed",
                  "amount": {
                    "min": 1,
                    "max": 1
                  },
                  "operation": "addition",
                  "slot": "mainhand"
                },
                {
                  "attribute": "minecraft:generic.attack_speed",
                  "name": "minecraft:generic.attack_speed",
                  "amount": -4,
                  "operation": "addition",
                  "slot": "mainhand"
                },
                {
                  "attribute": "minecraft:generic.attack_damage",
                  "name": "minecraft:generic.attack_damage",
                  "amount": {
                    "min": 15,
                    "max": 15
                  },
                  "operation": "addition",
                  "slot": "mainhand"
                }
              ]
            },
            {
              "function": "minecraft:set_nbt",
              "tag": "{HideFlags:2}"
            },
            {
              "function": "set_name",
              "name": [
                {
                  "text": "Refined Iron Axe",
                  "color": "aqua",
                  "italic": "false"
                }
              ]
            },
			{
              "function": "minecraft:set_lore",
              "lore": [
                {
                  "text": "  "
                },
                {
                  "text": "When in Main Hand:",
                  "color": "gray",
                  "italic": false
                },
                {
                  "text": " 16 Attack Damage",
                  "color": "dark_green",
                  "italic": false
                },
                {
                  "text": " 1 Attack Speed",
                  "color": "dark_green",
                  "italic": false
                }
              ]
            },
            {
              "function": "minecraft:enchant_with_levels",
              "levels": 50,
              "treasure": true
            }
          ]
        },
        {
          "type": "minecraft:item",
          "name": "minecraft:iron_shovel",
          "weight": 1,
          "functions": [
            {
              "function": "minecraft:set_attributes",
              "modifiers": [
                {
                  "attribute": "minecraft:generic.attack_speed",
                  "name": "minecraft:generic.attack_speed",
                  "amount": {
                    "min": 1.2,
                    "max": 1.2
                  },
                  "operation": "addition",
                  "slot": "mainhand"
                },
                {
                  "attribute": "minecraft:generic.attack_speed",
                  "name": "minecraft:generic.attack_speed",
                  "amount": -4,
                  "operation": "addition",
                  "slot": "mainhand"
                },
                {
                  "attribute": "minecraft:generic.attack_damage",
                  "name": "minecraft:generic.attack_damage",
                  "amount": {
                    "min": 11,
                    "max": 11
                  },
                  "operation": "addition",
                  "slot": "mainhand"
                }
              ]
            },
            {
              "function": "minecraft:set_nbt",
              "tag": "{HideFlags:2}"
            },
            {
              "function": "set_name",
              "name": [
                {
                  "text": "Refined Iron Shovel",
                  "color": "aqua",
                  "italic": "false"
                }
              ]
            },
			{
              "function": "minecraft:set_lore",
              "lore": [
                {
                  "text": "  "
                },
                {
                  "text": "When in Main Hand:",
                  "color": "gray",
                  "italic": false
                },
                {
                  "text": " 12 Attack Damage",
                  "color": "dark_green",
                  "italic": false
                },
                {
                  "text": " 1.2 Attack Speed",
                  "color": "dark_green",
                  "italic": false
                }
              ]
            },
            {
              "function": "minecraft:enchant_with_levels",
              "levels": 50,
              "treasure": true
            }
          ]
        },
        {
          "type": "minecraft:item",
          "name": "minecraft:iron_hoe",
          "weight": 1,
          "functions": [
            {
              "function": "minecraft:set_attributes",
              "modifiers": [
                {
                  "attribute": "minecraft:generic.attack_damage",
                  "name": "minecraft:generic.attack_damage",
                  "amount": {
                    "min": 9,
                    "max": 9
                  },
                  "operation": "addition",
                  "slot": "mainhand"
                }
              ]
            },
            {
              "function": "minecraft:set_nbt",
              "tag": "{HideFlags:2}"
            },
            {
              "function": "set_name",
              "name": [
                {
                  "text": "Refined Iron Hoe",
                  "color": "aqua",
                  "italic": "false"
                }
              ]
            },
			{
              "function": "minecraft:set_lore",
              "lore": [
                {
                  "text": "  "
                },
                {
                  "text": "When in Main Hand:",
                  "color": "gray",
                  "italic": false
                },
                {
                  "text": " 10 Attack Damage",
                  "color": "dark_green",
                  "italic": false
                },
                {
                  "text": " 4 Attack Speed",
                  "color": "dark_green",
                  "italic": false
                }
              ]
            },
            {
              "function": "minecraft:enchant_with_levels",
              "levels": 50,
              "treasure": true
            }
          ]
        },
        {
          "type": "minecraft:item",
          "name": "minecraft:book",
          "weight": 3,
          "functions": [
            {
              "function": "minecraft:enchant_with_levels",
              "levels": 50,
              "treasure": true
            }
          ]
        }
	  ]
    }
  ]
}