{
  "display": {
    "icon": {
      "item": "minecraft:golden_carrot"
    },
    "title": "Talking Donkey",
    "description": "Find your first Epic Savanna Treasure!",
    "frame": "goal",
    "show_toast": true,
    "announce_to_chat": true,
    "hidden": false
  },
  "parent": "mt:treasure_advancements/first_rare_savanna_treasure",
  "criteria": {
    "obtainchest": {
      "trigger": "minecraft:player_generates_container_loot",
      "conditions": {
        "loot_table": "minecraft:chests/savanna_treasure/savanna_epic_treasure"
      }
	}
  }
}