{
  "display": {
    "icon": {
      "item": "minecraft:lily_pad"
    },
    "title": "Eww, My Hands Are Slimy!",
    "description": "Find your first Common Swamp Treasure!",
    "frame": "task",
    "show_toast": true,
    "announce_to_chat": true,
    "hidden": false
  },
  "parent": "mt:treasure_advancements/first_common_treasure",
  "criteria": {
    "obtainchest": {
      "trigger": "minecraft:player_generates_container_loot",
      "conditions": {
        "loot_table": "minecraft:chests/swamp_treasure/swamp_common_treasure"
      }
	}
  }
}