{
  "display": {
    "icon": {
      "item": "minecraft:suspicious_stew"
    },
    "title": "Is This Real Or Am I High?",
    "description": "Find your first Legendary Mushroom Treasure!",
    "frame": "challenge",
    "show_toast": true,
    "announce_to_chat": true,
    "hidden": false
  },
  "parent": "mt:treasure_advancements/first_epic_mushroom_treasure",
  "criteria": {
    "obtainchest": {
      "trigger": "minecraft:player_generates_container_loot",
      "conditions": {
        "loot_table": "minecraft:chests/mushroom_treasure/mushroom_legendary_treasure"
      }
	}
  }
}