{
  "pools": [
    {
      "rolls": 8,
      "bonus_rolls": {
        "min": 1,
        "max": 6
      },
      "entries": [
        {
          "type": "minecraft:item",
          "weight": 2,
          "name": "minecraft:netherite_scrap",
          "functions": [
            {
              "function": "minecraft:set_count",
              "count": {
                "min": 1,
                "max": 2
              }
            }
          ]
        },
        {
          "type": "minecraft:item",
          "weight": 2,
          "name": "minecraft:goat_horn",
          "functions": [
            {
              "function": "minecraft:set_nbt",
              "tag": "{instrument:\"minecraft:call_goat_horn\",weapon:tp}"
            },
            {
              "function": "minecraft:set_name",
              "name": [
                {
                  "text": "Overworld Horn",
                  "color": "aqua",
                  "italic": "false"
                }
              ]
            },
			{
              "function": "minecraft:set_lore",
              "lore": [
                {
                  "text": "  "
                },
                {
                  "text": "Calls upon the realms of the overworld ",
                  "color": "gray",
                  "italic": false
                },
                {
                  "text": "teleporting you back to the overworld. ",
                  "color": "gray",
                  "italic": false
                },
                {
                  "text": "Use with caution. ",
                  "color": "gray",
                  "italic": false
                }
              ]
            }
          ],
          "conditions": [
            {
              "condition": "minecraft:random_chance",
              "chance": 0.75
            }
          ]
		},
        {
          "type": "minecraft:item",
          "name": "minecraft:chorus_fruit",
          "functions": [
            {
              "function": "minecraft:set_nbt",
              "tag": "{display:{Name:'{\"text\":\"Enchanted Chorus Fruit\",\"color\":\"light_purple\",\"italic\":false}'},food:enchanted_chorus_fruit,Enchantments:[{}]}"
            },
		    {
              "function": "minecraft:set_count",
              "count": {
                "min": 1,
                "max": 1
              }
            }
          ],
          "conditions": [
            {
              "condition": "minecraft:random_chance",
              "chance": 0.5
            }
          ]
        },
        {
          "type": "minecraft:item",
          "name": "minecraft:shulker_shell",
          "weight": 3,
          "functions": [
            {
              "function": "minecraft:set_count",
              "count": {
                "min": 10,
                "max": 20
              }
            }
          ]
        },
        {
          "type": "minecraft:item",
          "name": "minecraft:enchanted_golden_apple",
          "weight": 2,
          "functions": [
            {
              "function": "minecraft:set_count",
              "count": {
                "min": 1,
                "max": 2
              }
            }
          ]
        },
        {
          "type": "minecraft:item",
          "name": "minecraft:ender_pearl",
          "weight": 3,
          "functions": [
            {
              "function": "minecraft:set_count",
              "count": {
                "min": 8,
                "max": 16
              }
            }
          ]
        },
        {
          "type": "minecraft:item",
          "name": "minecraft:ender_chest",
          "weight": 3,
          "functions": [
            {
              "function": "minecraft:set_count",
              "count": {
                "min": 1,
                "max": 2
              }
            }
          ]
		},
        {
          "type": "minecraft:item",
          "name": "minecraft:elytra",
          "weight": 2,
          "functions": [
            {
              "function": "minecraft:set_enchantments",
              "enchantments": {
                "minecraft:mending": {
                  "min": 0,
                  "max": 1
                },
                "minecraft:unbreaking": {
                  "min": 3,
                  "max": 7
                }
              }
            }
          ],
          "conditions": [
            {
              "condition": "minecraft:random_chance",
              "chance": 0.4
            }
          ]
		},
        {
          "type": "minecraft:item",
          "name": "minecraft:firework_rocket",
          "weight": 3,
          "functions": [
            {
              "function": "minecraft:set_count",
              "count": {
                "min": 10,
                "max": 20
              }
            },
            {
              "function": "set_nbt",
              "tag": "{display:{Name:'{\"text\":\"Flight Rocket\",\"color\":\"aqua\",\"italic\":false}'},Fireworks:{Flight:5b}}"
            },
            {
              "function": "minecraft:set_nbt",
              "tag": "{item:flight}"
            }
          ]
        }
	  ]
    }
  ]
}