{
  "display": {
    "icon": {
      "item": "minecraft:raw_gold"
    },
    "title": "Golden Haven",
    "description": "Eeat gold food while wearing the Savanna Helmet",
    "frame": "challenge",
    "show_toast": true,
    "announce_to_chat": true,
    "hidden": true
  },
  "parent": "mt:treasure_advancements/first_legendary_savanna_treasure",
  "criteria": {
    "requirement": {
      "trigger": "minecraft:consume_item",
      "conditions": {
        "player": [
          {
            "condition": "minecraft:entity_properties",
            "entity": "this",
            "predicate": {
              "equipment": {
                "head": {
                  "nbt": "{armor:savanna_helmet}"
                }
              }
            }
          }
        ],
        "item": {
          "tag": "mt:gold_edibles"
        }
      }
    }
  }
}