{
  "type": "minecraft:chest",
  "pools": [
    {
      "rolls": {
        "min": 8.0,
        "max": 12.0
      },
      "bonus_rolls": {
        "min": 1,
        "max": 6
      },
      "entries": [
        {
          "type": "minecraft:item",
          "name": "minecraft:end_stone",
          "weight": 2,
          "functions": [
            {
              "function": "minecraft:set_count",
              "count": {
                "min": 4,
                "max": 8
              }
            }
          ]
        },
        {
          "type": "minecraft:item",
          "name": "minecraft:golden_apple",
          "weight": 2,
          "functions": [
            {
              "function": "minecraft:set_count",
              "count": {
                "min": 4,
                "max": 8
              }
            }
          ]
        },
        {
          "type": "item",
          "weight": 2,
          "name": "minecraft:bee_nest",
          "functions": [
            {
              "function": "minecraft:set_count",
              "count": {
                "min": 4,
                "max": 8
              }
            },
            {
              "function": "set_nbt",
              "tag": "{HideFlags:127,BlockEntityTag:{Bees:[{EntityData:{id:\"minecraft:bee\"}},{EntityData:{id:\"minecraft:bee\"}},{EntityData:{id:\"minecraft:bee\"}}]}}"
            },
            {
              "function": "set_name",
              "name": [
                {
                  "text": "Three Bee Nest",
                  "color": "aqua",
                  "italic": "false"
                }
			  ]
            }
          ]
        },
        {
          "type": "minecraft:item",
          "weight": 1,
          "name": "minecraft:shears",
          "functions": [
            {
              "function": "minecraft:set_name"
            },
            {
              "function": "minecraft:set_enchantments",
              "enchantments": {
                "minecraft:unbreaking": {
                  "min": 0,
                  "max": 10
                },
                "minecraft:efficiency": {
                  "min": 0,
                  "max": 10
                },
                "minecraft:mending": {
                  "min": 0,
                  "max": 1
                }
			  }
            }
          ]
        },
        {
          "type": "minecraft:item",
          "name": "minecraft:experience_bottle",
          "weight": 2,
          "functions": [
            {
              "function": "minecraft:limit_count",
              "limit": {
                "min": 6,
                "max": 12
              }
            }
          ]
        },
        {
          "type": "minecraft:item",
          "weight": 2,
          "name": "minecraft:chorus_fruit",
          "functions": [
            {
              "function": "minecraft:limit_count",
              "limit": {
                "min": {
                  "min": 4,
                  "max": 8
                }
			  }
            }
          ]
        },
        {
          "type": "minecraft:item",
          "weight": 3,
          "name": "minecraft:tipped_arrow",
          "functions": [
            {
              "function": "minecraft:limit_count",
              "limit": {
                "min": 2,
                "max": 4
              }
			},
            {
              "function": "set_nbt",
              "tag": "{display:{Name:'{\"text\":\"Lush Arrow\",\"color\":\"#2DD90B\",\"italic\":false}'},HideFlags:127,CustomPotionEffects:[{Id:18b,Amplifier:1b,Duration:140,ShowParticles:0b},{Id:19b,Amplifier:2b,Duration:140,ShowParticles:0b}],CustomPotionColor:1441549}"
            }
          ]
        },
        {
          "type": "minecraft:item",
          "weight": 3,
          "name": "minecraft:tipped_arrow",
          "functions": [
            {
              "function": "minecraft:limit_count",
              "limit": {
                "min": 8,
                "max": 16
              }
			},
            {
              "function": "set_nbt",
              "tag": "{display:{Name:'{\"text\":\"Glowy Arrow\",\"color\":\"#F0B71A\",\"italic\":false}'},HideFlags:127,CustomPotionEffects:[{Id:17b,Amplifier:29b,Duration:100,ShowParticles:0b},{Id:24b,Amplifier:1b,Duration:100,ShowParticles:0b}],CustomPotionColor:15775514}"
            }
          ]
        },
        {
          "type": "item",
          "weight": 2,
          "name": "minecraft:glow_item_frame",
          "functions": [
            {
              "function": "minecraft:limit_count",
              "limit": {
                "min": 5,
                "max": 10
              }
            },
            {
              "function": "set_nbt",
              "tag": "{display:{Name:'{\"text\":\"Invisible Glow Item Frame\",\"color\":\"aqua\",\"italic\":false}'},EntityTag:{Invisible:1b,Fixed:0b,block:invis}}"
            }
          ]
        },
        {
          "type": "minecraft:item",
          "name": "minecraft:chorus_plant",
          "weight": 2,
          "quality": 1,
          "functions": [
            {
              "function": "minecraft:limit_count",
              "limit": {
                "min": 1,
                "max": 2
              }
            }
          ]
        }
      ]
    }
  ]
}
