{
  "pools": [
    {
      "rolls": 10,
      "bonus_rolls": {
        "min": 1,
        "max": 6
      },
      "entries": [
        {
          "type": "minecraft:item",
          "name": "minecraft:reinforced_deepslate",
          "weight": 2,
          "functions": [
            {
              "function": "minecraft:set_count",
              "count": {
                "min": 1,
                "max": 2
              }
            }
          ]
        },
        {
          "type": "minecraft:item",
          "name": "minecraft:obsidian",
          "weight": 2,
          "functions": [
            {
              "function": "minecraft:set_count",
              "count": {
                "min": 15,
                "max": 30
              }
            }
          ]
        },
        {
          "type": "minecraft:item",
          "name": "minecraft:crying_obsidian",
          "weight": 2,
          "functions": [
            {
              "function": "minecraft:set_count",
              "count": {
                "min": 15,
                "max": 30
              }
            }
          ]
        },
        {
          "type": "minecraft:item",
          "name": "minecraft:sculk_shrieker",
          "weight": 2,
          "functions": [
            {
              "function": "minecraft:set_count",
              "count": 3
            },
            {
              "function": "minecraft:set_nbt",
              "tag": "{BlockStateTag:{can_summon:\"true\"}}"
            },
            {
              "function": "set_lore",
              "lore": [
                {
                  "text": "A Shrieker that can  ",
                  "color": "gray",
                  "italic": "false"
                },
                {
                  "text": "spawn the warden. ",
                  "color": "gray",
                  "italic": "false"
                }
              ]
            },
            {
              "function": "minecraft:set_name",
              "name": [
                {
                  "text": "Warden Shrieker",
                  "color": "aqua",
                  "italic": "false"
                }
              ]
            }
		  ]
		},
        {
          "type": "minecraft:item",
          "name": "minecraft:flint_and_steel",
          "weight": 3,
          "functions": [
            {
              "function": "minecraft:set_nbt",
              "tag": "{weapon:soul_steel}"
            },
            {
              "function": "set_name",
              "name": [
                {
                  "text": "Soul Flint and Steel",
                  "color": "aqua",
                  "italic": "false"
                }
              ]
            },
            {
              "function": "set_lore",
              "lore": [
                {
                  "text": "Ability:",
                  "color": "green",
                  "italic": "false"
                },
                {
                  "text": "Right Click on sculk-related blocks to",
                  "color": "gray",
                  "italic": "false"
                },
                {
                  "text": "clear a large area of them in an instant.",
                  "color": "gray",
                  "italic": "false"
                }
              ]
            },
            {
              "function": "minecraft:set_enchantments",
              "enchantments": {
                "minecraft:unbreaking": {
                  "min": 3,
                  "max": 10
                },
                "minecraft:mending": {
                  "min": 0,
                  "max": 1
                }
              }
            },
            {
              "function": "minecraft:set_damage",
              "damage": {
                "min": 10,
                "max": 60
              },
              "add": true
            }
          ]
        },
        {
          "type": "minecraft:item",
          "weight": 3,
          "name": "minecraft:dried_kelp",
          "functions": [
            {
              "function": "minecraft:set_count",
              "count": {
                "min": 12,
                "max": 24
              }
            },
            {
              "function": "minecraft:set_nbt",
              "tag": "{food:dark_meat,Enchantments:[{}]}"
            },
            {
              "function": "minecraft:set_name",
              "name": [
                {
                  "text": "Dark Meat",
                  "color": "aqua",
                  "italic": false
                }
              ]
            }
          ]
        },
        {
          "type": "minecraft:loot_table",
          "weight": 1,
          "name": "mt:chests/deep_dark_treasure/rift_axe",
          "conditions": [
            {
              "condition": "minecraft:random_chance",
              "chance": 0.5
            }
          ]
        },
        {
          "type": "minecraft:loot_table",
          "weight": 1,
          "name": "mt:chests/deep_dark_treasure/deep_dark_legs",
          "conditions": [
            {
              "condition": "minecraft:random_chance",
              "chance": 0.5
            }
          ]
        },
        {
          "type": "minecraft:item",
          "name": "minecraft:diamond_block",
          "weight": 3,
          "functions": [
            {
              "function": "minecraft:set_count",
              "count": {
                "min": 1,
                "max": 2
              }
            }
          ]
        },
        {
          "type": "minecraft:item",
          "name": "minecraft:lapis_block",
          "weight": 3,
          "functions": [
            {
              "function": "minecraft:set_count",
              "count": {
                "min": 4,
                "max": 8
              }
            }
          ]
        },
        {
          "type": "minecraft:item",
          "name": "minecraft:sculk_sensor",
          "weight": 3,
          "functions": [
            {
              "function": "minecraft:set_count",
              "count": {
                "min": 32,
                "max": 64
              }
            }
          ]
        },
        {
          "type": "minecraft:item",
          "name": "minecraft:nether_star",
          "weight": 2,
          "functions": [
            {
              "function": "minecraft:set_count",
              "count": {
                "min": 1,
                "max": 2
              }
            }
          ]
        },
        {
          "type": "minecraft:item",
          "name": "minecraft:netherite_ingot",
          "weight": 3,
          "functions": [
            {
              "function": "minecraft:set_count",
              "count": {
                "min": 1,
                "max": 2
              }
            }
          ]
        },
        {
          "type": "minecraft:item",
          "name": "minecraft:budding_amethyst",
          "weight": 3,
          "functions": [
            {
              "function": "minecraft:set_count",
              "count": {
                "min": 32,
                "max": 64
              }
            }
          ]
        },
        {
          "type": "minecraft:item",
          "name": "minecraft:netherite_pickaxe",
          "weight": 2,
          "functions": [
            {
              "function": "minecraft:set_enchantments",
              "enchantments": {
                "minecraft:silk_touch": {
                  "min": 0,
                  "max": 1
                },
                "minecraft:efficiency": {
                  "min": 4,
                  "max": 10
                },
                "minecraft:unbreaking": {
                  "min": 4,
                  "max": 10
                },
                "minecraft:mending": {
                  "min": 0,
                  "max": 1
                },
                "minecraft:sharpness": {
                  "min": 0,
                  "max": 3
                }
              }
            },
            {
              "function": "minecraft:set_attributes",
              "modifiers": [
                {
                  "attribute": "minecraft:generic.attack_speed",
                  "name": "minecraft:generic.attack_speed",
                  "amount": {
                    "min": 1.4,
                    "max": 1.4
                  },
                  "operation": "addition",
                  "slot": "mainhand"
                },
                {
                  "attribute": "minecraft:generic.attack_speed",
                  "name": "minecraft:generic.attack_speed",
                  "amount": -4,
                  "operation": "addition",
                  "slot": "mainhand"
                },
                {
                  "attribute": "minecraft:generic.attack_damage",
                  "name": "minecraft:generic.attack_damage",
                  "amount": {
                    "min": 10,
                    "max": 10
                  },
                  "operation": "addition",
                  "slot": "mainhand"
                }
              ]
            },
            {
              "function": "minecraft:set_nbt",
              "tag": "{HideFlags:2}"
            },
            {
              "function": "set_nbt",
              "tag": "{tool:ddarkpick}"
            },
            {
              "function": "set_name",
              "name": [
                {
                  "text": "Deep Dark Netherite Pickaxe",
                  "color": "gold",
                  "italic": "false"
                }
              ]
            },
			{
              "function": "minecraft:set_lore",
              "lore": [
                {
                  "text": "  "
                },
                {
                  "text": "When in Main Hand:",
                  "color": "gray",
                  "italic": false
                },
                {
                  "text": " 11 Attack Damage",
                  "color": "dark_green",
                  "italic": false
                },
                {
                  "text": " 1.4 Attack Speed",
                  "color": "dark_green",
                  "italic": false
                }
              ]
            }
          ]
        },
        {
          "type": "minecraft:item",
          "name": "minecraft:black_shulker_box",
          "weight": 3,
          "functions": [
            {
              "function": "minecraft:set_contents",
              "type": "minecraft:shulker_box",
              "entries": [
                {
                  "type": "minecraft:loot_table",
                  "name": "mt:chests/deep_dark_treasure/deepdark_epic_treasure"
                }
              ]
            }
          ],
          "conditions": [
            {
              "condition": "minecraft:random_chance",
              "chance": 0.5
            }
          ]
        },
        {
          "type": "minecraft:item",
          "name": "minecraft:golden_apple",
          "weight": 3,
          "functions": [
            {
              "function": "minecraft:set_count",
              "count": {
                "min": 6,
                "max": 12
              }
            }
          ]
		},
        {
          "type": "minecraft:item",
          "name": "minecraft:enchanted_golden_apple",
          "weight": 2,
          "functions": [
            {
              "function": "minecraft:set_count",
              "count": {
                "min": 3,
                "max": 6
              }
            }
          ]
		}		
	  ]
    }
  ]
}